CustomerID,PurchaseFrequency,CohortMonth,FrequencySegment
12346,1,,Low Frequency
12347,7,01-12-2010,High Frequency
12348,4,01-04-2011,Medium Frequency
12349,1,,Low Frequency
12350,1,01-02-2011,Low Frequency
12352,8,01-03-2011,High Frequency
12353,1,,Low Frequency
12354,1,,Low Frequency
12355,1,01-05-2011,Low Frequency
12356,3,01-04-2011,Medium Frequency
12357,1,01-11-2011,Low Frequency
12358,2,01-07-2011,Medium Frequency
12359,4,01-01-2011,Medium Frequency
12360,3,,Medium Frequency
12361,1,,Low Frequency
12362,10,01-07-2011,High Frequency
12363,2,01-04-2011,Medium Frequency
12364,4,01-12-2011,Medium Frequency
12365,2,,Medium Frequency
12367,1,01-12-2011,Low Frequency
12370,4,01-03-2011,Medium Frequency
12371,2,01-10-2011,Medium Frequency
12372,3,01-05-2011,Medium Frequency
12373,1,01-02-2011,Low Frequency
12374,1,,Low Frequency
12375,2,01-09-2011,Medium Frequency
12377,2,,Medium Frequency
12378,1,01-08-2011,Low Frequency
12379,2,,Medium Frequency
12380,4,01-06-2011,Medium Frequency
12381,5,01-08-2011,High Frequency
12383,5,01-01-2011,High Frequency
12384,2,01-08-2011,Medium Frequency
12386,2,01-12-2010,Medium Frequency
12388,6,01-02-2011,High Frequency
12390,1,,Low Frequency
12391,1,,Low Frequency
12393,4,01-01-2011,Medium Frequency
12394,2,01-05-2011,Medium Frequency
12395,12,01-12-2010,High Frequency
12397,2,01-11-2011,Medium Frequency
12398,1,,Low Frequency
12399,4,01-05-2011,Medium Frequency
12401,1,01-02-2011,Low Frequency
12402,1,,Low Frequency
12403,1,,Low Frequency
12405,1,,Low Frequency
12406,2,01-06-2011,Medium Frequency
12407,5,01-07-2011,High Frequency
12408,5,01-09-2011,High Frequency
12409,3,01-06-2011,Medium Frequency
12410,2,01-02-2011,Medium Frequency
12412,3,,Medium Frequency
12413,3,01-01-2011,Medium Frequency
12414,3,01-02-2011,Medium Frequency
12415,21,01-01-2011,High Frequency
12417,9,01-03-2011,High Frequency
12418,1,,Low Frequency
12420,1,01-10-2011,Low Frequency
12421,4,,Medium Frequency
12422,3,01-09-2011,Medium Frequency
12423,8,01-04-2011,High Frequency
12424,2,,Medium Frequency
12425,1,,Low Frequency
12426,1,,Low Frequency
12427,3,01-12-2010,Medium Frequency
12428,9,01-03-2011,High Frequency
12429,4,01-12-2010,Medium Frequency
12430,1,,Low Frequency
12431,15,01-12-2010,High Frequency
12432,5,,High Frequency
12433,7,01-12-2010,High Frequency
12434,2,,Medium Frequency
12435,2,,Medium Frequency
12436,1,01-09-2011,Low Frequency
12437,18,01-01-2011,High Frequency
12438,2,,Medium Frequency
12441,1,01-12-2010,Low Frequency
12442,1,01-12-2011,Low Frequency
12444,5,01-08-2011,High Frequency
12445,1,,Low Frequency
12446,1,,Low Frequency
12447,1,01-04-2011,Low Frequency
12448,1,,Low Frequency
12449,4,01-06-2011,Medium Frequency
12450,2,01-07-2011,Medium Frequency
12451,5,01-05-2011,High Frequency
12452,2,,Medium Frequency
12453,1,,Low Frequency
12454,1,,Low Frequency
12455,6,01-06-2011,High Frequency
12456,3,,Medium Frequency
12457,7,01-10-2011,High Frequency
12458,2,,Medium Frequency
12461,2,01-07-2011,Medium Frequency
12462,2,01-02-2011,Medium Frequency
12463,4,01-04-2011,Medium Frequency
12464,8,01-02-2011,High Frequency
12465,2,,Medium Frequency
12468,2,01-06-2011,Medium Frequency
12471,30,01-12-2010,High Frequency
12472,7,01-12-2010,High Frequency
12473,5,01-06-2011,High Frequency
12474,18,01-07-2011,High Frequency
12475,1,,Low Frequency
12476,11,01-05-2011,High Frequency
12477,6,01-02-2011,High Frequency
12478,1,01-12-2011,Low Frequency
12479,1,,Low Frequency
12480,4,01-01-2011,Medium Frequency
12481,10,01-12-2010,High Frequency
12483,8,01-01-2011,High Frequency
12484,6,01-01-2011,High Frequency
12488,3,,Medium Frequency
12489,1,01-01-2011,Low Frequency
12490,10,01-05-2011,High Frequency
12491,1,01-11-2011,Low Frequency
12492,2,01-10-2011,Medium Frequency
12493,2,,Medium Frequency
12494,7,01-12-2010,High Frequency
12497,1,,Low Frequency
12498,3,,Medium Frequency
12500,11,01-01-2011,High Frequency
12501,1,01-01-2011,Low Frequency
12502,5,01-02-2011,High Frequency
12504,2,01-11-2011,Medium Frequency
12506,1,,Low Frequency
12507,3,01-07-2011,Medium Frequency
12508,2,01-11-2011,Medium Frequency
12509,1,,Low Frequency
12510,2,,Medium Frequency
12512,2,01-10-2011,Medium Frequency
12513,1,,Low Frequency
12514,1,,Low Frequency
12515,1,,Low Frequency
12516,2,01-06-2011,Medium Frequency
12517,5,01-06-2011,High Frequency
12518,5,01-10-2011,High Frequency
12519,1,01-10-2011,Low Frequency
12520,5,01-03-2011,High Frequency
12521,1,,Low Frequency
12522,2,,Medium Frequency
12523,11,01-01-2011,High Frequency
12524,8,01-01-2011,High Frequency
12526,3,01-09-2011,Medium Frequency
12527,3,,Medium Frequency
12528,6,01-03-2011,High Frequency
12530,4,01-01-2011,Medium Frequency
12531,1,,Low Frequency
12532,1,01-11-2011,Low Frequency
12534,1,01-08-2011,Low Frequency
12535,2,01-06-2011,Medium Frequency
12536,3,01-10-2011,Medium Frequency
12538,1,01-11-2011,Low Frequency
12539,4,01-01-2011,Medium Frequency
12540,17,01-01-2011,High Frequency
12541,3,01-03-2011,Medium Frequency
12544,1,01-11-2011,Low Frequency
12545,2,,Medium Frequency
12546,2,,Medium Frequency
12547,2,01-03-2011,Medium Frequency
12548,1,,Low Frequency
12550,1,,Low Frequency
12551,1,,Low Frequency
12552,2,01-11-2011,Medium Frequency
12553,10,01-03-2011,High Frequency
12556,2,01-07-2011,Medium Frequency
12557,5,01-12-2010,High Frequency
12558,1,01-12-2011,Low Frequency
12559,2,01-02-2011,Medium Frequency
12560,3,01-12-2011,Medium Frequency
12561,1,01-02-2011,Low Frequency
12562,7,01-08-2011,High Frequency
12564,1,,Low Frequency
12565,1,,Low Frequency
12566,1,,Low Frequency
12567,10,01-12-2010,High Frequency
12569,32,01-04-2011,High Frequency
12571,2,01-08-2011,Medium Frequency
12572,2,01-12-2011,Medium Frequency
12573,1,,Low Frequency
12574,1,,Low Frequency
12576,5,01-02-2011,High Frequency
12577,3,01-11-2011,Medium Frequency
12578,2,,Medium Frequency
12579,1,,Low Frequency
12580,1,01-04-2011,Low Frequency
12581,1,,Low Frequency
12582,2,,Medium Frequency
12583,15,01-12-2010,High Frequency
12584,9,01-03-2011,High Frequency
12585,2,,Medium Frequency
12586,1,,Low Frequency
12587,1,01-12-2011,Low Frequency
12588,1,,Low Frequency
12589,2,01-11-2011,Medium Frequency
12590,2,01-05-2011,Medium Frequency
12591,1,,Low Frequency
12592,2,01-05-2011,Medium Frequency
12593,3,01-05-2011,Medium Frequency
12594,10,01-06-2011,High Frequency
12596,2,01-04-2011,Medium Frequency
12597,4,01-06-2011,Medium Frequency
12598,8,01-05-2011,High Frequency
12599,7,01-02-2011,High Frequency
12600,10,01-12-2010,High Frequency
12601,5,01-01-2011,High Frequency
12602,1,01-10-2011,Low Frequency
12603,1,,Low Frequency
12604,2,,Medium Frequency
12607,1,01-10-2011,Low Frequency
12609,3,01-06-2011,Medium Frequency
12610,5,01-08-2011,High Frequency
12611,1,,Low Frequency
12612,1,,Low Frequency
12613,5,,High Frequency
12614,1,01-03-2011,Low Frequency
12615,4,01-11-2011,Medium Frequency
12616,2,01-09-2011,Medium Frequency
12617,1,01-11-2011,Low Frequency
12618,1,,Low Frequency
12619,9,01-07-2011,High Frequency
12620,3,,Medium Frequency
12621,20,01-12-2010,High Frequency
12622,1,,Low Frequency
12623,1,01-03-2011,Low Frequency
12624,2,,Medium Frequency
12625,2,01-05-2011,Medium Frequency
12626,9,01-08-2011,High Frequency
12627,7,01-08-2011,High Frequency
12628,3,01-10-2011,Medium Frequency
12630,2,,Medium Frequency
12631,1,,Low Frequency
12633,4,01-08-2011,Medium Frequency
12635,2,01-07-2011,Medium Frequency
12637,8,01-07-2011,High Frequency
12638,1,01-11-2011,Low Frequency
12639,1,,Low Frequency
12640,3,,Medium Frequency
12641,1,,Low Frequency
12642,3,,Medium Frequency
12643,6,01-01-2011,High Frequency
12644,1,01-08-2011,Low Frequency
12645,4,01-05-2011,Medium Frequency
12646,2,01-12-2011,Medium Frequency
12647,12,01-12-2010,High Frequency
12648,1,01-07-2011,Low Frequency
12649,3,01-05-2011,Medium Frequency
12650,1,01-12-2011,Low Frequency
12651,1,01-01-2011,Low Frequency
12652,1,01-01-2011,Low Frequency
12653,2,,Medium Frequency
12654,5,01-11-2011,High Frequency
12656,5,,High Frequency
12657,4,,Medium Frequency
12658,1,,Low Frequency
12659,1,01-11-2011,Low Frequency
12660,1,,Low Frequency
12662,11,01-12-2010,High Frequency
12664,9,01-10-2011,High Frequency
12665,1,,Low Frequency
12667,1,01-10-2011,Low Frequency
12668,4,,Medium Frequency
12669,3,01-04-2011,Medium Frequency
12670,5,01-09-2011,High Frequency
12672,1,,Low Frequency
12673,2,01-12-2011,Medium Frequency
12674,4,01-09-2011,Medium Frequency
12676,6,01-02-2011,High Frequency
12678,12,01-04-2011,High Frequency
12679,4,01-03-2011,Medium Frequency
12680,4,01-09-2011,Medium Frequency
12681,22,01-12-2010,High Frequency
12682,31,01-12-2010,High Frequency
12683,15,01-12-2010,High Frequency
12684,7,01-05-2011,High Frequency
12685,6,01-09-2011,High Frequency
12686,1,01-12-2010,Low Frequency
12688,1,,Low Frequency
12689,2,01-08-2011,Medium Frequency
12690,1,,Low Frequency
12691,6,01-10-2011,High Frequency
12693,4,01-05-2011,Medium Frequency
12694,2,01-06-2011,Medium Frequency
12695,4,01-10-2011,Medium Frequency
12697,3,01-11-2011,Medium Frequency
12700,4,01-05-2011,Medium Frequency
12701,2,01-04-2011,Medium Frequency
12702,1,,Low Frequency
12703,1,,Low Frequency
12704,8,01-08-2011,High Frequency
12705,9,01-04-2011,High Frequency
12707,1,,Low Frequency
12708,10,01-12-2010,High Frequency
12709,15,01-12-2010,High Frequency
12710,3,01-07-2011,Medium Frequency
12712,13,01-12-2010,High Frequency
12713,1,01-12-2011,Low Frequency
12714,5,,High Frequency
12715,1,,Low Frequency
12716,2,01-12-2011,Medium Frequency
12717,2,01-04-2011,Medium Frequency
12718,1,,Low Frequency
12719,2,01-10-2011,Medium Frequency
12720,25,01-12-2010,High Frequency
12721,6,01-02-2011,High Frequency
12722,4,01-07-2011,Medium Frequency
12723,5,01-10-2011,High Frequency
12724,4,01-01-2011,Medium Frequency
12725,1,01-12-2010,Low Frequency
12726,7,01-05-2011,High Frequency
12727,7,01-03-2011,High Frequency
12728,4,01-01-2011,Medium Frequency
12729,1,,Low Frequency
12731,12,01-12-2010,High Frequency
12732,1,,Low Frequency
12733,1,,Low Frequency
12734,1,,Low Frequency
12735,2,01-01-2011,Medium Frequency
12736,1,01-01-2011,Low Frequency
12738,1,01-12-2010,Low Frequency
12739,2,01-09-2011,Medium Frequency
12740,1,01-10-2011,Low Frequency
12743,2,,Medium Frequency
12744,7,01-04-2011,High Frequency
12747,11,01-12-2010,High Frequency
12748,209,01-12-2010,High Frequency
12749,5,01-05-2011,High Frequency
12750,1,01-08-2011,Low Frequency
12752,1,,Low Frequency
12753,6,01-12-2010,High Frequency
12754,3,01-02-2011,Medium Frequency
12755,2,01-12-2010,Medium Frequency
12756,1,,Low Frequency
12757,13,01-05-2011,High Frequency
12758,2,01-03-2011,Medium Frequency
12759,3,01-03-2011,Medium Frequency
12762,2,01-12-2011,Medium Frequency
12763,2,01-12-2010,Medium Frequency
12764,1,,Low Frequency
12766,7,01-12-2010,High Frequency
12769,1,,Low Frequency
12770,1,,Low Frequency
12772,1,01-10-2011,Low Frequency
12775,5,01-02-2011,High Frequency
12778,6,01-06-2011,High Frequency
12779,8,01-12-2010,High Frequency
12781,2,01-10-2011,Medium Frequency
12782,5,01-12-2011,High Frequency
12783,6,01-11-2011,High Frequency
12784,2,,Medium Frequency
12785,1,01-12-2010,Low Frequency
12787,3,01-09-2011,Medium Frequency
12789,1,01-10-2011,Low Frequency
12790,1,,Low Frequency
12791,1,01-12-2010,Low Frequency
12792,1,,Low Frequency
12793,2,01-12-2010,Medium Frequency
12794,2,01-09-2011,Medium Frequency
12795,1,,Low Frequency
12797,1,01-12-2010,Low Frequency
12798,3,,Medium Frequency
12802,1,01-06-2011,Low Frequency
12808,3,01-12-2010,Medium Frequency
12809,1,,Low Frequency
12811,3,,Medium Frequency
12812,1,,Low Frequency
12814,1,,Low Frequency
12815,2,,Medium Frequency
12816,2,01-09-2011,Medium Frequency
12817,1,01-03-2011,Low Frequency
12818,1,,Low Frequency
12820,4,01-12-2011,Medium Frequency
12821,1,01-05-2011,Low Frequency
12822,2,,Medium Frequency
12823,5,01-08-2011,High Frequency
12824,1,01-10-2011,Low Frequency
12826,7,01-12-2010,High Frequency
12827,3,01-11-2011,Medium Frequency
12828,6,01-08-2011,High Frequency
12829,2,01-01-2011,Medium Frequency
12830,6,01-07-2011,High Frequency
12831,1,,Low Frequency
12832,2,01-09-2011,Medium Frequency
12833,1,,Low Frequency
12834,1,01-03-2011,Low Frequency
12836,4,01-02-2011,Medium Frequency
12837,1,,Low Frequency
12838,2,01-12-2010,Medium Frequency
12839,14,01-12-2010,High Frequency
12840,4,01-05-2011,Medium Frequency
12841,25,01-12-2010,High Frequency
12842,2,01-02-2011,Medium Frequency
12843,8,01-05-2011,High Frequency
12844,2,01-08-2011,Medium Frequency
12845,4,,Medium Frequency
12847,1,,Low Frequency
12849,2,01-11-2011,Medium Frequency
12851,1,01-09-2011,Low Frequency
12852,1,,Low Frequency
12853,6,,High Frequency
12854,3,01-04-2011,Medium Frequency
12855,1,01-12-2010,Low Frequency
12856,6,01-10-2011,High Frequency
12857,2,01-02-2011,Medium Frequency
12863,1,,Low Frequency
12864,1,,Low Frequency
12865,2,01-08-2011,Medium Frequency
12866,1,01-03-2011,Low Frequency
12867,7,01-05-2011,High Frequency
12868,6,01-12-2010,High Frequency
12871,2,,Medium Frequency
12872,2,01-12-2010,Medium Frequency
12873,1,01-03-2011,Low Frequency
12875,2,01-12-2010,Medium Frequency
12876,2,,Medium Frequency
12877,12,01-04-2011,High Frequency
12878,2,,Medium Frequency
12879,3,01-09-2011,Medium Frequency
12881,1,01-03-2011,Low Frequency
12882,2,01-11-2011,Medium Frequency
12883,4,01-09-2011,Medium Frequency
12884,1,01-09-2011,Low Frequency
12885,3,01-08-2011,Medium Frequency
12886,2,01-05-2011,Medium Frequency
12888,2,01-05-2011,Medium Frequency
12890,1,,Low Frequency
12891,3,01-05-2011,Medium Frequency
12893,1,01-11-2011,Low Frequency
12895,2,,Medium Frequency
12897,2,01-02-2011,Medium Frequency
12901,28,01-04-2011,High Frequency
12902,1,,Low Frequency
12904,2,,Medium Frequency
12906,5,,High Frequency
12908,2,,Medium Frequency
12909,5,,High Frequency
12910,8,01-04-2011,High Frequency
12912,5,01-12-2011,High Frequency
12913,5,01-12-2010,High Frequency
12915,2,01-12-2010,Medium Frequency
12916,4,,Medium Frequency
12917,1,01-08-2011,Low Frequency
12919,6,01-07-2011,High Frequency
12920,1,,Low Frequency
12921,37,01-12-2010,High Frequency
12922,1,01-07-2011,Low Frequency
12923,1,01-10-2011,Low Frequency
12924,4,01-03-2011,Medium Frequency
12925,2,01-12-2011,Medium Frequency
12928,5,01-04-2011,High Frequency
12929,1,01-02-2011,Low Frequency
12930,2,,Medium Frequency
12931,15,01-08-2011,High Frequency
12933,3,01-03-2011,Medium Frequency
12935,7,01-12-2011,High Frequency
12936,4,,Medium Frequency
12937,4,,Medium Frequency
12938,1,,Low Frequency
12939,8,01-01-2011,High Frequency
12940,2,,Medium Frequency
12942,3,01-12-2010,Medium Frequency
12944,2,01-11-2011,Medium Frequency
12945,1,,Low Frequency
12947,6,01-12-2010,High Frequency
12948,7,01-05-2011,High Frequency
12949,8,01-04-2011,High Frequency
12950,3,01-12-2011,Medium Frequency
12951,6,01-04-2011,High Frequency
12952,4,01-12-2011,Medium Frequency
12953,1,,Low Frequency
12955,11,01-05-2011,High Frequency
12956,1,01-02-2011,Low Frequency
12957,8,01-01-2011,High Frequency
12962,2,01-12-2011,Medium Frequency
12963,8,01-12-2010,High Frequency
12965,1,01-09-2011,Low Frequency
12966,1,,Low Frequency
12967,2,01-12-2010,Medium Frequency
12968,1,,Low Frequency
12970,4,01-12-2011,Medium Frequency
12971,86,01-12-2010,High Frequency
12974,1,,Low Frequency
12976,1,01-05-2011,Low Frequency
12977,1,01-07-2011,Low Frequency
12980,9,01-01-2011,High Frequency
12981,2,01-11-2011,Medium Frequency
12982,1,01-04-2011,Low Frequency
12984,1,,Low Frequency
12985,2,01-11-2011,Medium Frequency
12987,2,,Medium Frequency
12988,1,,Low Frequency
12989,15,01-12-2010,High Frequency
12990,3,01-02-2011,Medium Frequency
12991,2,,Medium Frequency
12993,4,01-08-2011,Medium Frequency
12994,3,01-08-2011,Medium Frequency
12995,1,,Low Frequency
12997,4,01-09-2011,Medium Frequency
12999,3,01-04-2011,Medium Frequency
13000,3,01-12-2010,Medium Frequency
13001,13,01-03-2011,High Frequency
13002,1,,Low Frequency
13003,3,01-05-2011,Medium Frequency
13004,18,01-01-2011,High Frequency
13005,2,01-04-2011,Medium Frequency
13006,1,,Low Frequency
13008,1,,Low Frequency
13011,1,01-12-2010,Low Frequency
13012,8,01-05-2011,High Frequency
13013,13,01-12-2010,High Frequency
13014,10,01-03-2011,High Frequency
13015,5,01-04-2011,High Frequency
13016,3,01-08-2011,Medium Frequency
13017,1,01-12-2011,Low Frequency
13018,28,01-04-2011,High Frequency
13021,9,01-05-2011,High Frequency
13023,2,01-08-2011,Medium Frequency
13026,5,01-03-2011,High Frequency
13027,6,01-07-2011,High Frequency
13028,2,,Medium Frequency
13029,3,01-11-2011,Medium Frequency
13030,2,01-12-2010,Medium Frequency
13032,2,,Medium Frequency
13033,1,,Low Frequency
13034,2,01-12-2010,Medium Frequency
13035,2,,Medium Frequency
13037,3,01-05-2011,Medium Frequency
13038,3,01-06-2011,Medium Frequency
13040,2,01-11-2011,Medium Frequency
13043,1,01-03-2011,Low Frequency
13044,1,,Low Frequency
13045,1,01-09-2011,Low Frequency
13046,2,01-11-2011,Medium Frequency
13047,10,01-12-2010,High Frequency
13048,4,,Medium Frequency
13049,2,01-10-2011,Medium Frequency
13050,17,01-12-2010,High Frequency
13052,1,01-05-2011,Low Frequency
13055,3,01-05-2011,Medium Frequency
13058,3,01-07-2011,Medium Frequency
13059,1,01-04-2011,Low Frequency
13060,1,,Low Frequency
13061,1,,Low Frequency
13062,1,01-06-2011,Low Frequency
13064,4,01-07-2011,Medium Frequency
13065,1,01-12-2010,Low Frequency
13066,2,01-11-2011,Medium Frequency
13067,1,,Low Frequency
13068,2,,Medium Frequency
13069,24,01-12-2010,High Frequency
13070,1,,Low Frequency
13072,1,,Low Frequency
13075,1,01-08-2011,Low Frequency
13077,4,01-12-2010,Medium Frequency
13078,26,01-12-2010,High Frequency
13079,5,01-09-2011,High Frequency
13080,1,,Low Frequency
13081,11,01-12-2010,High Frequency
13082,9,01-01-2011,High Frequency
13083,2,01-12-2011,Medium Frequency
13085,2,01-07-2011,Medium Frequency
13089,97,01-12-2010,High Frequency
13090,14,01-12-2010,High Frequency
13091,1,01-11-2011,Low Frequency
13092,5,01-03-2011,High Frequency
13093,8,01-12-2010,High Frequency
13094,12,01-12-2010,High Frequency
13095,1,,Low Frequency
13097,10,01-01-2011,High Frequency
13098,28,01-02-2011,High Frequency
13099,1,01-09-2011,Low Frequency
13101,1,,Low Frequency
13102,24,01-12-2010,High Frequency
13103,1,,Low Frequency
13104,6,01-12-2011,High Frequency
13106,1,,Low Frequency
13107,4,01-01-2011,Medium Frequency
13108,1,01-12-2010,Low Frequency
13109,2,01-07-2011,Medium Frequency
13110,7,01-02-2011,High Frequency
13113,24,01-12-2010,High Frequency
13115,4,01-06-2011,Medium Frequency
13116,1,,Low Frequency
13117,8,01-12-2010,High Frequency
13118,5,,High Frequency
13120,1,,Low Frequency
13121,1,,Low Frequency
13122,2,01-09-2011,Medium Frequency
13124,3,01-04-2011,Medium Frequency
13126,8,01-12-2010,High Frequency
13127,1,,Low Frequency
13130,1,01-09-2011,Low Frequency
13131,3,01-06-2011,Medium Frequency
13132,1,,Low Frequency
13133,2,01-02-2011,Medium Frequency
13134,4,01-06-2011,Medium Frequency
13135,1,,Low Frequency
13136,5,01-05-2011,High Frequency
13137,8,01-02-2011,High Frequency
13138,6,01-12-2010,High Frequency
13139,7,01-05-2011,High Frequency
13140,3,01-12-2010,Medium Frequency
13141,5,01-05-2011,High Frequency
13142,1,,Low Frequency
13144,1,01-01-2011,Low Frequency
13145,4,01-12-2010,Medium Frequency
13146,1,,Low Frequency
13147,4,01-09-2011,Medium Frequency
13148,12,01-12-2010,High Frequency
13149,4,,Medium Frequency
13151,1,,Low Frequency
13153,1,01-12-2011,Low Frequency
13155,4,01-12-2010,Medium Frequency
13157,4,01-04-2011,Medium Frequency
13158,4,01-07-2011,Medium Frequency
13159,4,01-12-2011,Medium Frequency
13160,1,,Low Frequency
13161,1,,Low Frequency
13162,4,01-01-2011,Medium Frequency
13165,2,,Medium Frequency
13166,1,01-03-2011,Low Frequency
13167,4,01-08-2011,Medium Frequency
13168,4,01-11-2011,Medium Frequency
13169,2,01-04-2011,Medium Frequency
13170,1,,Low Frequency
13171,3,,Medium Frequency
13173,2,01-12-2010,Medium Frequency
13174,3,01-12-2010,Medium Frequency
13176,1,,Low Frequency
13177,1,01-10-2011,Low Frequency
13178,11,01-04-2011,High Frequency
13182,1,,Low Frequency
13183,9,01-01-2011,High Frequency
13184,10,01-04-2011,High Frequency
13185,1,,Low Frequency
13186,3,01-08-2011,Medium Frequency
13187,1,01-01-2011,Low Frequency
13188,1,,Low Frequency
13189,2,,Medium Frequency
13192,2,01-09-2011,Medium Frequency
13193,1,01-10-2011,Low Frequency
13194,1,,Low Frequency
13196,4,,Medium Frequency
13198,6,01-04-2011,High Frequency
13199,38,01-12-2010,High Frequency
13200,4,01-08-2011,Medium Frequency
13203,4,01-04-2011,Medium Frequency
13207,2,01-07-2011,Medium Frequency
13208,6,01-02-2011,High Frequency
13209,8,01-08-2011,High Frequency
13210,1,01-09-2011,Low Frequency
13211,3,01-09-2011,Medium Frequency
13212,3,01-10-2011,Medium Frequency
13213,5,01-06-2011,High Frequency
13216,1,,Low Frequency
13217,3,01-07-2011,Medium Frequency
13218,1,01-08-2011,Low Frequency
13220,4,01-05-2011,Medium Frequency
13221,2,,Medium Frequency
13223,2,,Medium Frequency
13224,2,01-07-2011,Medium Frequency
13225,7,01-01-2011,High Frequency
13226,1,01-03-2011,Low Frequency
13227,1,,Low Frequency
13228,1,,Low Frequency
13229,1,,Low Frequency
13230,14,01-12-2010,High Frequency
13232,7,01-04-2011,High Frequency
13233,2,01-01-2011,Medium Frequency
13235,1,01-05-2011,Low Frequency
13236,2,,Medium Frequency
13238,4,,Medium Frequency
13239,1,,Low Frequency
13240,4,01-12-2010,Medium Frequency
13242,3,01-05-2011,Medium Frequency
13243,1,,Low Frequency
13244,1,01-09-2011,Low Frequency
13245,1,,Low Frequency
13246,6,,High Frequency
13247,4,,Medium Frequency
13248,2,01-06-2011,Medium Frequency
13249,3,01-09-2011,Medium Frequency
13253,2,01-01-2011,Medium Frequency
13255,2,01-12-2010,Medium Frequency
13258,3,,Medium Frequency
13259,1,01-10-2011,Low Frequency
13260,1,01-10-2011,Low Frequency
13261,2,,Medium Frequency
13262,1,,Low Frequency
13263,35,01-03-2011,High Frequency
13265,5,01-03-2011,High Frequency
13266,12,01-04-2011,High Frequency
13267,19,01-12-2010,High Frequency
13268,11,01-04-2011,High Frequency
13269,15,01-12-2010,High Frequency
13270,1,01-12-2010,Low Frequency
13271,1,01-11-2011,Low Frequency
13272,2,01-09-2011,Medium Frequency
13273,1,,Low Frequency
13276,2,01-09-2011,Medium Frequency
13277,4,,Medium Frequency
13278,1,,Low Frequency
13279,1,,Low Frequency
13280,3,01-01-2011,Medium Frequency
13282,3,01-05-2011,Medium Frequency
13283,2,01-06-2011,Medium Frequency
13284,1,,Low Frequency
13285,4,01-07-2011,Medium Frequency
13291,1,01-07-2011,Low Frequency
13292,2,01-11-2011,Medium Frequency
13294,2,01-04-2011,Medium Frequency
13295,1,,Low Frequency
13296,1,,Low Frequency
13297,4,01-10-2011,Medium Frequency
13298,1,01-12-2011,Low Frequency
13299,1,,Low Frequency
13300,1,,Low Frequency
13301,4,01-05-2011,Medium Frequency
13302,1,01-07-2011,Low Frequency
13304,1,,Low Frequency
13305,10,01-12-2010,High Frequency
13307,1,01-08-2011,Low Frequency
13308,3,,Medium Frequency
13309,5,01-02-2011,High Frequency
13310,3,01-11-2011,Medium Frequency
13311,2,01-07-2011,Medium Frequency
13313,5,01-01-2011,High Frequency
13314,3,01-10-2011,Medium Frequency
13316,4,01-11-2011,Medium Frequency
13317,6,01-10-2011,High Frequency
13318,3,01-11-2011,Medium Frequency
13319,26,01-12-2010,High Frequency
13320,4,01-05-2011,Medium Frequency
13321,2,,Medium Frequency
13322,1,,Low Frequency
13323,5,01-11-2011,High Frequency
13324,10,01-04-2011,High Frequency
13325,1,,Low Frequency
13327,8,01-12-2010,High Frequency
13328,1,,Low Frequency
13329,2,01-12-2010,Medium Frequency
13330,3,01-06-2011,Medium Frequency
13332,1,,Low Frequency
13334,3,01-02-2011,Medium Frequency
13336,1,,Low Frequency
13338,1,01-07-2011,Low Frequency
13339,1,,Low Frequency
13340,7,01-03-2011,High Frequency
13341,1,,Low Frequency
13343,1,,Low Frequency
13344,3,01-03-2011,Medium Frequency
13345,1,,Low Frequency
13347,1,,Low Frequency
13348,1,01-10-2011,Low Frequency
13349,1,,Low Frequency
13350,2,,Medium Frequency
13351,1,01-10-2011,Low Frequency
13352,1,01-10-2011,Low Frequency
13354,1,,Low Frequency
13355,1,01-08-2011,Low Frequency
13356,1,,Low Frequency
13357,1,,Low Frequency
13358,1,,Low Frequency
13359,1,01-10-2011,Low Frequency
13362,4,01-04-2011,Medium Frequency
13363,2,,Medium Frequency
13364,1,,Low Frequency
13365,2,01-05-2011,Medium Frequency
13366,1,,Low Frequency
13368,2,01-01-2011,Medium Frequency
13369,1,01-12-2010,Low Frequency
13370,1,01-12-2010,Low Frequency
13372,1,01-09-2011,Low Frequency
13373,3,01-03-2011,Medium Frequency
13375,1,01-09-2011,Low Frequency
13376,3,01-09-2011,Medium Frequency
13379,3,01-10-2011,Medium Frequency
13381,6,01-09-2011,High Frequency
13382,1,01-03-2011,Low Frequency
13384,7,01-08-2011,High Frequency
13385,1,,Low Frequency
13388,2,,Medium Frequency
13389,3,,Medium Frequency
13390,1,,Low Frequency
13391,1,,Low Frequency
13394,8,01-02-2011,High Frequency
13395,1,01-06-2011,Low Frequency
13396,2,01-11-2011,Medium Frequency
13397,5,01-01-2011,High Frequency
13398,1,,Low Frequency
13402,2,01-12-2010,Medium Frequency
13403,1,,Low Frequency
13404,2,01-05-2011,Medium Frequency
13405,3,,Medium Frequency
13408,62,01-12-2010,High Frequency
13410,5,01-06-2011,High Frequency
13411,1,,Low Frequency
13414,3,01-07-2011,Medium Frequency
13416,2,,Medium Frequency
13417,2,01-12-2011,Medium Frequency
13418,18,01-12-2010,High Frequency
13419,1,01-10-2011,Low Frequency
13420,2,,Medium Frequency
13421,2,,Medium Frequency
13422,1,01-10-2011,Low Frequency
13425,3,,Medium Frequency
13426,10,01-01-2011,High Frequency
13427,3,01-05-2011,Medium Frequency
13428,1,,Low Frequency
13429,4,01-10-2011,Medium Frequency
13430,2,,Medium Frequency
13431,2,01-09-2011,Medium Frequency
13434,2,01-09-2011,Medium Frequency
13435,7,01-06-2011,High Frequency
13436,1,01-12-2011,Low Frequency
13437,7,01-06-2011,High Frequency
13439,1,,Low Frequency
13441,1,01-09-2011,Low Frequency
13447,3,01-11-2011,Medium Frequency
13448,6,01-12-2010,High Frequency
13449,1,,Low Frequency
13450,6,01-05-2011,High Frequency
13451,5,01-01-2011,High Frequency
13452,2,,Medium Frequency
13453,2,,Medium Frequency
13455,2,01-12-2010,Medium Frequency
13456,6,01-07-2011,High Frequency
13458,14,01-01-2011,High Frequency
13460,2,01-11-2011,Medium Frequency
13461,3,01-11-2011,Medium Frequency
13462,1,01-04-2011,Low Frequency
13464,1,01-10-2011,Low Frequency
13466,1,01-06-2011,Low Frequency
13467,2,01-11-2011,Medium Frequency
13468,37,01-12-2010,High Frequency
13470,2,01-09-2011,Medium Frequency
13471,4,01-12-2011,Medium Frequency
13473,2,01-01-2011,Medium Frequency
13474,1,,Low Frequency
13475,4,01-05-2011,Medium Frequency
13476,2,01-03-2011,Medium Frequency
13477,6,01-05-2011,High Frequency
13479,2,,Medium Frequency
13481,5,,High Frequency
13482,1,,Low Frequency
13483,1,01-10-2011,Low Frequency
13484,1,01-04-2011,Low Frequency
13485,1,,Low Frequency
13486,3,01-07-2011,Medium Frequency
13487,3,01-05-2011,Medium Frequency
13488,13,01-12-2010,High Frequency
13489,4,01-07-2011,Medium Frequency
13491,10,01-12-2010,High Frequency
13492,3,01-05-2011,Medium Frequency
13493,2,01-03-2011,Medium Frequency
13494,1,01-02-2011,Low Frequency
13495,5,01-12-2010,High Frequency
13496,2,,Medium Frequency
13497,2,01-12-2010,Medium Frequency
13499,5,01-11-2011,High Frequency
13500,3,01-08-2011,Medium Frequency
13501,1,,Low Frequency
13502,3,01-03-2011,Medium Frequency
13503,1,,Low Frequency
13504,1,01-10-2011,Low Frequency
13505,4,,Medium Frequency
13506,2,01-12-2010,Medium Frequency
13507,4,01-09-2011,Medium Frequency
13508,1,01-04-2011,Low Frequency
13509,7,01-03-2011,High Frequency
13510,4,01-06-2011,Medium Frequency
13512,1,,Low Frequency
13513,1,01-08-2011,Low Frequency
13514,1,,Low Frequency
13515,4,01-04-2011,Medium Frequency
13516,3,,Medium Frequency
13517,3,01-10-2011,Medium Frequency
13518,1,,Low Frequency
13519,1,,Low Frequency
13520,6,01-12-2010,High Frequency
13521,3,01-12-2011,Medium Frequency
13522,1,01-11-2011,Low Frequency
13523,5,01-12-2010,High Frequency
13524,5,01-05-2011,High Frequency
13525,2,01-04-2011,Medium Frequency
13527,7,01-09-2011,High Frequency
13529,2,,Medium Frequency
13531,2,01-12-2010,Medium Frequency
13532,1,01-11-2011,Low Frequency
13533,3,01-06-2011,Medium Frequency
13534,25,01-01-2011,High Frequency
13536,7,01-12-2011,High Frequency
13538,7,01-03-2011,High Frequency
13539,3,01-02-2011,Medium Frequency
13544,2,,Medium Frequency
13546,3,,Medium Frequency
13548,2,01-04-2011,Medium Frequency
13549,7,01-04-2011,High Frequency
13551,1,,Low Frequency
13552,12,01-08-2011,High Frequency
13555,4,,Medium Frequency
13557,2,01-03-2011,Medium Frequency
13558,4,01-10-2011,Medium Frequency
13560,1,01-12-2011,Low Frequency
13561,1,01-05-2011,Low Frequency
13562,3,01-04-2011,Medium Frequency
13563,2,,Medium Frequency
13564,3,01-12-2010,Medium Frequency
13565,2,01-01-2011,Medium Frequency
13566,2,,Medium Frequency
13568,1,,Low Frequency
13569,2,01-12-2010,Medium Frequency
13570,1,01-04-2011,Low Frequency
13571,12,01-06-2011,High Frequency
13572,1,,Low Frequency
13573,2,,Medium Frequency
13575,5,01-10-2011,High Frequency
13576,18,01-12-2010,High Frequency
13577,4,01-04-2011,Medium Frequency
13579,2,01-12-2010,Medium Frequency
13581,1,01-02-2011,Low Frequency
13583,1,01-07-2011,Low Frequency
13584,1,01-02-2011,Low Frequency
13587,1,01-10-2011,Low Frequency
13588,9,01-08-2011,High Frequency
13589,2,,Medium Frequency
13590,6,01-02-2011,High Frequency
13591,3,01-10-2011,Medium Frequency
13592,4,01-05-2011,Medium Frequency
13593,5,01-01-2011,High Frequency
13594,1,,Low Frequency
13596,2,01-12-2011,Medium Frequency
13598,1,,Low Frequency
13599,21,01-12-2010,High Frequency
13600,1,,Low Frequency
13601,2,01-05-2011,Medium Frequency
13602,1,01-10-2011,Low Frequency
13603,1,,Low Frequency
13606,3,01-02-2011,Medium Frequency
13607,1,,Low Frequency
13610,7,01-04-2011,High Frequency
13611,3,01-09-2011,Medium Frequency
13614,4,01-09-2011,Medium Frequency
13615,1,,Low Frequency
13617,3,01-06-2011,Medium Frequency
13618,1,,Low Frequency
13621,1,,Low Frequency
13623,5,01-04-2011,High Frequency
13626,1,01-04-2011,Low Frequency
13627,5,01-10-2011,High Frequency
13629,11,01-01-2011,High Frequency
13630,7,01-04-2011,High Frequency
13631,11,01-09-2011,High Frequency
13632,5,01-04-2011,High Frequency
13634,5,01-04-2011,High Frequency
13635,1,01-10-2011,Low Frequency
13636,5,01-04-2011,High Frequency
13637,3,01-06-2011,Medium Frequency
13638,1,,Low Frequency
13639,1,,Low Frequency
13642,1,01-05-2011,Low Frequency
13643,3,01-06-2011,Medium Frequency
13644,4,,Medium Frequency
13645,1,01-08-2011,Low Frequency
13647,4,,Medium Frequency
13649,2,01-12-2010,Medium Frequency
13650,6,01-09-2011,High Frequency
13651,2,01-11-2011,Medium Frequency
13652,3,01-12-2010,Medium Frequency
13654,6,01-03-2011,High Frequency
13655,2,01-04-2011,Medium Frequency
13656,2,01-01-2011,Medium Frequency
13657,2,,Medium Frequency
13658,5,,High Frequency
13659,2,,Medium Frequency
13662,3,01-05-2011,Medium Frequency
13663,1,,Low Frequency
13666,3,01-10-2011,Medium Frequency
13667,1,,Low Frequency
13668,21,01-12-2010,High Frequency
13669,2,,Medium Frequency
13670,1,,Low Frequency
13672,2,01-01-2011,Medium Frequency
13673,2,01-11-2011,Medium Frequency
13675,2,01-07-2011,Medium Frequency
13678,1,01-07-2011,Low Frequency
13680,4,01-01-2011,Medium Frequency
13681,4,01-07-2011,Medium Frequency
13682,1,01-06-2011,Low Frequency
13684,1,,Low Frequency
13685,7,01-10-2011,High Frequency
13686,1,01-06-2011,Low Frequency
13689,1,01-10-2011,Low Frequency
13690,1,01-10-2011,Low Frequency
13692,3,01-05-2011,Medium Frequency
13694,50,01-12-2010,High Frequency
13695,15,01-05-2011,High Frequency
13697,1,01-11-2011,Low Frequency
13699,1,01-07-2011,Low Frequency
13700,10,01-04-2011,High Frequency
13703,1,,Low Frequency
13704,9,01-09-2011,High Frequency
13705,3,01-12-2010,Medium Frequency
13706,1,01-02-2011,Low Frequency
13707,2,,Medium Frequency
13708,1,,Low Frequency
13709,13,01-08-2011,High Frequency
13710,1,01-11-2011,Low Frequency
13711,2,01-05-2011,Medium Frequency
13712,1,01-04-2011,Low Frequency
13715,5,01-12-2010,High Frequency
13716,1,,Low Frequency
13717,6,01-08-2011,High Frequency
13718,2,01-04-2011,Medium Frequency
13719,5,01-11-2011,High Frequency
13720,4,,Medium Frequency
13721,1,01-11-2011,Low Frequency
13722,3,01-03-2011,Medium Frequency
13723,1,01-05-2011,Low Frequency
13725,8,01-02-2011,High Frequency
13726,2,01-11-2011,Medium Frequency
13727,2,01-11-2011,Medium Frequency
13728,6,01-02-2011,High Frequency
13730,2,01-07-2011,Medium Frequency
13731,2,01-04-2011,Medium Frequency
13732,1,01-11-2011,Low Frequency
13735,4,,Medium Frequency
13736,2,01-12-2011,Medium Frequency
13737,1,,Low Frequency
13739,1,,Low Frequency
13740,1,,Low Frequency
13741,3,01-05-2011,Medium Frequency
13742,12,01-05-2011,High Frequency
13743,7,01-05-2011,High Frequency
13744,2,01-09-2011,Medium Frequency
13745,1,,Low Frequency
13747,1,01-12-2010,Low Frequency
13748,5,01-12-2010,High Frequency
13750,5,01-01-2011,High Frequency
13751,1,,Low Frequency
13752,6,01-04-2011,High Frequency
13753,1,,Low Frequency
13754,2,01-07-2011,Medium Frequency
13755,9,01-10-2011,High Frequency
13756,14,01-12-2010,High Frequency
13758,7,01-12-2010,High Frequency
13759,2,01-11-2011,Medium Frequency
13760,2,,Medium Frequency
13761,2,,Medium Frequency
13762,1,01-05-2011,Low Frequency
13763,1,01-10-2011,Low Frequency
13764,3,01-01-2011,Medium Frequency
13767,37,01-12-2010,High Frequency
13769,10,01-12-2010,High Frequency
13771,4,01-04-2011,Medium Frequency
13772,3,01-09-2011,Medium Frequency
13774,1,,Low Frequency
13777,33,01-12-2010,High Frequency
13778,1,,Low Frequency
13780,2,01-12-2011,Medium Frequency
13781,1,01-04-2011,Low Frequency
13782,6,01-08-2011,High Frequency
13784,11,01-01-2011,High Frequency
13786,1,01-12-2010,Low Frequency
13787,2,01-12-2010,Medium Frequency
13790,1,01-12-2011,Low Frequency
13791,2,01-08-2011,Medium Frequency
13792,2,01-10-2011,Medium Frequency
13798,57,01-12-2010,High Frequency
13799,2,,Medium Frequency
13800,1,01-02-2011,Low Frequency
13801,1,01-10-2011,Low Frequency
13802,3,01-02-2011,Medium Frequency
13803,1,,Low Frequency
13804,7,01-07-2011,High Frequency
13805,2,01-08-2011,Medium Frequency
13806,1,01-10-2011,Low Frequency
13807,1,01-12-2010,Low Frequency
13808,5,01-09-2011,High Frequency
13809,1,01-02-2011,Low Frequency
13810,3,01-11-2011,Medium Frequency
13811,3,01-06-2011,Medium Frequency
13812,3,01-10-2011,Medium Frequency
13813,4,01-09-2011,Medium Frequency
13814,2,01-09-2011,Medium Frequency
13815,4,,Medium Frequency
13816,2,01-10-2011,Medium Frequency
13817,2,01-11-2011,Medium Frequency
13819,3,01-02-2011,Medium Frequency
13821,2,,Medium Frequency
13822,2,01-12-2011,Medium Frequency
13823,2,01-09-2011,Medium Frequency
13824,5,01-02-2011,High Frequency
13826,1,,Low Frequency
13827,3,,Medium Frequency
13828,1,,Low Frequency
13831,6,01-12-2010,High Frequency
13832,1,,Low Frequency
13833,1,01-07-2011,Low Frequency
13835,4,01-05-2011,Medium Frequency
13837,2,01-05-2011,Medium Frequency
13838,4,01-12-2010,Medium Frequency
13841,1,01-04-2011,Low Frequency
13842,9,01-12-2010,High Frequency
13844,1,,Low Frequency
13845,1,01-10-2011,Low Frequency
13846,3,01-04-2011,Medium Frequency
13848,3,01-12-2010,Medium Frequency
13849,2,,Medium Frequency
13850,1,01-08-2011,Low Frequency
13851,3,01-08-2011,Medium Frequency
13853,1,,Low Frequency
13854,25,01-12-2010,High Frequency
13856,3,01-06-2011,Medium Frequency
13858,1,,Low Frequency
13859,1,,Low Frequency
13860,5,01-12-2011,High Frequency
13862,8,01-01-2011,High Frequency
13863,1,01-04-2011,Low Frequency
13865,4,01-06-2011,Medium Frequency
13866,1,,Low Frequency
13867,3,01-05-2011,Medium Frequency
13868,2,01-11-2011,Medium Frequency
13869,4,01-08-2011,Medium Frequency
13870,8,01-12-2011,High Frequency
13871,13,01-02-2011,High Frequency
13873,3,01-02-2011,Medium Frequency
13874,1,,Low Frequency
13875,5,01-02-2011,High Frequency
13876,1,01-10-2011,Low Frequency
13877,1,,Low Frequency
13878,1,,Low Frequency
13880,13,01-12-2010,High Frequency
13881,20,01-02-2011,High Frequency
13882,5,01-10-2011,High Frequency
13883,5,01-05-2011,High Frequency
13884,5,01-03-2011,High Frequency
13885,2,01-06-2011,Medium Frequency
13886,1,,Low Frequency
13887,1,,Low Frequency
13888,2,01-05-2011,Medium Frequency
13889,1,01-09-2011,Low Frequency
13890,10,01-11-2011,High Frequency
13892,4,01-04-2011,Medium Frequency
13893,1,,Low Frequency
13894,3,01-02-2011,Medium Frequency
13895,4,01-10-2011,Medium Frequency
13897,1,,Low Frequency
13898,1,,Low Frequency
13899,2,01-03-2011,Medium Frequency
13900,3,01-06-2011,Medium Frequency
13901,5,01-07-2011,High Frequency
13904,2,01-11-2011,Medium Frequency
13908,4,01-03-2011,Medium Frequency
13911,9,01-02-2011,High Frequency
13914,2,01-11-2011,Medium Frequency
13917,2,01-06-2011,Medium Frequency
13918,2,,Medium Frequency
13919,2,01-08-2011,Medium Frequency
13922,1,,Low Frequency
13923,1,,Low Frequency
13924,6,01-11-2011,High Frequency
13925,4,01-08-2011,Medium Frequency
13926,1,,Low Frequency
13927,1,,Low Frequency
13928,4,01-11-2011,Medium Frequency
13929,2,,Medium Frequency
13930,2,,Medium Frequency
13931,2,01-03-2011,Medium Frequency
13932,1,,Low Frequency
13933,2,,Medium Frequency
13934,1,,Low Frequency
13936,1,,Low Frequency
13937,1,,Low Frequency
13938,1,01-11-2011,Low Frequency
13939,3,01-02-2011,Medium Frequency
13940,4,01-10-2011,Medium Frequency
13941,5,01-12-2010,High Frequency
13946,3,,Medium Frequency
13947,1,01-10-2011,Low Frequency
13948,1,,Low Frequency
13949,6,01-09-2011,High Frequency
13950,4,01-04-2011,Medium Frequency
13951,3,,Medium Frequency
13952,2,01-05-2011,Medium Frequency
13953,7,01-03-2011,High Frequency
13954,2,01-12-2011,Medium Frequency
13955,2,01-02-2011,Medium Frequency
13956,5,01-04-2011,High Frequency
13959,3,01-12-2010,Medium Frequency
13960,2,,Medium Frequency
13962,2,01-04-2011,Medium Frequency
13963,4,01-12-2010,Medium Frequency
13967,1,,Low Frequency
13969,18,01-12-2010,High Frequency
13971,8,01-05-2011,High Frequency
13972,2,,Medium Frequency
13973,1,,Low Frequency
13974,1,,Low Frequency
13975,6,01-03-2011,High Frequency
13976,1,,Low Frequency
13978,2,,Medium Frequency
13979,1,,Low Frequency
13980,1,01-10-2011,Low Frequency
13982,4,01-12-2010,Medium Frequency
13983,12,01-12-2010,High Frequency
13984,5,01-12-2010,High Frequency
13985,15,01-05-2011,High Frequency
13986,1,,Low Frequency
13988,6,,High Frequency
13989,2,01-10-2011,Medium Frequency
13990,1,01-05-2011,Low Frequency
13991,6,,High Frequency
13992,1,01-11-2011,Low Frequency
13993,9,01-09-2011,High Frequency
13994,6,01-10-2011,High Frequency
13995,5,01-04-2011,High Frequency
13999,12,01-05-2011,High Frequency
14000,1,01-05-2011,Low Frequency
14001,3,01-12-2010,Medium Frequency
14002,2,01-07-2011,Medium Frequency
14004,7,01-08-2011,High Frequency
14005,5,01-05-2011,High Frequency
14006,3,01-04-2011,Medium Frequency
14009,2,,Medium Frequency
14012,1,01-03-2011,Low Frequency
14013,3,01-03-2011,Medium Frequency
14014,1,,Low Frequency
14015,1,,Low Frequency
14016,4,01-07-2011,Medium Frequency
14019,3,01-09-2011,Medium Frequency
14020,2,01-09-2011,Medium Frequency
14021,3,01-05-2011,Medium Frequency
14022,1,,Low Frequency
14023,2,01-04-2011,Medium Frequency
14024,2,01-08-2011,Medium Frequency
14027,1,01-10-2011,Low Frequency
14029,2,01-10-2011,Medium Frequency
14030,8,01-12-2010,High Frequency
14031,19,01-12-2010,High Frequency
14032,11,01-12-2010,High Frequency
14034,3,01-07-2011,Medium Frequency
14035,5,01-11-2011,High Frequency
14036,1,,Low Frequency
14037,2,01-12-2010,Medium Frequency
14038,3,,Medium Frequency
14039,1,01-11-2011,Low Frequency
14040,12,01-01-2011,High Frequency
14041,1,,Low Frequency
14044,4,01-02-2011,Medium Frequency
14045,4,01-12-2010,Medium Frequency
14046,1,,Low Frequency
14047,5,01-12-2010,High Frequency
14048,1,01-02-2011,Low Frequency
14049,4,01-07-2011,Medium Frequency
14050,2,01-11-2011,Medium Frequency
14051,23,01-12-2010,High Frequency
14052,1,,Low Frequency
14053,2,01-07-2011,Medium Frequency
14054,1,01-10-2011,Low Frequency
14055,1,,Low Frequency
14056,23,01-03-2011,High Frequency
14057,17,01-03-2011,High Frequency
14059,1,,Low Frequency
14060,19,01-12-2010,High Frequency
14062,12,01-12-2010,High Frequency
14064,5,01-03-2011,High Frequency
14066,1,,Low Frequency
14067,2,01-09-2011,Medium Frequency
14068,1,,Low Frequency
14071,8,01-11-2011,High Frequency
14073,1,01-11-2011,Low Frequency
14075,3,01-12-2011,Medium Frequency
14076,1,01-08-2011,Low Frequency
14077,5,01-03-2011,High Frequency
14078,6,01-12-2010,High Frequency
14079,1,01-08-2011,Low Frequency
14080,1,01-11-2011,Low Frequency
14081,2,01-12-2010,Medium Frequency
14082,1,01-12-2010,Low Frequency
14083,9,01-12-2010,High Frequency
14085,18,01-12-2010,High Frequency
14087,1,01-12-2011,Low Frequency
14088,13,01-06-2011,High Frequency
14089,1,,Low Frequency
14090,1,,Low Frequency
14092,14,01-09-2011,High Frequency
14093,1,,Low Frequency
14096,17,01-09-2011,High Frequency
14098,1,01-11-2011,Low Frequency
14099,11,01-05-2011,High Frequency
14100,1,,Low Frequency
14101,6,,High Frequency
14102,5,01-11-2011,High Frequency
14104,2,01-07-2011,Medium Frequency
14105,1,,Low Frequency
14107,7,01-12-2010,High Frequency
14108,2,01-11-2011,Medium Frequency
14109,1,,Low Frequency
14110,12,01-05-2011,High Frequency
14111,4,01-04-2011,Medium Frequency
14112,7,01-03-2011,High Frequency
14113,4,01-12-2011,Medium Frequency
14114,2,01-03-2011,Medium Frequency
14116,5,01-08-2011,High Frequency
14117,1,,Low Frequency
14121,4,01-10-2011,Medium Frequency
14124,1,,Low Frequency
14125,3,01-11-2011,Medium Frequency
14126,3,01-12-2011,Medium Frequency
14127,3,01-02-2011,Medium Frequency
14128,2,01-10-2011,Medium Frequency
14129,5,01-09-2011,High Frequency
14130,1,,Low Frequency
14132,11,01-06-2011,High Frequency
14133,3,01-08-2011,Medium Frequency
14135,15,01-12-2010,High Frequency
14138,2,01-10-2011,Medium Frequency
14139,1,,Low Frequency
14140,2,01-11-2011,Medium Frequency
14141,4,01-10-2011,Medium Frequency
14142,1,01-12-2010,Low Frequency
14143,1,,Low Frequency
14145,4,01-05-2011,Medium Frequency
14146,5,01-12-2011,High Frequency
14147,2,,Medium Frequency
14148,1,,Low Frequency
14149,1,01-05-2011,Low Frequency
14150,2,01-11-2011,Medium Frequency
14152,2,,Medium Frequency
14154,2,,Medium Frequency
14155,1,,Low Frequency
14156,55,01-12-2010,High Frequency
14157,2,,Medium Frequency
14158,1,,Low Frequency
14159,11,01-12-2010,High Frequency
14161,3,01-12-2010,Medium Frequency
14162,2,,Medium Frequency
14163,4,01-07-2011,Medium Frequency
14164,2,,Medium Frequency
14165,1,01-03-2011,Low Frequency
14167,4,01-01-2011,Medium Frequency
14171,1,01-09-2011,Low Frequency
14173,4,01-05-2011,Medium Frequency
14174,1,01-11-2011,Low Frequency
14175,3,01-10-2011,Medium Frequency
14176,4,01-12-2010,Medium Frequency
14177,4,01-09-2011,Medium Frequency
14178,7,01-06-2011,High Frequency
14179,2,,Medium Frequency
14180,25,01-12-2010,High Frequency
14184,1,01-10-2011,Low Frequency
14185,1,01-01-2011,Low Frequency
14188,6,01-02-2011,High Frequency
14189,15,01-12-2010,High Frequency
14191,13,01-05-2011,High Frequency
14193,2,01-10-2011,Medium Frequency
14194,21,01-02-2011,High Frequency
14195,2,01-04-2011,Medium Frequency
14196,1,,Low Frequency
14198,4,,Medium Frequency
14199,1,01-05-2011,Low Frequency
14201,7,01-05-2011,High Frequency
14204,1,01-12-2011,Low Frequency
14205,2,,Medium Frequency
14206,1,,Low Frequency
14208,1,01-09-2011,Low Frequency
14209,6,01-01-2011,High Frequency
14210,6,01-12-2010,High Frequency
14211,9,01-09-2011,High Frequency
14212,1,01-09-2011,Low Frequency
14214,5,01-03-2011,High Frequency
14215,6,01-12-2010,High Frequency
14216,4,01-11-2011,Medium Frequency
14217,17,01-12-2010,High Frequency
14218,1,,Low Frequency
14219,1,01-12-2011,Low Frequency
14220,2,01-04-2011,Medium Frequency
14221,9,01-01-2011,High Frequency
14222,1,,Low Frequency
14223,3,01-07-2011,Medium Frequency
14224,4,01-05-2011,Medium Frequency
14226,5,01-11-2011,High Frequency
14227,10,01-04-2011,High Frequency
14229,3,01-01-2011,Medium Frequency
14231,3,01-06-2011,Medium Frequency
14232,5,01-06-2011,High Frequency
14233,4,01-02-2011,Medium Frequency
14234,4,01-11-2011,Medium Frequency
14235,5,01-07-2011,High Frequency
14236,2,01-12-2010,Medium Frequency
14237,1,01-12-2010,Low Frequency
14238,1,,Low Frequency
14239,11,01-03-2011,High Frequency
14240,2,01-11-2011,Medium Frequency
14241,1,01-06-2011,Low Frequency
14242,2,,Medium Frequency
14243,10,01-12-2010,High Frequency
14245,2,01-05-2011,Medium Frequency
14246,3,01-04-2011,Medium Frequency
14247,1,01-03-2011,Low Frequency
14248,1,,Low Frequency
14250,3,01-09-2011,Medium Frequency
14251,5,01-12-2011,High Frequency
14256,2,01-12-2010,Medium Frequency
14257,5,01-06-2011,High Frequency
14258,9,01-01-2011,High Frequency
14259,1,,Low Frequency
14261,2,,Medium Frequency
14262,8,01-07-2011,High Frequency
14264,2,01-04-2011,Medium Frequency
14265,2,,Medium Frequency
14267,3,,Medium Frequency
14270,1,01-01-2011,Low Frequency
14271,1,,Low Frequency
14272,2,,Medium Frequency
14273,4,01-04-2011,Medium Frequency
14276,3,01-06-2011,Medium Frequency
14277,3,01-05-2011,Medium Frequency
14280,1,,Low Frequency
14282,15,01-12-2010,High Frequency
14284,2,01-11-2011,Medium Frequency
14285,4,01-11-2011,Medium Frequency
14286,3,01-04-2011,Medium Frequency
14287,3,01-12-2011,Medium Frequency
14288,1,01-05-2011,Low Frequency
14289,6,01-04-2011,High Frequency
14290,5,01-10-2011,High Frequency
14291,11,01-03-2011,High Frequency
14292,9,01-03-2011,High Frequency
14293,4,01-12-2010,Medium Frequency
14295,1,,Low Frequency
14297,4,01-03-2011,Medium Frequency
14298,44,01-01-2011,High Frequency
14299,9,01-12-2010,High Frequency
14300,1,,Low Frequency
14301,1,,Low Frequency
14304,1,01-05-2011,Low Frequency
14305,3,,Medium Frequency
14306,2,,Medium Frequency
14307,6,01-12-2010,High Frequency
14309,9,01-02-2011,High Frequency
14311,1,01-04-2011,Low Frequency
14312,6,01-01-2011,High Frequency
14314,1,,Low Frequency
14315,6,01-06-2011,High Frequency
14317,1,01-10-2011,Low Frequency
14320,2,01-01-2011,Medium Frequency
14321,5,01-01-2011,High Frequency
14323,2,,Medium Frequency
14326,1,01-04-2011,Low Frequency
14327,1,,Low Frequency
14329,7,01-03-2011,High Frequency
14331,2,01-08-2011,Medium Frequency
14332,3,01-10-2011,Medium Frequency
14333,1,01-10-2011,Low Frequency
14334,8,01-03-2011,High Frequency
14335,2,01-09-2011,Medium Frequency
14336,4,01-03-2011,Medium Frequency
14338,2,01-07-2011,Medium Frequency
14339,1,01-04-2011,Low Frequency
14340,1,01-05-2011,Low Frequency
14341,8,01-05-2011,High Frequency
14342,4,01-11-2011,Medium Frequency
14344,8,01-12-2010,High Frequency
14345,1,01-11-2011,Low Frequency
14346,2,01-08-2011,Medium Frequency
14348,1,,Low Frequency
14349,1,,Low Frequency
14350,1,01-03-2011,Low Frequency
14351,1,,Low Frequency
14352,4,01-03-2011,Medium Frequency
14353,1,01-05-2011,Low Frequency
14354,2,01-11-2011,Medium Frequency
14355,1,01-12-2010,Low Frequency
14356,2,,Medium Frequency
14357,1,,Low Frequency
14359,3,,Medium Frequency
14360,4,01-09-2011,Medium Frequency
14362,1,,Low Frequency
14364,8,01-05-2011,High Frequency
14367,16,01-03-2011,High Frequency
14368,1,,Low Frequency
14371,1,,Low Frequency
14373,1,,Low Frequency
14375,1,01-06-2011,Low Frequency
14377,2,01-06-2011,Medium Frequency
14379,2,,Medium Frequency
14381,1,,Low Frequency
14382,1,,Low Frequency
14383,3,01-10-2011,Medium Frequency
14385,3,,Medium Frequency
14386,1,,Low Frequency
14387,3,01-11-2011,Medium Frequency
14388,8,01-12-2010,High Frequency
14389,2,01-06-2011,Medium Frequency
14390,9,01-12-2010,High Frequency
14393,1,01-05-2011,Low Frequency
14395,9,01-12-2010,High Frequency
14396,2,01-12-2010,Medium Frequency
14397,19,01-05-2011,High Frequency
14400,1,,Low Frequency
14401,13,01-06-2011,High Frequency
14403,4,01-04-2011,Medium Frequency
14404,6,01-12-2010,High Frequency
14406,1,01-08-2011,Low Frequency
14407,6,01-03-2011,High Frequency
14408,7,01-06-2011,High Frequency
14409,6,01-12-2010,High Frequency
14410,9,01-02-2011,High Frequency
14411,1,01-02-2011,Low Frequency
14412,2,,Medium Frequency
14413,1,01-12-2010,Low Frequency
14414,7,01-09-2011,High Frequency
14415,13,01-02-2011,High Frequency
14416,2,,Medium Frequency
14418,3,01-12-2011,Medium Frequency
14419,6,01-12-2010,High Frequency
14420,1,01-09-2011,Low Frequency
14421,2,01-05-2011,Medium Frequency
14422,6,01-12-2011,High Frequency
14423,1,01-05-2011,Low Frequency
14424,1,,Low Frequency
14426,10,01-03-2011,High Frequency
14427,2,01-10-2011,Medium Frequency
14428,5,01-11-2011,High Frequency
14431,1,01-02-2011,Low Frequency
14432,6,01-09-2011,High Frequency
14434,6,01-10-2011,High Frequency
14436,1,01-09-2011,Low Frequency
14437,1,01-12-2010,Low Frequency
14438,1,01-02-2011,Low Frequency
14439,1,,Low Frequency
14440,5,01-12-2010,High Frequency
14441,4,01-09-2011,Medium Frequency
14442,2,,Medium Frequency
14443,4,01-12-2010,Medium Frequency
14446,4,01-04-2011,Medium Frequency
14447,5,01-03-2011,High Frequency
14448,2,01-12-2010,Medium Frequency
14449,4,01-12-2010,Medium Frequency
14450,3,01-04-2011,Medium Frequency
14451,2,01-10-2011,Medium Frequency
14452,2,01-09-2011,Medium Frequency
14453,1,01-06-2011,Low Frequency
14456,9,01-09-2011,High Frequency
14457,1,01-02-2011,Low Frequency
14459,1,01-07-2011,Low Frequency
14460,3,01-02-2011,Medium Frequency
14461,3,,Medium Frequency
14462,11,01-01-2011,High Frequency
14463,3,01-09-2011,Medium Frequency
14465,3,01-02-2011,Medium Frequency
14466,7,01-12-2010,High Frequency
14467,4,,Medium Frequency
14470,2,,Medium Frequency
14472,8,01-01-2011,High Frequency
14473,2,01-03-2011,Medium Frequency
14474,1,,Low Frequency
14475,3,01-02-2011,Medium Frequency
14476,1,,Low Frequency
14477,4,01-06-2011,Medium Frequency
14479,2,01-12-2010,Medium Frequency
14480,1,,Low Frequency
14481,2,,Medium Frequency
14482,6,01-09-2011,High Frequency
14483,1,01-03-2011,Low Frequency
14484,1,,Low Frequency
14485,1,01-11-2011,Low Frequency
14487,6,01-12-2010,High Frequency
14488,1,01-10-2011,Low Frequency
14489,1,,Low Frequency
14491,2,01-12-2010,Medium Frequency
14493,5,01-07-2011,High Frequency
14494,1,,Low Frequency
14495,2,01-08-2011,Medium Frequency
14496,2,01-12-2010,Medium Frequency
14497,1,01-02-2011,Low Frequency
14498,5,01-06-2011,High Frequency
14499,3,01-03-2011,Medium Frequency
14500,3,01-06-2011,Medium Frequency
14501,2,01-06-2011,Medium Frequency
14502,11,01-10-2011,High Frequency
14503,6,01-12-2011,High Frequency
14504,4,01-03-2011,Medium Frequency
14505,8,01-12-2010,High Frequency
14506,5,01-12-2010,High Frequency
14507,6,01-03-2011,High Frequency
14508,2,01-09-2011,Medium Frequency
14511,5,01-09-2011,High Frequency
14512,2,01-06-2011,Medium Frequency
14513,3,,Medium Frequency
14514,3,01-01-2011,Medium Frequency
14515,6,01-05-2011,High Frequency
14517,2,01-11-2011,Medium Frequency
14518,1,01-10-2011,Low Frequency
14520,2,01-12-2011,Medium Frequency
14522,4,01-09-2011,Medium Frequency
14523,1,,Low Frequency
14524,9,01-03-2011,High Frequency
14525,9,01-06-2011,High Frequency
14527,55,01-12-2010,High Frequency
14528,1,01-11-2011,Low Frequency
14529,3,01-10-2011,Medium Frequency
14530,6,01-06-2011,High Frequency
14532,4,,Medium Frequency
14533,7,01-09-2011,High Frequency
14534,18,01-02-2011,High Frequency
14535,3,01-04-2011,Medium Frequency
14536,1,,Low Frequency
14537,1,,Low Frequency
14538,2,01-10-2011,Medium Frequency
14539,2,,Medium Frequency
14540,3,01-02-2011,Medium Frequency
14541,8,01-04-2011,High Frequency
14542,1,01-06-2011,Low Frequency
14543,16,01-12-2010,High Frequency
14544,2,,Medium Frequency
14546,5,01-04-2011,High Frequency
14547,8,01-11-2011,High Frequency
14548,2,01-07-2011,Medium Frequency
14549,1,01-02-2011,Low Frequency
14550,2,,Medium Frequency
14551,2,,Medium Frequency
14552,1,01-07-2011,Low Frequency
14553,5,01-01-2011,High Frequency
14554,4,,Medium Frequency
14555,2,01-02-2011,Medium Frequency
14557,1,,Low Frequency
14560,22,01-02-2011,High Frequency
14561,3,01-06-2011,Medium Frequency
14562,18,01-02-2011,High Frequency
14565,4,01-09-2011,Medium Frequency
14566,1,,Low Frequency
14567,2,01-08-2011,Medium Frequency
14569,1,01-12-2011,Low Frequency
14570,2,01-03-2011,Medium Frequency
14572,7,01-12-2011,High Frequency
14573,9,01-12-2010,High Frequency
14576,1,01-12-2010,Low Frequency
14577,4,01-12-2010,Medium Frequency
14578,1,01-12-2011,Low Frequency
14581,1,,Low Frequency
14582,1,,Low Frequency
14583,5,01-06-2011,High Frequency
14584,4,01-06-2011,Medium Frequency
14585,1,,Low Frequency
14586,1,01-03-2011,Low Frequency
14587,9,01-01-2011,High Frequency
14589,1,01-12-2010,Low Frequency
14591,4,01-05-2011,Medium Frequency
14592,3,01-10-2011,Medium Frequency
14593,3,,Medium Frequency
14594,2,01-12-2010,Medium Frequency
14595,6,01-10-2011,High Frequency
14597,2,01-06-2011,Medium Frequency
14598,1,,Low Frequency
14600,1,01-02-2011,Low Frequency
14601,1,,Low Frequency
14603,1,01-03-2011,Low Frequency
14606,93,01-12-2010,High Frequency
14607,14,01-11-2011,High Frequency
14608,4,01-12-2010,Medium Frequency
14609,4,,Medium Frequency
14616,3,01-04-2011,Medium Frequency
14618,3,01-01-2011,Medium Frequency
14619,1,01-04-2011,Low Frequency
14620,2,01-03-2011,Medium Frequency
14621,5,01-06-2011,High Frequency
14622,1,01-06-2011,Low Frequency
14623,5,01-06-2011,High Frequency
14624,2,01-10-2011,Medium Frequency
14625,2,,Medium Frequency
14626,4,01-08-2011,Medium Frequency
14628,2,01-04-2011,Medium Frequency
14629,2,01-12-2011,Medium Frequency
14631,3,,Medium Frequency
14632,1,,Low Frequency
14633,1,,Low Frequency
14636,2,01-11-2011,Medium Frequency
14638,1,,Low Frequency
14639,6,01-08-2011,High Frequency
14640,6,01-08-2011,High Frequency
14641,1,,Low Frequency
14642,1,01-10-2011,Low Frequency
14643,2,,Medium Frequency
14644,2,01-10-2011,Medium Frequency
14645,2,01-03-2011,Medium Frequency
14646,73,01-02-2011,High Frequency
14647,1,,Low Frequency
14649,4,01-05-2011,Medium Frequency
14651,2,01-05-2011,Medium Frequency
14652,1,,Low Frequency
14653,7,01-01-2011,High Frequency
14655,4,01-05-2011,Medium Frequency
14656,2,01-03-2011,Medium Frequency
14657,4,01-03-2011,Medium Frequency
14658,2,01-12-2011,Medium Frequency
14659,9,01-05-2011,High Frequency
14660,2,,Medium Frequency
14661,1,,Low Frequency
14662,4,01-03-2011,Medium Frequency
14664,2,01-11-2011,Medium Frequency
14665,5,01-02-2011,High Frequency
14666,1,,Low Frequency
14667,25,01-12-2010,High Frequency
14669,3,01-01-2011,Medium Frequency
14670,2,01-03-2011,Medium Frequency
14672,2,01-01-2011,Medium Frequency
14673,5,01-12-2010,High Frequency
14675,1,,Low Frequency
14676,6,01-03-2011,High Frequency
14680,16,01-12-2010,High Frequency
14681,3,01-05-2011,Medium Frequency
14682,2,01-06-2011,Medium Frequency
14684,5,01-12-2010,High Frequency
14687,1,,Low Frequency
14688,21,01-12-2010,High Frequency
14689,1,,Low Frequency
14690,2,01-07-2011,Medium Frequency
14691,5,01-05-2011,High Frequency
14692,4,,Medium Frequency
14693,1,,Low Frequency
14696,7,01-12-2010,High Frequency
14697,2,01-05-2011,Medium Frequency
14698,5,01-12-2011,High Frequency
14699,1,01-05-2011,Low Frequency
14700,3,01-06-2011,Medium Frequency
14701,9,01-03-2011,High Frequency
14702,17,01-12-2010,High Frequency
14703,1,,Low Frequency
14704,9,01-06-2011,High Frequency
14705,1,,Low Frequency
14708,3,01-12-2010,Medium Frequency
14709,13,01-03-2011,High Frequency
14710,4,01-10-2011,Medium Frequency
14711,11,01-04-2011,High Frequency
14712,3,01-11-2011,Medium Frequency
14713,11,01-12-2010,High Frequency
14714,1,,Low Frequency
14715,4,01-01-2011,Medium Frequency
14716,2,,Medium Frequency
14719,5,01-04-2011,High Frequency
14720,3,01-08-2011,Medium Frequency
14722,1,,Low Frequency
14723,6,01-12-2010,High Frequency
14725,1,,Low Frequency
14727,1,01-03-2011,Low Frequency
14729,1,01-12-2010,Low Frequency
14730,8,01-03-2011,High Frequency
14731,3,01-05-2011,Medium Frequency
14732,8,01-01-2011,High Frequency
14733,12,01-12-2010,High Frequency
14735,32,01-02-2011,High Frequency
14737,3,01-08-2011,Medium Frequency
14738,7,01-04-2011,High Frequency
14739,7,01-12-2010,High Frequency
14740,3,01-03-2011,Medium Frequency
14741,6,01-12-2010,High Frequency
14744,7,01-12-2010,High Frequency
14745,5,01-06-2011,High Frequency
14747,1,01-04-2011,Low Frequency
14748,5,01-12-2010,High Frequency
14752,1,,Low Frequency
14753,1,,Low Frequency
14754,2,,Medium Frequency
14755,11,01-01-2011,High Frequency
14756,1,,Low Frequency
14757,1,,Low Frequency
14758,4,,Medium Frequency
14759,3,01-12-2011,Medium Frequency
14760,1,,Low Frequency
14761,2,01-01-2011,Medium Frequency
14762,1,,Low Frequency
14764,1,,Low Frequency
14765,3,01-11-2011,Medium Frequency
14766,6,01-12-2010,High Frequency
14768,2,01-08-2011,Medium Frequency
14769,8,01-12-2011,High Frequency
14770,2,,Medium Frequency
14772,1,,Low Frequency
14775,3,01-12-2010,Medium Frequency
14776,11,01-05-2011,High Frequency
14778,2,01-02-2011,Medium Frequency
14779,3,01-03-2011,Medium Frequency
14780,2,,Medium Frequency
14782,1,,Low Frequency
14784,2,,Medium Frequency
14785,2,,Medium Frequency
14788,2,01-12-2011,Medium Frequency
14789,1,01-11-2011,Low Frequency
14790,4,01-08-2011,Medium Frequency
14792,1,01-10-2011,Low Frequency
14793,1,,Low Frequency
14794,7,01-01-2011,High Frequency
14795,1,,Low Frequency
14796,17,01-12-2010,High Frequency
14798,3,01-02-2011,Medium Frequency
14799,1,,Low Frequency
14800,12,01-12-2010,High Frequency
14801,1,01-10-2011,Low Frequency
14803,3,01-03-2011,Medium Frequency
14804,1,01-12-2011,Low Frequency
14805,4,,Medium Frequency
14806,1,,Low Frequency
14808,8,01-07-2011,High Frequency
14810,11,01-12-2010,High Frequency
14813,2,01-12-2010,Medium Frequency
14815,2,01-10-2011,Medium Frequency
14816,1,,Low Frequency
14817,2,01-03-2011,Medium Frequency
14818,3,,Medium Frequency
14819,2,01-10-2011,Medium Frequency
14820,4,01-11-2011,Medium Frequency
14821,1,01-12-2010,Low Frequency
14823,3,01-06-2011,Medium Frequency
14824,4,01-09-2011,Medium Frequency
14825,12,01-12-2010,High Frequency
14828,3,01-01-2011,Medium Frequency
14829,4,01-12-2010,Medium Frequency
14830,1,,Low Frequency
14834,6,01-08-2011,High Frequency
14836,3,01-11-2011,Medium Frequency
14837,4,01-09-2011,Medium Frequency
14840,1,,Low Frequency
14841,6,01-03-2011,High Frequency
14842,4,01-02-2011,Medium Frequency
14844,4,01-04-2011,Medium Frequency
14847,1,,Low Frequency
14849,25,01-12-2010,High Frequency
14850,1,01-02-2011,Low Frequency
14851,2,,Medium Frequency
14852,6,01-04-2011,High Frequency
14853,2,01-05-2011,Medium Frequency
14854,7,01-03-2011,High Frequency
14855,2,01-08-2011,Medium Frequency
14856,3,01-11-2011,Medium Frequency
14857,2,01-10-2011,Medium Frequency
14859,4,,Medium Frequency
14860,1,,Low Frequency
14861,1,,Low Frequency
14862,2,,Medium Frequency
14863,1,01-11-2011,Low Frequency
14865,2,01-12-2010,Medium Frequency
14866,12,01-12-2010,High Frequency
14867,3,01-01-2011,Medium Frequency
14868,8,01-07-2011,High Frequency
14869,2,01-12-2011,Medium Frequency
14870,1,,Low Frequency
14871,4,01-12-2011,Medium Frequency
14873,1,,Low Frequency
14875,2,,Medium Frequency
14878,9,01-06-2011,High Frequency
14880,3,01-06-2011,Medium Frequency
14881,1,,Low Frequency
14882,2,01-11-2011,Medium Frequency
14883,6,01-05-2011,High Frequency
14885,1,,Low Frequency
14886,1,01-04-2011,Low Frequency
14887,1,,Low Frequency
14888,1,,Low Frequency
14889,1,01-01-2011,Low Frequency
14890,1,,Low Frequency
14891,2,01-06-2011,Medium Frequency
14893,2,,Medium Frequency
14894,1,,Low Frequency
14895,20,01-04-2011,High Frequency
14896,2,01-12-2010,Medium Frequency
14897,4,01-09-2011,Medium Frequency
14898,6,01-12-2010,High Frequency
14901,9,01-12-2010,High Frequency
14902,1,,Low Frequency
14903,5,01-03-2011,High Frequency
14904,2,01-12-2011,Medium Frequency
14905,2,01-07-2011,Medium Frequency
14907,7,01-12-2010,High Frequency
14908,1,,Low Frequency
14910,4,01-11-2011,Medium Frequency
14911,201,01-12-2010,High Frequency
14912,2,01-04-2011,Medium Frequency
14913,4,01-03-2011,Medium Frequency
14915,2,01-03-2011,Medium Frequency
14916,4,01-09-2011,Medium Frequency
14918,2,01-07-2011,Medium Frequency
14920,2,01-05-2011,Medium Frequency
14921,2,01-11-2011,Medium Frequency
14923,1,,Low Frequency
14924,1,01-04-2011,Low Frequency
14929,1,01-11-2011,Low Frequency
14930,3,01-03-2011,Medium Frequency
14931,5,01-12-2011,High Frequency
14932,1,01-12-2010,Low Frequency
14934,2,01-03-2011,Medium Frequency
14935,1,,Low Frequency
14936,8,01-03-2011,High Frequency
14937,3,01-08-2011,Medium Frequency
14944,12,01-05-2011,High Frequency
14946,1,,Low Frequency
14947,2,01-08-2011,Medium Frequency
14948,6,01-05-2011,High Frequency
14950,1,,Low Frequency
14951,1,,Low Frequency
14952,11,01-12-2010,High Frequency
14953,1,,Low Frequency
14954,1,,Low Frequency
14957,1,,Low Frequency
14958,3,01-04-2011,Medium Frequency
14959,4,01-05-2011,Medium Frequency
14960,2,01-12-2011,Medium Frequency
14961,9,01-04-2011,High Frequency
14962,1,,Low Frequency
14963,5,01-06-2011,High Frequency
14964,1,01-04-2011,Low Frequency
14965,2,01-09-2011,Medium Frequency
14966,1,,Low Frequency
14967,1,,Low Frequency
14968,1,01-11-2011,Low Frequency
14970,4,01-04-2011,Medium Frequency
14971,3,01-11-2011,Medium Frequency
14972,1,01-08-2011,Low Frequency
14973,3,,Medium Frequency
14974,1,01-11-2011,Low Frequency
14975,1,,Low Frequency
14976,7,01-03-2011,High Frequency
14978,5,,High Frequency
14981,1,01-04-2011,Low Frequency
14984,2,01-06-2011,Medium Frequency
14985,2,,Medium Frequency
14987,2,01-12-2010,Medium Frequency
14988,1,01-05-2011,Low Frequency
14995,2,01-03-2011,Medium Frequency
14997,3,01-09-2011,Medium Frequency
14998,2,01-04-2011,Medium Frequency
15000,1,,Low Frequency
15002,4,01-12-2010,Medium Frequency
15004,1,,Low Frequency
15005,28,01-12-2010,High Frequency
15006,1,,Low Frequency
15007,1,01-07-2011,Low Frequency
15009,3,,Medium Frequency
15010,1,01-11-2011,Low Frequency
15012,2,01-12-2010,Medium Frequency
15014,2,,Medium Frequency
15016,1,,Low Frequency
15017,1,01-11-2011,Low Frequency
15018,3,01-12-2010,Medium Frequency
15019,1,,Low Frequency
15021,9,01-12-2010,High Frequency
15022,4,,Medium Frequency
15023,11,01-12-2010,High Frequency
15024,10,01-12-2010,High Frequency
15025,1,01-11-2011,Low Frequency
15026,3,01-03-2011,Medium Frequency
15027,4,01-05-2011,Medium Frequency
15028,4,01-12-2010,Medium Frequency
15030,2,,Medium Frequency
15031,4,01-03-2011,Medium Frequency
15032,3,01-12-2010,Medium Frequency
15033,10,01-07-2011,High Frequency
15034,8,01-01-2011,High Frequency
15035,1,01-09-2011,Low Frequency
15036,3,,Medium Frequency
15038,6,01-12-2010,High Frequency
15039,47,01-12-2010,High Frequency
15041,1,,Low Frequency
15042,1,,Low Frequency
15043,1,01-11-2011,Low Frequency
15044,17,01-12-2010,High Frequency
15045,2,01-07-2011,Medium Frequency
15046,15,01-01-2011,High Frequency
15047,1,,Low Frequency
15048,4,01-12-2010,Medium Frequency
15049,1,01-03-2011,Low Frequency
15050,3,,Medium Frequency
15051,3,01-07-2011,Medium Frequency
15052,1,,Low Frequency
15053,3,01-03-2011,Medium Frequency
15054,2,,Medium Frequency
15057,2,01-03-2011,Medium Frequency
15058,11,01-04-2011,High Frequency
15059,9,01-01-2011,High Frequency
15060,4,01-12-2011,Medium Frequency
15061,48,01-12-2010,High Frequency
15062,4,01-05-2011,Medium Frequency
15063,1,01-05-2011,Low Frequency
15065,4,01-11-2011,Medium Frequency
15066,1,,Low Frequency
15067,3,01-03-2011,Medium Frequency
15068,2,,Medium Frequency
15069,1,,Low Frequency
15070,1,01-12-2010,Low Frequency
15071,2,01-03-2011,Medium Frequency
15073,3,01-06-2011,Medium Frequency
15074,1,,Low Frequency
15075,1,,Low Frequency
15076,1,,Low Frequency
15078,32,01-12-2010,High Frequency
15079,4,01-12-2010,Medium Frequency
15081,5,01-12-2010,High Frequency
15083,1,,Low Frequency
15087,1,01-03-2011,Low Frequency
15088,2,01-10-2011,Medium Frequency
15089,6,01-08-2011,High Frequency
15090,1,01-02-2011,Low Frequency
15091,1,01-10-2011,Low Frequency
15092,2,01-03-2011,Medium Frequency
15093,6,01-12-2010,High Frequency
15095,4,,Medium Frequency
15096,1,,Low Frequency
15097,1,01-12-2011,Low Frequency
15098,3,01-06-2011,Medium Frequency
15099,1,,Low Frequency
15100,3,01-12-2010,Medium Frequency
15101,2,01-12-2011,Medium Frequency
15103,2,01-11-2011,Medium Frequency
15104,2,01-03-2011,Medium Frequency
15105,7,01-10-2011,High Frequency
15106,5,01-05-2011,High Frequency
15107,6,01-12-2010,High Frequency
15108,4,01-06-2011,Medium Frequency
15109,1,01-04-2011,Low Frequency
15110,4,01-08-2011,Medium Frequency
15111,3,01-12-2010,Medium Frequency
15113,3,,Medium Frequency
15114,10,01-02-2011,High Frequency
15115,1,,Low Frequency
15116,4,,Medium Frequency
15117,5,01-05-2011,High Frequency
15118,1,,Low Frequency
15119,1,01-04-2011,Low Frequency
15120,1,,Low Frequency
15121,2,,Medium Frequency
15122,3,,Medium Frequency
15123,2,01-12-2011,Medium Frequency
15124,2,01-06-2011,Medium Frequency
15125,15,01-10-2011,High Frequency
15127,1,01-10-2011,Low Frequency
15128,4,01-05-2011,Medium Frequency
15129,11,01-05-2011,High Frequency
15130,1,,Low Frequency
15132,5,,High Frequency
15133,3,01-02-2011,Medium Frequency
15134,8,01-05-2011,High Frequency
15135,1,,Low Frequency
15136,4,01-09-2011,Medium Frequency
15139,2,01-01-2011,Medium Frequency
15140,7,,High Frequency
15142,1,,Low Frequency
15143,1,,Low Frequency
15144,17,01-05-2011,High Frequency
15145,4,01-04-2011,Medium Frequency
15146,2,,Medium Frequency
15147,1,,Low Frequency
15148,1,,Low Frequency
15149,1,,Low Frequency
15150,10,01-06-2011,High Frequency
15152,13,01-06-2011,High Frequency
15153,1,01-11-2011,Low Frequency
15154,1,,Low Frequency
15156,3,01-11-2011,Medium Frequency
15157,3,01-07-2011,Medium Frequency
15158,1,,Low Frequency
15159,30,01-05-2011,High Frequency
15160,1,,Low Frequency
15163,2,,Medium Frequency
15164,3,01-01-2011,Medium Frequency
15165,1,01-12-2010,Low Frequency
15167,1,,Low Frequency
15168,1,,Low Frequency
15171,1,01-01-2011,Low Frequency
15172,5,01-12-2011,High Frequency
15174,1,,Low Frequency
15175,1,,Low Frequency
15178,1,,Low Frequency
15179,5,01-04-2011,High Frequency
15180,1,01-12-2010,Low Frequency
15181,3,01-10-2011,Medium Frequency
15182,2,01-07-2011,Medium Frequency
15184,2,01-06-2011,Medium Frequency
15185,1,,Low Frequency
15186,2,,Medium Frequency
15187,16,01-05-2011,High Frequency
15189,41,01-01-2011,High Frequency
15192,3,01-12-2010,Medium Frequency
15193,1,01-10-2011,Low Frequency
15194,15,01-12-2010,High Frequency
15195,1,01-12-2011,Low Frequency
15197,3,01-04-2011,Medium Frequency
15198,2,01-08-2011,Medium Frequency
15199,4,01-02-2011,Medium Frequency
15201,5,01-04-2011,High Frequency
15203,6,01-02-2011,High Frequency
15204,1,,Low Frequency
15205,2,01-08-2011,Medium Frequency
15206,4,01-03-2011,Medium Frequency
15208,5,01-10-2011,High Frequency
15210,1,,Low Frequency
15211,2,01-12-2010,Medium Frequency
15212,1,01-04-2011,Low Frequency
15213,2,,Medium Frequency
15214,8,01-04-2011,High Frequency
15215,3,01-09-2011,Medium Frequency
15216,1,,Low Frequency
15218,11,01-05-2011,High Frequency
15219,1,,Low Frequency
15220,6,01-03-2011,High Frequency
15221,1,01-12-2010,Low Frequency
15222,1,,Low Frequency
15223,2,01-04-2011,Medium Frequency
15224,2,01-12-2010,Medium Frequency
15225,1,,Low Frequency
15226,1,01-02-2011,Low Frequency
15227,5,01-05-2011,High Frequency
15228,4,01-08-2011,Medium Frequency
15230,2,,Medium Frequency
15232,2,,Medium Frequency
15234,1,01-03-2011,Low Frequency
15235,12,01-12-2010,High Frequency
15236,1,,Low Frequency
15237,4,01-12-2011,Medium Frequency
15238,3,01-06-2011,Medium Frequency
15239,2,,Medium Frequency
15240,5,01-02-2011,High Frequency
15241,8,01-03-2011,High Frequency
15243,1,,Low Frequency
15244,2,01-04-2011,Medium Frequency
15245,3,01-06-2011,Medium Frequency
15246,2,,Medium Frequency
15247,1,01-08-2011,Low Frequency
15249,13,01-05-2011,High Frequency
15251,11,01-04-2011,High Frequency
15252,2,01-06-2011,Medium Frequency
15253,5,01-09-2011,High Frequency
15254,1,01-08-2011,Low Frequency
15255,1,01-10-2011,Low Frequency
15256,1,,Low Frequency
15257,1,01-03-2011,Low Frequency
15258,2,01-05-2011,Medium Frequency
15260,7,01-12-2010,High Frequency
15261,1,,Low Frequency
15262,1,,Low Frequency
15263,1,,Low Frequency
15264,1,01-10-2011,Low Frequency
15265,2,01-07-2011,Medium Frequency
15266,1,01-01-2011,Low Frequency
15267,5,01-06-2011,High Frequency
15269,1,,Low Frequency
15270,7,01-02-2011,High Frequency
15271,15,01-12-2010,High Frequency
15272,2,,Medium Frequency
15274,2,01-12-2011,Medium Frequency
15275,1,01-11-2011,Low Frequency
15276,1,01-10-2011,Low Frequency
15277,1,,Low Frequency
15279,1,,Low Frequency
15280,1,,Low Frequency
15281,9,01-01-2011,High Frequency
15286,1,,Low Frequency
15287,2,,Medium Frequency
15288,5,01-12-2010,High Frequency
15289,3,01-04-2011,Medium Frequency
15290,18,01-03-2011,High Frequency
15291,15,01-12-2010,High Frequency
15292,1,,Low Frequency
15296,6,01-05-2011,High Frequency
15297,3,01-10-2011,Medium Frequency
15298,12,01-12-2010,High Frequency
15299,7,01-12-2010,High Frequency
15300,1,01-10-2011,Low Frequency
15301,12,01-12-2010,High Frequency
15303,1,,Low Frequency
15304,8,01-12-2010,High Frequency
15306,3,01-09-2011,Medium Frequency
15307,1,01-09-2011,Low Frequency
15308,1,01-03-2011,Low Frequency
15311,91,01-12-2010,High Frequency
15312,4,01-05-2011,Medium Frequency
15313,1,,Low Frequency
15314,1,,Low Frequency
15315,2,01-10-2011,Medium Frequency
15316,1,,Low Frequency
15318,1,01-12-2011,Low Frequency
15319,1,01-03-2011,Low Frequency
15320,1,,Low Frequency
15321,3,,Medium Frequency
15322,1,,Low Frequency
15325,1,,Low Frequency
15326,1,01-01-2011,Low Frequency
15327,1,,Low Frequency
15329,3,,Medium Frequency
15330,2,01-10-2011,Medium Frequency
15332,4,01-12-2010,Medium Frequency
15333,1,,Low Frequency
15334,3,01-07-2011,Medium Frequency
15335,1,,Low Frequency
15339,2,01-10-2011,Medium Frequency
15341,1,,Low Frequency
15342,1,01-08-2011,Low Frequency
15343,1,,Low Frequency
15344,3,01-11-2011,Medium Frequency
15345,1,,Low Frequency
15346,1,01-01-2011,Low Frequency
15347,1,01-12-2010,Low Frequency
15348,1,,Low Frequency
15349,2,01-06-2011,Medium Frequency
15350,1,01-12-2010,Low Frequency
15351,7,01-12-2010,High Frequency
15353,2,01-12-2010,Medium Frequency
15355,2,01-11-2011,Medium Frequency
15356,10,01-12-2010,High Frequency
15358,22,01-12-2010,High Frequency
15360,1,,Low Frequency
15361,1,,Low Frequency
15363,1,01-12-2010,Low Frequency
15364,2,01-09-2011,Medium Frequency
15365,7,01-09-2011,High Frequency
15366,2,,Medium Frequency
15367,4,01-03-2011,Medium Frequency
15368,1,,Low Frequency
15370,7,01-01-2011,High Frequency
15372,1,,Low Frequency
15373,12,01-12-2010,High Frequency
15374,1,01-08-2011,Low Frequency
15376,3,01-05-2011,Medium Frequency
15379,7,01-01-2011,High Frequency
15380,5,01-12-2010,High Frequency
15381,2,01-05-2011,Medium Frequency
15382,6,01-06-2011,High Frequency
15384,2,,Medium Frequency
15385,1,,Low Frequency
15386,1,01-06-2011,Low Frequency
15388,1,,Low Frequency
15389,1,,Low Frequency
15392,4,01-09-2011,Medium Frequency
15393,2,01-03-2011,Medium Frequency
15394,4,,Medium Frequency
15395,1,,Low Frequency
15396,1,,Low Frequency
15397,1,,Low Frequency
15398,2,,Medium Frequency
15399,3,01-12-2011,Medium Frequency
15400,5,01-03-2011,High Frequency
15402,2,,Medium Frequency
15405,1,01-06-2011,Low Frequency
15406,2,01-02-2011,Medium Frequency
15407,4,01-02-2011,Medium Frequency
15408,1,,Low Frequency
15410,8,01-08-2011,High Frequency
15411,4,01-06-2011,Medium Frequency
15412,1,,Low Frequency
15414,3,01-04-2011,Medium Frequency
15415,1,,Low Frequency
15416,4,01-03-2011,Medium Frequency
15417,1,,Low Frequency
15419,1,,Low Frequency
15421,4,01-02-2011,Medium Frequency
15422,2,,Medium Frequency
15423,1,01-11-2011,Low Frequency
15424,2,,Medium Frequency
15426,5,01-12-2010,High Frequency
15427,3,01-11-2011,Medium Frequency
15428,1,,Low Frequency
15429,2,,Medium Frequency
15432,1,,Low Frequency
15433,2,01-05-2011,Medium Frequency
15434,5,01-11-2011,High Frequency
15435,1,,Low Frequency
15436,3,,Medium Frequency
15437,1,,Low Frequency
15438,1,,Low Frequency
15440,3,,Medium Frequency
15442,1,01-04-2011,Low Frequency
15443,7,01-12-2011,High Frequency
15444,2,,Medium Frequency
15445,1,,Low Frequency
15447,1,,Low Frequency
15448,1,,Low Frequency
15449,3,01-06-2011,Medium Frequency
15450,1,01-11-2011,Low Frequency
15452,3,01-11-2011,Medium Frequency
15453,7,01-06-2011,High Frequency
15454,1,01-12-2010,Low Frequency
15456,3,01-03-2011,Medium Frequency
15457,1,,Low Frequency
15458,1,,Low Frequency
15460,1,,Low Frequency
15462,3,01-06-2011,Medium Frequency
15463,1,01-11-2011,Low Frequency
15464,1,01-01-2011,Low Frequency
15465,18,01-12-2010,High Frequency
15466,1,,Low Frequency
15467,3,01-07-2011,Medium Frequency
15468,2,,Medium Frequency
15469,2,01-08-2011,Medium Frequency
15471,1,01-12-2011,Low Frequency
15472,1,,Low Frequency
15473,7,01-10-2011,High Frequency
15475,1,,Low Frequency
15478,2,,Medium Frequency
15480,1,,Low Frequency
15482,12,01-04-2011,High Frequency
15483,4,01-07-2011,Medium Frequency
15484,4,01-12-2011,Medium Frequency
15485,3,01-12-2010,Medium Frequency
15488,1,01-09-2011,Low Frequency
15489,3,01-05-2011,Medium Frequency
15491,6,01-05-2011,High Frequency
15492,2,01-11-2011,Medium Frequency
15493,5,01-04-2011,High Frequency
15494,2,01-08-2011,Medium Frequency
15497,2,,Medium Frequency
15498,27,01-12-2010,High Frequency
15500,4,01-12-2011,Medium Frequency
15502,12,01-12-2010,High Frequency
15503,1,01-12-2010,Low Frequency
15504,1,,Low Frequency
15505,5,01-07-2011,High Frequency
15506,3,,Medium Frequency
15507,1,,Low Frequency
15508,6,01-05-2011,High Frequency
15510,1,,Low Frequency
15511,5,01-11-2011,High Frequency
15512,2,01-07-2011,Medium Frequency
15513,19,01-12-2010,High Frequency
15514,11,01-12-2010,High Frequency
15516,3,,Medium Frequency
15517,1,,Low Frequency
15518,8,01-01-2011,High Frequency
15520,1,01-12-2011,Low Frequency
15521,8,01-04-2011,High Frequency
15522,2,01-11-2011,Medium Frequency
15523,1,,Low Frequency
15524,1,,Low Frequency
15525,3,01-12-2010,Medium Frequency
15526,2,01-11-2011,Medium Frequency
15527,8,01-05-2011,High Frequency
15528,1,,Low Frequency
15529,11,01-12-2010,High Frequency
15530,4,01-04-2011,Medium Frequency
15531,2,01-11-2011,Medium Frequency
15532,4,,Medium Frequency
15533,3,01-09-2011,Medium Frequency
15535,4,,Medium Frequency
15537,1,,Low Frequency
15539,1,01-12-2011,Low Frequency
15540,1,,Low Frequency
15541,1,,Low Frequency
15543,1,,Low Frequency
15544,9,01-12-2010,High Frequency
15545,2,01-12-2010,Medium Frequency
15547,14,01-12-2010,High Frequency
15549,3,01-07-2011,Medium Frequency
15550,4,01-02-2011,Medium Frequency
15551,1,01-11-2011,Low Frequency
15552,1,01-05-2011,Low Frequency
15553,1,01-10-2011,Low Frequency
15554,1,01-03-2011,Low Frequency
15555,16,01-12-2010,High Frequency
15556,1,,Low Frequency
15557,1,01-11-2011,Low Frequency
15561,4,01-05-2011,Medium Frequency
15562,1,,Low Frequency
15563,4,,Medium Frequency
15565,2,,Medium Frequency
15567,1,,Low Frequency
15568,3,01-12-2011,Medium Frequency
15569,5,01-01-2011,High Frequency
15570,12,01-12-2010,High Frequency
15571,4,01-11-2011,Medium Frequency
15572,7,01-03-2011,High Frequency
15573,2,01-11-2011,Medium Frequency
15574,4,01-12-2010,Medium Frequency
15576,1,01-11-2011,Low Frequency
15577,3,01-02-2011,Medium Frequency
15578,1,,Low Frequency
15579,2,01-10-2011,Medium Frequency
15581,13,01-12-2010,High Frequency
15582,3,01-05-2011,Medium Frequency
15584,4,,Medium Frequency
15585,1,,Low Frequency
15587,4,01-09-2011,Medium Frequency
15589,3,01-02-2011,Medium Frequency
15592,1,,Low Frequency
15593,1,,Low Frequency
15594,5,01-09-2011,High Frequency
15596,5,01-12-2010,High Frequency
15597,1,01-11-2011,Low Frequency
15598,1,,Low Frequency
15599,2,,Medium Frequency
15601,14,01-12-2010,High Frequency
15602,9,01-12-2010,High Frequency
15603,1,,Low Frequency
15604,1,,Low Frequency
15605,5,01-12-2010,High Frequency
15606,9,01-03-2011,High Frequency
15607,1,01-01-2011,Low Frequency
15608,4,01-08-2011,Medium Frequency
15609,1,01-06-2011,Low Frequency
15610,1,,Low Frequency
15611,13,01-01-2011,High Frequency
15612,2,01-10-2011,Medium Frequency
15615,23,01-04-2011,High Frequency
15618,4,01-09-2011,Medium Frequency
15619,1,,Low Frequency
15620,3,01-05-2011,Medium Frequency
15621,4,01-12-2011,Medium Frequency
15622,9,01-03-2011,High Frequency
15623,1,,Low Frequency
15624,4,,Medium Frequency
15625,4,01-08-2011,Medium Frequency
15626,2,,Medium Frequency
15628,9,01-12-2010,High Frequency
15630,2,,Medium Frequency
15632,8,01-03-2011,High Frequency
15634,1,,Low Frequency
15636,2,01-03-2011,Medium Frequency
15637,1,,Low Frequency
15639,1,,Low Frequency
15640,15,01-12-2010,High Frequency
15641,4,01-03-2011,Medium Frequency
15643,3,01-03-2011,Medium Frequency
15644,4,,Medium Frequency
15645,1,,Low Frequency
15646,3,01-12-2010,Medium Frequency
15648,2,,Medium Frequency
15649,2,01-12-2010,Medium Frequency
15651,3,01-11-2011,Medium Frequency
15652,1,01-09-2011,Low Frequency
15653,2,01-09-2011,Medium Frequency
15654,2,,Medium Frequency
15655,1,01-04-2011,Low Frequency
15656,4,01-05-2011,Medium Frequency
15657,1,,Low Frequency
15658,5,01-12-2010,High Frequency
15659,1,,Low Frequency
15660,9,01-12-2010,High Frequency
15661,2,01-01-2011,Medium Frequency
15663,1,,Low Frequency
15664,1,,Low Frequency
15665,2,01-04-2011,Medium Frequency
15667,1,,Low Frequency
15668,1,01-05-2011,Low Frequency
15669,4,,Medium Frequency
15670,1,,Low Frequency
15671,7,01-04-2011,High Frequency
15673,4,01-05-2011,Medium Frequency
15674,5,01-04-2011,High Frequency
15675,3,01-03-2011,Medium Frequency
15676,3,01-03-2011,Medium Frequency
15677,1,,Low Frequency
15678,1,,Low Frequency
15679,4,01-06-2011,Medium Frequency
15680,3,01-12-2010,Medium Frequency
15681,5,01-03-2011,High Frequency
15683,1,,Low Frequency
15687,9,01-02-2011,High Frequency
15689,2,01-08-2011,Medium Frequency
15690,2,01-12-2011,Medium Frequency
15691,1,01-04-2011,Low Frequency
15692,1,01-11-2011,Low Frequency
15694,14,01-12-2010,High Frequency
15695,2,,Medium Frequency
15696,8,01-03-2011,High Frequency
15699,1,,Low Frequency
15700,2,,Medium Frequency
15701,4,01-10-2011,Medium Frequency
15703,1,,Low Frequency
15704,4,01-05-2011,Medium Frequency
15705,1,,Low Frequency
15706,4,01-10-2011,Medium Frequency
15707,4,01-10-2011,Medium Frequency
15708,7,01-12-2010,High Frequency
15709,1,01-03-2011,Low Frequency
15712,5,01-06-2011,High Frequency
15713,2,01-12-2010,Medium Frequency
15714,2,,Medium Frequency
15716,4,01-12-2010,Medium Frequency
15717,1,,Low Frequency
15719,13,01-01-2011,High Frequency
15720,1,,Low Frequency
15721,1,,Low Frequency
15722,5,01-06-2011,High Frequency
15723,1,01-12-2010,Low Frequency
15724,2,,Medium Frequency
15725,1,,Low Frequency
15727,7,01-01-2011,High Frequency
15729,1,01-05-2011,Low Frequency
15730,3,01-09-2011,Medium Frequency
15732,2,01-12-2010,Medium Frequency
15733,1,01-03-2011,Low Frequency
15734,2,,Medium Frequency
15737,8,01-04-2011,High Frequency
15738,16,01-12-2010,High Frequency
15739,1,01-10-2011,Low Frequency
15740,1,,Low Frequency
15743,4,01-06-2011,Medium Frequency
15744,1,,Low Frequency
15745,4,01-11-2011,Medium Frequency
15746,1,,Low Frequency
15747,3,01-08-2011,Medium Frequency
15748,1,,Low Frequency
15749,3,01-01-2011,Medium Frequency
15750,8,01-12-2010,High Frequency
15752,7,01-12-2010,High Frequency
15753,1,01-02-2011,Low Frequency
15754,3,01-04-2011,Medium Frequency
15755,6,01-09-2011,High Frequency
15756,4,01-04-2011,Medium Frequency
15757,2,01-05-2011,Medium Frequency
15758,1,,Low Frequency
15759,3,01-05-2011,Medium Frequency
15762,2,01-10-2011,Medium Frequency
15763,2,01-11-2011,Medium Frequency
15764,6,01-03-2011,High Frequency
15766,1,01-10-2011,Low Frequency
15768,3,,Medium Frequency
15769,26,01-12-2010,High Frequency
15773,1,01-12-2011,Low Frequency
15774,1,01-10-2011,Low Frequency
15775,1,01-04-2011,Low Frequency
15776,1,,Low Frequency
15777,4,01-04-2011,Medium Frequency
15780,3,01-04-2011,Medium Frequency
15781,3,01-02-2011,Medium Frequency
15782,3,01-09-2011,Medium Frequency
15783,1,,Low Frequency
15785,5,01-07-2011,High Frequency
15786,3,,Medium Frequency
15787,3,01-10-2011,Medium Frequency
15789,1,,Low Frequency
15790,1,,Low Frequency
15791,2,,Medium Frequency
15793,3,,Medium Frequency
15795,1,,Low Frequency
15796,8,01-02-2011,High Frequency
15797,4,01-02-2011,Medium Frequency
15799,3,01-01-2011,Medium Frequency
15800,2,01-04-2011,Medium Frequency
15801,3,01-10-2011,Medium Frequency
15802,1,,Low Frequency
15803,1,,Low Frequency
15804,13,01-09-2011,High Frequency
15805,17,01-12-2010,High Frequency
15806,3,01-03-2011,Medium Frequency
15807,3,,Medium Frequency
15808,4,01-12-2010,Medium Frequency
15809,5,01-02-2011,High Frequency
15810,4,,Medium Frequency
15811,6,01-12-2010,High Frequency
15812,5,01-06-2011,High Frequency
15813,2,,Medium Frequency
15814,4,01-11-2011,Medium Frequency
15815,5,01-04-2011,High Frequency
15819,4,01-03-2011,Medium Frequency
15820,1,,Low Frequency
15821,2,01-10-2011,Medium Frequency
15822,2,01-12-2011,Medium Frequency
15823,1,01-12-2010,Low Frequency
15825,1,,Low Frequency
15826,3,,Medium Frequency
15827,14,01-12-2010,High Frequency
15829,2,01-09-2011,Medium Frequency
15830,1,01-11-2011,Low Frequency
15831,3,01-08-2011,Medium Frequency
15832,1,,Low Frequency
15834,4,01-03-2011,Medium Frequency
15835,4,,Medium Frequency
15836,1,,Low Frequency
15837,1,01-10-2011,Low Frequency
15838,19,01-12-2010,High Frequency
15839,3,01-11-2011,Medium Frequency
15840,2,01-10-2011,Medium Frequency
15841,4,01-01-2011,Medium Frequency
15843,1,01-02-2011,Low Frequency
15844,1,,Low Frequency
15845,8,01-01-2011,High Frequency
15847,2,01-11-2011,Medium Frequency
15850,2,,Medium Frequency
15852,2,01-06-2011,Medium Frequency
15853,1,,Low Frequency
15854,12,01-02-2011,High Frequency
15855,5,01-06-2011,High Frequency
15856,27,01-12-2010,High Frequency
15857,1,,Low Frequency
15858,5,01-12-2010,High Frequency
15860,8,01-12-2010,High Frequency
15861,8,,High Frequency
15862,4,01-12-2010,Medium Frequency
15863,2,,Medium Frequency
15864,6,01-09-2011,High Frequency
15865,3,01-05-2011,Medium Frequency
15866,1,,Low Frequency
15867,15,01-12-2010,High Frequency
15869,2,01-03-2011,Medium Frequency
15870,1,01-11-2011,Low Frequency
15872,2,,Medium Frequency
15874,7,01-04-2011,High Frequency
15877,2,01-12-2011,Medium Frequency
15880,1,01-12-2010,Low Frequency
15881,5,01-12-2010,High Frequency
15882,4,01-12-2010,Medium Frequency
15883,2,01-11-2011,Medium Frequency
15885,3,01-02-2011,Medium Frequency
15886,1,01-10-2011,Low Frequency
15888,1,,Low Frequency
15889,2,01-12-2010,Medium Frequency
15891,1,,Low Frequency
15894,2,01-12-2010,Medium Frequency
15895,1,,Low Frequency
15897,2,,Medium Frequency
15898,5,01-12-2010,High Frequency
15899,1,01-12-2010,Low Frequency
15900,1,,Low Frequency
15901,3,01-07-2011,Medium Frequency
15903,7,01-11-2011,High Frequency
15904,1,01-12-2011,Low Frequency
15906,7,01-05-2011,High Frequency
15907,3,01-12-2011,Medium Frequency
15909,1,,Low Frequency
15910,8,01-04-2011,High Frequency
15912,2,,Medium Frequency
15916,8,01-12-2010,High Frequency
15917,1,01-04-2011,Low Frequency
15918,2,01-06-2011,Medium Frequency
15919,2,01-12-2010,Medium Frequency
15920,4,01-07-2011,Medium Frequency
15921,1,,Low Frequency
15922,1,01-12-2010,Low Frequency
15923,1,01-12-2010,Low Frequency
15925,1,,Low Frequency
15930,1,01-10-2011,Low Frequency
15932,8,01-04-2011,High Frequency
15933,3,,Medium Frequency
15935,2,01-04-2011,Medium Frequency
15937,1,01-10-2011,Low Frequency
15938,5,01-04-2011,High Frequency
15939,15,01-01-2011,High Frequency
15940,1,01-02-2011,Low Frequency
15942,1,,Low Frequency
15944,1,01-03-2011,Low Frequency
15945,1,01-12-2010,Low Frequency
15947,1,,Low Frequency
15948,2,01-12-2011,Medium Frequency
15949,2,,Medium Frequency
15950,4,01-11-2011,Medium Frequency
15951,2,01-12-2011,Medium Frequency
15952,4,01-07-2011,Medium Frequency
15953,8,01-12-2010,High Frequency
15955,14,01-12-2010,High Frequency
15957,1,01-11-2011,Low Frequency
15958,1,,Low Frequency
15963,2,,Medium Frequency
15965,4,01-12-2010,Medium Frequency
15967,2,,Medium Frequency
15969,3,01-06-2011,Medium Frequency
15970,1,01-02-2011,Low Frequency
15971,12,01-02-2011,High Frequency
15973,1,01-12-2010,Low Frequency
15974,7,01-03-2011,High Frequency
15975,1,,Low Frequency
15976,2,01-05-2011,Medium Frequency
15977,2,,Medium Frequency
15978,1,,Low Frequency
15980,3,01-09-2011,Medium Frequency
15981,8,01-02-2011,High Frequency
15983,4,01-12-2010,Medium Frequency
15984,10,01-12-2010,High Frequency
15985,2,01-08-2011,Medium Frequency
15986,1,01-11-2011,Low Frequency
15987,7,01-12-2010,High Frequency
15988,1,,Low Frequency
15990,2,,Medium Frequency
15992,1,01-12-2011,Low Frequency
15993,7,01-11-2011,High Frequency
15994,1,,Low Frequency
15996,6,01-12-2010,High Frequency
15998,5,01-12-2010,High Frequency
16000,3,01-12-2011,Medium Frequency
16003,5,01-11-2011,High Frequency
16005,4,01-06-2011,Medium Frequency
16006,1,01-05-2011,Low Frequency
16007,4,01-05-2011,Medium Frequency
16008,3,,Medium Frequency
16009,4,01-07-2011,Medium Frequency
16010,3,01-12-2010,Medium Frequency
16011,16,01-12-2010,High Frequency
16012,3,01-07-2011,Medium Frequency
16013,47,01-12-2010,High Frequency
16014,3,01-07-2011,Medium Frequency
16015,3,01-12-2011,Medium Frequency
16016,8,01-12-2010,High Frequency
16017,1,,Low Frequency
16018,2,01-06-2011,Medium Frequency
16019,9,01-12-2010,High Frequency
16020,3,01-10-2011,Medium Frequency
16022,1,,Low Frequency
16023,3,,Medium Frequency
16024,1,,Low Frequency
16025,1,01-11-2011,Low Frequency
16026,1,,Low Frequency
16027,6,01-02-2011,High Frequency
16029,63,01-12-2010,High Frequency
16030,1,01-02-2011,Low Frequency
16031,2,01-04-2011,Medium Frequency
16033,20,01-12-2010,High Frequency
16034,3,01-01-2011,Medium Frequency
16036,2,,Medium Frequency
16037,3,01-02-2011,Medium Frequency
16038,3,01-12-2011,Medium Frequency
16040,3,01-10-2011,Medium Frequency
16041,3,01-11-2011,Medium Frequency
16042,5,01-01-2011,High Frequency
16043,4,01-04-2011,Medium Frequency
16045,4,01-04-2011,Medium Frequency
16048,2,01-12-2010,Medium Frequency
16049,3,,Medium Frequency
16050,1,,Low Frequency
16052,1,,Low Frequency
16053,2,01-08-2011,Medium Frequency
16054,1,,Low Frequency
16055,1,01-05-2011,Low Frequency
16056,1,,Low Frequency
16057,7,01-05-2011,High Frequency
16059,6,01-12-2010,High Frequency
16062,4,01-12-2010,Medium Frequency
16063,1,,Low Frequency
16065,1,01-12-2010,Low Frequency
16066,5,01-08-2011,High Frequency
16070,2,01-11-2011,Medium Frequency
16071,1,,Low Frequency
16072,1,,Low Frequency
16073,1,,Low Frequency
16076,10,01-08-2011,High Frequency
16078,1,01-03-2011,Low Frequency
16079,3,,Medium Frequency
16080,2,01-03-2011,Medium Frequency
16081,5,01-12-2010,High Frequency
16083,2,,Medium Frequency
16084,1,,Low Frequency
16085,5,01-10-2011,High Frequency
16086,5,01-12-2010,High Frequency
16091,2,01-07-2011,Medium Frequency
16092,3,,Medium Frequency
16093,1,,Low Frequency
16094,4,01-05-2011,Medium Frequency
16096,1,,Low Frequency
16097,1,,Low Frequency
16098,7,01-12-2010,High Frequency
16099,3,,Medium Frequency
16101,1,,Low Frequency
16102,3,01-08-2011,Medium Frequency
16103,6,01-06-2011,High Frequency
16104,1,01-10-2011,Low Frequency
16105,1,01-04-2011,Low Frequency
16106,1,01-10-2011,Low Frequency
16107,7,01-06-2011,High Frequency
16108,1,,Low Frequency
16109,2,01-02-2011,Medium Frequency
16110,3,01-02-2011,Medium Frequency
16112,4,01-01-2011,Medium Frequency
16113,1,01-06-2011,Low Frequency
16114,1,,Low Frequency
16115,8,01-05-2011,High Frequency
16116,1,01-05-2011,Low Frequency
16117,1,01-06-2011,Low Frequency
16119,2,01-12-2011,Medium Frequency
16120,4,01-10-2011,Medium Frequency
16121,2,01-05-2011,Medium Frequency
16122,4,01-12-2010,Medium Frequency
16123,1,,Low Frequency
16124,1,,Low Frequency
16125,1,01-12-2010,Low Frequency
16126,4,01-06-2011,Medium Frequency
16127,1,,Low Frequency
16128,5,01-03-2011,High Frequency
16131,6,,High Frequency
16133,33,01-04-2011,High Frequency
16134,2,,Medium Frequency
16135,1,,Low Frequency
16136,3,01-03-2011,Medium Frequency
16139,3,,Medium Frequency
16140,2,01-12-2010,Medium Frequency
16141,1,01-09-2011,Low Frequency
16142,1,01-04-2011,Low Frequency
16143,6,01-12-2010,High Frequency
16144,1,01-04-2011,Low Frequency
16145,11,01-01-2011,High Frequency
16146,3,01-07-2011,Medium Frequency
16147,1,,Low Frequency
16148,1,,Low Frequency
16149,2,01-12-2011,Medium Frequency
16150,5,01-12-2010,High Frequency
16152,1,,Low Frequency
16153,5,01-05-2011,High Frequency
16156,9,01-02-2011,High Frequency
16157,3,,Medium Frequency
16159,1,01-03-2011,Low Frequency
16160,2,01-10-2011,Medium Frequency
16161,19,01-12-2010,High Frequency
16162,1,01-04-2011,Low Frequency
16163,2,01-12-2010,Medium Frequency
16164,3,,Medium Frequency
16168,27,01-12-2010,High Frequency
16169,4,01-11-2011,Medium Frequency
16170,6,01-04-2011,High Frequency
16171,1,01-10-2011,Low Frequency
16172,5,01-04-2011,High Frequency
16173,6,01-09-2011,High Frequency
16174,3,01-07-2011,Medium Frequency
16175,4,01-09-2011,Medium Frequency
16177,1,,Low Frequency
16178,1,,Low Frequency
16179,1,01-10-2011,Low Frequency
16180,8,01-04-2011,High Frequency
16181,1,,Low Frequency
16182,4,01-08-2011,Medium Frequency
16183,1,01-10-2011,Low Frequency
16184,6,01-05-2011,High Frequency
16185,2,,Medium Frequency
16186,12,01-12-2010,High Frequency
16187,15,01-08-2011,High Frequency
16188,4,01-04-2011,Medium Frequency
16189,2,,Medium Frequency
16190,1,,Low Frequency
16191,13,01-01-2011,High Frequency
16193,1,,Low Frequency
16198,1,,Low Frequency
16200,2,01-12-2011,Medium Frequency
16201,4,01-12-2011,Medium Frequency
16202,1,,Low Frequency
16203,4,01-12-2010,Medium Frequency
16204,1,,Low Frequency
16205,4,01-10-2011,Medium Frequency
16206,4,01-08-2011,Medium Frequency
16207,1,,Low Frequency
16208,2,,Medium Frequency
16209,5,01-04-2011,High Frequency
16210,18,01-12-2010,High Frequency
16211,1,01-09-2011,Low Frequency
16212,2,01-03-2011,Medium Frequency
16213,1,,Low Frequency
16214,3,01-04-2011,Medium Frequency
16215,1,,Low Frequency
16216,1,,Low Frequency
16217,2,01-03-2011,Medium Frequency
16218,7,01-12-2010,High Frequency
16221,3,01-12-2010,Medium Frequency
16222,1,,Low Frequency
16224,4,01-04-2011,Medium Frequency
16225,5,01-03-2011,High Frequency
16226,3,,Medium Frequency
16227,1,,Low Frequency
16229,2,01-05-2011,Medium Frequency
16230,2,01-05-2011,Medium Frequency
16232,4,01-05-2011,Medium Frequency
16233,3,01-12-2010,Medium Frequency
16235,5,01-01-2011,High Frequency
16236,1,,Low Frequency
16239,2,01-06-2011,Medium Frequency
16240,2,,Medium Frequency
16241,13,01-12-2010,High Frequency
16242,7,01-03-2011,High Frequency
16243,2,01-11-2011,Medium Frequency
16244,2,01-12-2010,Medium Frequency
16245,3,01-08-2011,Medium Frequency
16247,1,,Low Frequency
16248,1,01-10-2011,Low Frequency
16249,5,,High Frequency
16250,2,01-12-2010,Medium Frequency
16253,2,01-10-2011,Medium Frequency
16255,8,01-12-2010,High Frequency
16256,1,,Low Frequency
16257,1,,Low Frequency
16258,5,01-05-2011,High Frequency
16260,1,,Low Frequency
16261,4,01-04-2011,Medium Frequency
16265,9,01-12-2010,High Frequency
16266,7,,High Frequency
16268,2,,Medium Frequency
16270,1,,Low Frequency
16271,5,01-08-2011,High Frequency
16272,1,,Low Frequency
16274,1,01-12-2010,Low Frequency
16275,1,,Low Frequency
16276,1,,Low Frequency
16278,1,,Low Frequency
16279,3,,Medium Frequency
16281,1,,Low Frequency
16282,1,01-01-2011,Low Frequency
16283,5,01-07-2011,High Frequency
16284,2,01-11-2011,Medium Frequency
16287,1,,Low Frequency
16292,1,01-08-2011,Low Frequency
16293,10,01-12-2010,High Frequency
16295,4,01-10-2011,Medium Frequency
16297,1,,Low Frequency
16298,3,01-06-2011,Medium Frequency
16302,1,01-08-2011,Low Frequency
16303,3,01-01-2011,Medium Frequency
16305,1,,Low Frequency
16306,6,01-12-2010,High Frequency
16308,4,01-05-2011,Medium Frequency
16309,2,,Medium Frequency
16311,2,,Medium Frequency
16313,2,01-12-2011,Medium Frequency
16315,1,,Low Frequency
16316,8,01-03-2011,High Frequency
16317,3,01-07-2011,Medium Frequency
16318,1,01-11-2011,Low Frequency
16319,1,01-05-2011,Low Frequency
16320,2,01-05-2011,Medium Frequency
16321,5,01-02-2011,High Frequency
16322,2,01-11-2011,Medium Frequency
16323,1,,Low Frequency
16324,3,01-08-2011,Medium Frequency
16325,3,01-04-2011,Medium Frequency
16326,14,01-01-2011,High Frequency
16327,6,01-12-2010,High Frequency
16330,3,,Medium Frequency
16332,7,01-02-2011,High Frequency
16333,22,01-02-2011,High Frequency
16337,1,01-11-2011,Low Frequency
16338,1,01-07-2011,Low Frequency
16339,1,,Low Frequency
16340,1,,Low Frequency
16341,4,,Medium Frequency
16342,4,,Medium Frequency
16343,2,,Medium Frequency
16344,1,01-07-2011,Low Frequency
16345,1,,Low Frequency
16347,2,01-11-2011,Medium Frequency
16348,7,01-06-2011,High Frequency
16349,1,,Low Frequency
16350,4,01-01-2011,Medium Frequency
16351,1,01-01-2011,Low Frequency
16352,2,01-11-2011,Medium Frequency
16353,23,01-12-2010,High Frequency
16354,2,01-10-2011,Medium Frequency
16356,3,01-03-2011,Medium Frequency
16357,3,01-05-2011,Medium Frequency
16358,4,01-06-2011,Medium Frequency
16359,9,01-01-2011,High Frequency
16360,6,01-09-2011,High Frequency
16361,4,,Medium Frequency
16362,5,01-09-2011,High Frequency
16363,1,,Low Frequency
16364,2,,Medium Frequency
16365,9,01-12-2010,High Frequency
16366,1,,Low Frequency
16367,2,01-12-2010,Medium Frequency
16368,2,01-11-2011,Medium Frequency
16369,3,,Medium Frequency
16370,4,01-06-2011,Medium Frequency
16372,2,01-11-2011,Medium Frequency
16374,2,01-10-2011,Medium Frequency
16376,2,01-12-2011,Medium Frequency
16377,1,,Low Frequency
16378,3,01-02-2011,Medium Frequency
16379,4,01-11-2011,Medium Frequency
16380,1,01-10-2011,Low Frequency
16383,2,,Medium Frequency
16384,2,01-09-2011,Medium Frequency
16385,3,01-12-2010,Medium Frequency
16386,2,01-11-2011,Medium Frequency
16387,1,,Low Frequency
16389,4,01-03-2011,Medium Frequency
16392,1,,Low Frequency
16393,13,01-12-2010,High Frequency
16394,5,01-04-2011,High Frequency
16395,5,01-10-2011,High Frequency
16398,2,01-07-2011,Medium Frequency
16399,2,,Medium Frequency
16400,1,01-09-2011,Low Frequency
16401,12,01-05-2011,High Frequency
16402,2,01-12-2010,Medium Frequency
16403,1,,Low Frequency
16404,1,,Low Frequency
16405,2,01-02-2011,Medium Frequency
16406,1,,Low Frequency
16407,10,01-04-2011,High Frequency
16409,5,01-04-2011,High Frequency
16411,2,01-12-2010,Medium Frequency
16412,1,,Low Frequency
16413,1,,Low Frequency
16414,2,01-03-2011,Medium Frequency
16415,1,,Low Frequency
16416,3,,Medium Frequency
16418,3,01-09-2011,Medium Frequency
16419,6,01-02-2011,High Frequency
16422,51,01-12-2010,High Frequency
16423,1,,Low Frequency
16424,1,01-06-2011,Low Frequency
16425,1,01-02-2011,Low Frequency
16426,10,01-03-2011,High Frequency
16427,2,,Medium Frequency
16429,1,,Low Frequency
16430,1,,Low Frequency
16431,3,01-05-2011,Medium Frequency
16432,1,01-10-2011,Low Frequency
16433,1,01-11-2011,Low Frequency
16434,7,01-09-2011,High Frequency
16438,5,01-11-2011,High Frequency
16440,5,01-05-2011,High Frequency
16441,2,01-10-2011,Medium Frequency
16442,3,01-12-2011,Medium Frequency
16444,4,01-09-2011,Medium Frequency
16445,1,01-11-2011,Low Frequency
16446,2,01-12-2011,Medium Frequency
16447,1,,Low Frequency
16448,1,,Low Frequency
16449,2,01-03-2011,Medium Frequency
16450,1,,Low Frequency
16451,1,,Low Frequency
16454,2,01-10-2011,Medium Frequency
16455,7,01-12-2010,High Frequency
16456,5,01-12-2010,High Frequency
16457,1,01-05-2011,Low Frequency
16458,18,01-02-2011,High Frequency
16460,3,01-11-2011,Medium Frequency
16461,1,,Low Frequency
16462,3,01-03-2011,Medium Frequency
16463,4,,Medium Frequency
16464,3,,Medium Frequency
16466,7,01-06-2011,High Frequency
16468,1,,Low Frequency
16469,4,01-04-2011,Medium Frequency
16470,4,,Medium Frequency
16471,1,01-03-2011,Low Frequency
16473,3,01-01-2011,Medium Frequency
16474,7,01-09-2011,High Frequency
16475,4,01-03-2011,Medium Frequency
16477,7,01-12-2010,High Frequency
16478,3,01-10-2011,Medium Frequency
16479,2,,Medium Frequency
16480,1,,Low Frequency
16482,1,,Low Frequency
16483,1,,Low Frequency
16484,2,01-06-2011,Medium Frequency
16485,1,,Low Frequency
16488,3,01-11-2011,Medium Frequency
16491,1,,Low Frequency
16493,4,,Medium Frequency
16494,1,,Low Frequency
16495,3,01-03-2011,Medium Frequency
16496,3,01-12-2011,Medium Frequency
16497,6,01-01-2011,High Frequency
16498,2,01-07-2011,Medium Frequency
16499,2,01-12-2010,Medium Frequency
16500,6,01-11-2011,High Frequency
16503,4,01-05-2011,Medium Frequency
16504,1,,Low Frequency
16505,1,01-11-2011,Low Frequency
16506,2,,Medium Frequency
16509,1,,Low Frequency
16510,1,01-12-2010,Low Frequency
16511,3,,Medium Frequency
16513,4,01-12-2011,Medium Frequency
16515,5,01-02-2011,High Frequency
16516,1,01-11-2011,Low Frequency
16517,1,01-03-2011,Low Frequency
16518,2,01-10-2011,Medium Frequency
16519,2,01-12-2010,Medium Frequency
16520,3,01-12-2010,Medium Frequency
16523,21,01-05-2011,High Frequency
16525,26,01-12-2010,High Frequency
16526,1,,Low Frequency
16527,1,,Low Frequency
16528,1,01-12-2011,Low Frequency
16529,1,01-06-2011,Low Frequency
16531,7,01-08-2011,High Frequency
16532,3,01-01-2011,Medium Frequency
16533,3,01-10-2011,Medium Frequency
16535,1,01-12-2011,Low Frequency
16536,1,,Low Frequency
16539,4,01-12-2010,Medium Frequency
16542,1,,Low Frequency
16545,1,,Low Frequency
16546,2,01-12-2010,Medium Frequency
16549,10,01-01-2011,High Frequency
16550,5,01-12-2010,High Frequency
16551,3,01-01-2011,Medium Frequency
16552,2,01-12-2010,Medium Frequency
16553,12,01-02-2011,High Frequency
16554,3,01-01-2011,Medium Frequency
16555,2,01-11-2011,Medium Frequency
16556,7,01-04-2011,High Frequency
16557,2,,Medium Frequency
16558,20,01-12-2010,High Frequency
16560,2,,Medium Frequency
16561,2,01-10-2011,Medium Frequency
16563,1,,Low Frequency
16565,1,01-12-2010,Low Frequency
16566,5,,High Frequency
16567,2,01-01-2011,Medium Frequency
16569,1,01-12-2011,Low Frequency
16570,10,01-02-2011,High Frequency
16571,3,01-03-2011,Medium Frequency
16572,3,01-03-2011,Medium Frequency
16573,2,,Medium Frequency
16574,1,,Low Frequency
16581,1,01-06-2011,Low Frequency
16582,1,,Low Frequency
16583,1,01-12-2010,Low Frequency
16584,2,,Medium Frequency
16586,1,01-04-2011,Low Frequency
16587,1,,Low Frequency
16589,3,01-07-2011,Medium Frequency
16591,1,01-10-2011,Low Frequency
16592,16,01-04-2011,High Frequency
16593,3,01-06-2011,Medium Frequency
16594,1,,Low Frequency
16595,1,01-10-2011,Low Frequency
16596,2,01-12-2010,Medium Frequency
16597,1,01-12-2011,Low Frequency
16598,1,,Low Frequency
16600,6,01-01-2011,High Frequency
16601,1,,Low Frequency
16602,1,01-11-2011,Low Frequency
16603,2,01-09-2011,Medium Frequency
16607,14,01-02-2011,High Frequency
16609,7,01-04-2011,High Frequency
16610,1,01-05-2011,Low Frequency
16611,1,01-06-2011,Low Frequency
16612,4,01-02-2011,Medium Frequency
16613,1,,Low Frequency
16614,1,01-06-2011,Low Frequency
16616,2,01-07-2011,Medium Frequency
16617,1,,Low Frequency
16618,5,01-11-2011,High Frequency
16619,1,,Low Frequency
16620,2,01-12-2011,Medium Frequency
16621,4,01-03-2011,Medium Frequency
16623,1,01-04-2011,Low Frequency
16624,2,,Medium Frequency
16625,1,01-03-2011,Low Frequency
16626,17,01-06-2011,High Frequency
16627,1,,Low Frequency
16628,5,01-05-2011,High Frequency
16629,2,01-09-2011,Medium Frequency
16633,6,01-06-2011,High Frequency
16634,2,01-12-2010,Medium Frequency
16637,4,01-08-2011,Medium Frequency
16638,10,01-12-2010,High Frequency
16639,3,01-11-2011,Medium Frequency
16641,1,,Low Frequency
16642,2,01-12-2011,Medium Frequency
16643,1,01-04-2011,Low Frequency
16644,2,01-05-2011,Medium Frequency
16647,2,,Medium Frequency
16648,1,,Low Frequency
16650,1,,Low Frequency
16652,7,01-03-2011,High Frequency
16653,2,,Medium Frequency
16654,4,01-12-2010,Medium Frequency
16655,6,01-01-2011,High Frequency
16656,15,01-12-2010,High Frequency
16657,4,,Medium Frequency
16658,1,01-12-2010,Low Frequency
16659,1,01-06-2011,Low Frequency
16660,4,,Medium Frequency
16665,1,01-12-2010,Low Frequency
16666,1,,Low Frequency
16667,2,01-10-2011,Medium Frequency
16668,6,01-05-2011,High Frequency
16669,3,,Medium Frequency
16670,11,01-01-2011,High Frequency
16671,3,01-11-2011,Medium Frequency
16672,20,01-04-2011,High Frequency
16674,2,01-09-2011,Medium Frequency
16676,4,01-01-2011,Medium Frequency
16678,12,01-03-2011,High Frequency
16679,1,01-12-2010,Low Frequency
16680,1,,Low Frequency
16681,6,,High Frequency
16682,5,01-06-2011,High Frequency
16684,28,01-02-2011,High Frequency
16685,2,01-10-2011,Medium Frequency
16686,7,01-02-2011,High Frequency
16688,4,01-10-2011,Medium Frequency
16689,2,,Medium Frequency
16690,2,,Medium Frequency
16692,2,,Medium Frequency
16693,2,01-10-2011,Medium Frequency
16696,4,01-04-2011,Medium Frequency
16697,1,01-04-2011,Low Frequency
16698,2,,Medium Frequency
16700,13,01-12-2010,High Frequency
16701,13,01-01-2011,High Frequency
16705,20,01-02-2011,High Frequency
16706,3,01-09-2011,Medium Frequency
16708,1,,Low Frequency
16709,5,01-03-2011,High Frequency
16710,10,01-12-2010,High Frequency
16711,5,01-02-2011,High Frequency
16712,11,01-03-2011,High Frequency
16713,15,01-12-2010,High Frequency
16714,3,01-05-2011,Medium Frequency
16715,1,,Low Frequency
16716,2,01-02-2011,Medium Frequency
16717,6,01-12-2010,High Frequency
16718,1,01-12-2010,Low Frequency
16719,7,01-12-2010,High Frequency
16720,1,,Low Frequency
16721,1,,Low Frequency
16722,13,01-12-2010,High Frequency
16723,2,01-09-2011,Medium Frequency
16725,7,01-12-2010,High Frequency
16726,5,,High Frequency
16727,1,01-12-2010,Low Frequency
16728,4,,Medium Frequency
16729,21,01-04-2011,High Frequency
16730,3,,Medium Frequency
16732,1,01-11-2011,Low Frequency
16734,3,,Medium Frequency
16735,5,01-01-2011,High Frequency
16737,1,,Low Frequency
16738,1,,Low Frequency
16739,1,,Low Frequency
16742,1,,Low Frequency
16743,7,01-03-2011,High Frequency
16744,7,01-09-2011,High Frequency
16745,17,01-02-2011,High Frequency
16746,18,01-05-2011,High Frequency
16747,2,01-10-2011,Medium Frequency
16748,5,01-01-2011,High Frequency
16750,5,01-08-2011,High Frequency
16751,1,01-11-2011,Low Frequency
16752,1,01-12-2010,Low Frequency
16753,1,01-10-2011,Low Frequency
16754,1,01-12-2010,Low Frequency
16755,3,,Medium Frequency
16756,1,01-05-2011,Low Frequency
16757,1,,Low Frequency
16758,1,01-10-2011,Low Frequency
16759,3,01-11-2011,Medium Frequency
16761,1,01-09-2011,Low Frequency
16762,3,,Medium Frequency
16763,1,,Low Frequency
16764,13,01-08-2011,High Frequency
16765,1,,Low Frequency
16766,2,01-03-2011,Medium Frequency
16767,11,01-05-2011,High Frequency
16768,3,,Medium Frequency
16769,1,,Low Frequency
16770,5,01-12-2010,High Frequency
16771,5,01-01-2011,High Frequency
16773,1,,Low Frequency
16774,4,01-10-2011,Medium Frequency
16775,11,01-12-2010,High Frequency
16776,1,01-10-2011,Low Frequency
16777,2,,Medium Frequency
16778,2,01-03-2011,Medium Frequency
16779,22,01-12-2010,High Frequency
16780,2,,Medium Frequency
16781,1,01-12-2010,Low Frequency
16782,13,01-12-2010,High Frequency
16784,1,,Low Frequency
16788,2,01-08-2011,Medium Frequency
16789,1,01-12-2011,Low Frequency
16790,6,01-11-2011,High Frequency
16791,7,01-01-2011,High Frequency
16792,2,01-03-2011,Medium Frequency
16793,1,,Low Frequency
16794,10,01-06-2011,High Frequency
16795,1,01-12-2010,Low Frequency
16796,1,01-09-2011,Low Frequency
16800,1,,Low Frequency
16801,4,01-03-2011,Medium Frequency
16803,1,01-10-2011,Low Frequency
16804,3,,Medium Frequency
16805,2,,Medium Frequency
16806,4,01-05-2011,Medium Frequency
16807,3,01-05-2011,Medium Frequency
16808,2,01-03-2011,Medium Frequency
16809,5,01-10-2011,High Frequency
16810,1,,Low Frequency
16811,2,01-12-2011,Medium Frequency
16812,1,,Low Frequency
16813,10,01-06-2011,High Frequency
16814,21,01-12-2010,High Frequency
16816,4,,Medium Frequency
16817,9,01-12-2010,High Frequency
16818,11,01-06-2011,High Frequency
16820,1,01-09-2011,Low Frequency
16823,1,,Low Frequency
16824,2,,Medium Frequency
16825,2,01-06-2011,Medium Frequency
16826,1,,Low Frequency
16828,2,01-09-2011,Medium Frequency
16829,1,01-07-2011,Low Frequency
16830,1,01-11-2011,Low Frequency
16832,3,01-05-2011,Medium Frequency
16833,4,01-01-2011,Medium Frequency
16834,1,,Low Frequency
16835,2,01-12-2010,Medium Frequency
16836,2,,Medium Frequency
16837,11,01-04-2011,High Frequency
16838,2,,Medium Frequency
16839,34,01-12-2010,High Frequency
16841,6,01-05-2011,High Frequency
16842,3,01-02-2011,Medium Frequency
16843,16,01-04-2011,High Frequency
16846,1,,Low Frequency
16847,1,,Low Frequency
16848,1,,Low Frequency
16849,1,01-06-2011,Low Frequency
16850,1,01-01-2011,Low Frequency
16851,3,01-12-2011,Medium Frequency
16852,2,,Medium Frequency
16855,2,,Medium Frequency
16856,1,,Low Frequency
16858,1,01-12-2010,Low Frequency
16859,2,,Medium Frequency
16861,2,01-07-2011,Medium Frequency
16863,2,01-12-2010,Medium Frequency
16866,3,01-07-2011,Medium Frequency
16869,4,,Medium Frequency
16871,6,01-09-2011,High Frequency
16872,3,01-06-2011,Medium Frequency
16873,6,01-12-2010,High Frequency
16875,5,01-01-2011,High Frequency
16877,6,01-07-2011,High Frequency
16878,1,,Low Frequency
16880,7,01-06-2011,High Frequency
16881,1,01-10-2011,Low Frequency
16882,3,01-10-2011,Medium Frequency
16883,2,01-12-2010,Medium Frequency
16884,2,01-11-2011,Medium Frequency
16885,3,,Medium Frequency
16887,1,01-11-2011,Low Frequency
16889,3,01-01-2011,Medium Frequency
16891,5,01-12-2010,High Frequency
16892,5,01-06-2011,High Frequency
16893,1,01-12-2010,Low Frequency
16895,1,01-10-2011,Low Frequency
16897,2,,Medium Frequency
16898,3,01-12-2010,Medium Frequency
16899,6,01-09-2011,High Frequency
16900,3,01-10-2011,Medium Frequency
16902,1,,Low Frequency
16903,1,01-11-2011,Low Frequency
16904,16,01-12-2010,High Frequency
16905,7,01-12-2010,High Frequency
16906,4,01-04-2011,Medium Frequency
16907,5,01-12-2010,High Frequency
16909,1,,Low Frequency
16910,8,01-09-2011,High Frequency
16912,11,01-10-2011,High Frequency
16913,1,,Low Frequency
16914,1,01-11-2011,Low Frequency
16915,6,01-03-2011,High Frequency
16916,2,01-12-2010,Medium Frequency
16917,1,01-03-2011,Low Frequency
16918,6,01-07-2011,High Frequency
16919,11,01-12-2010,High Frequency
16921,1,01-10-2011,Low Frequency
16923,19,01-12-2010,High Frequency
16924,3,01-10-2011,Medium Frequency
16926,1,01-12-2010,Low Frequency
16927,3,01-03-2011,Medium Frequency
16928,17,01-12-2010,High Frequency
16929,7,01-07-2011,High Frequency
16930,3,01-10-2011,Medium Frequency
16931,21,01-12-2010,High Frequency
16932,1,,Low Frequency
16933,2,01-12-2011,Medium Frequency
16934,2,,Medium Frequency
16936,1,,Low Frequency
16938,4,01-02-2011,Medium Frequency
16940,3,,Medium Frequency
16942,9,01-05-2011,High Frequency
16943,3,01-05-2011,Medium Frequency
16945,19,01-02-2011,High Frequency
16947,1,,Low Frequency
16948,3,,Medium Frequency
16949,6,01-05-2011,High Frequency
16950,3,01-12-2010,Medium Frequency
16951,3,01-02-2011,Medium Frequency
16952,2,,Medium Frequency
16953,1,01-11-2011,Low Frequency
16954,9,01-08-2011,High Frequency
16955,4,01-12-2010,Medium Frequency
16956,1,,Low Frequency
16957,2,01-03-2011,Medium Frequency
16959,1,,Low Frequency
16960,3,01-04-2011,Medium Frequency
16961,1,,Low Frequency
16963,1,01-06-2011,Low Frequency
16965,1,,Low Frequency
16966,7,01-12-2011,High Frequency
16967,1,01-06-2011,Low Frequency
16968,2,01-12-2011,Medium Frequency
16969,3,01-06-2011,Medium Frequency
16971,1,01-11-2011,Low Frequency
16976,1,,Low Frequency
16978,1,,Low Frequency
16979,6,01-11-2011,High Frequency
16980,2,,Medium Frequency
16982,1,01-10-2011,Low Frequency
16983,7,01-12-2010,High Frequency
16984,2,01-08-2011,Medium Frequency
16985,10,01-05-2011,High Frequency
16986,2,01-11-2011,Medium Frequency
16987,7,01-12-2011,High Frequency
16988,1,01-12-2011,Low Frequency
16989,6,01-07-2011,High Frequency
16990,1,01-05-2011,Low Frequency
16992,5,01-09-2011,High Frequency
16996,6,01-04-2011,High Frequency
16997,3,01-02-2011,Medium Frequency
16998,4,01-02-2011,Medium Frequency
16999,2,,Medium Frequency
17001,11,01-03-2011,High Frequency
17002,3,01-05-2011,Medium Frequency
17004,2,01-09-2011,Medium Frequency
17006,4,01-11-2011,Medium Frequency
17007,6,01-05-2011,High Frequency
17010,1,,Low Frequency
17011,1,01-11-2011,Low Frequency
17014,3,01-10-2011,Medium Frequency
17015,3,01-06-2011,Medium Frequency
17017,20,01-12-2010,High Frequency
17018,2,,Medium Frequency
17019,4,01-12-2010,Medium Frequency
17022,1,01-11-2011,Low Frequency
17024,3,01-07-2011,Medium Frequency
17025,3,01-12-2010,Medium Frequency
17026,2,01-12-2010,Medium Frequency
17027,6,01-03-2011,High Frequency
17029,2,,Medium Frequency
17030,1,01-10-2011,Low Frequency
17031,2,01-07-2011,Medium Frequency
17033,3,01-05-2011,Medium Frequency
17034,3,,Medium Frequency
17035,2,01-02-2011,Medium Frequency
17037,1,,Low Frequency
17038,1,01-11-2011,Low Frequency
17040,1,,Low Frequency
17041,3,,Medium Frequency
17042,5,01-04-2011,High Frequency
17043,4,01-11-2011,Medium Frequency
17044,1,,Low Frequency
17045,3,01-04-2011,Medium Frequency
17046,1,01-07-2011,Low Frequency
17047,3,,Medium Frequency
17048,3,01-01-2011,Medium Frequency
17049,9,01-03-2011,High Frequency
17050,6,01-03-2011,High Frequency
17051,1,,Low Frequency
17052,1,01-11-2011,Low Frequency
17053,1,01-08-2011,Low Frequency
17054,5,01-04-2011,High Frequency
17058,3,,Medium Frequency
17059,5,01-12-2010,High Frequency
17060,1,,Low Frequency
17061,11,01-05-2011,High Frequency
17062,4,01-12-2010,Medium Frequency
17063,7,,High Frequency
17064,3,01-06-2011,Medium Frequency
17068,21,01-12-2010,High Frequency
17069,9,01-12-2010,High Frequency
17070,1,,Low Frequency
17071,9,01-02-2011,High Frequency
17073,4,,Medium Frequency
17075,4,,Medium Frequency
17076,3,01-12-2010,Medium Frequency
17078,2,01-11-2011,Medium Frequency
17079,1,,Low Frequency
17080,2,,Medium Frequency
17081,2,,Medium Frequency
17082,2,01-11-2011,Medium Frequency
17083,3,01-02-2011,Medium Frequency
17084,2,01-11-2011,Medium Frequency
17085,5,01-12-2010,High Frequency
17086,6,01-10-2011,High Frequency
17088,4,01-06-2011,Medium Frequency
17090,7,01-09-2011,High Frequency
17091,9,01-12-2010,High Frequency
17092,4,01-03-2011,Medium Frequency
17094,1,,Low Frequency
17095,3,01-01-2011,Medium Frequency
17096,4,01-10-2011,Medium Frequency
17097,8,01-12-2010,High Frequency
17100,2,,Medium Frequency
17101,4,01-11-2011,Medium Frequency
17102,1,,Low Frequency
17105,2,01-02-2011,Medium Frequency
17107,6,01-03-2011,High Frequency
17109,6,01-11-2011,High Frequency
17110,1,,Low Frequency
17111,1,,Low Frequency
17114,8,01-01-2011,High Frequency
17115,3,01-06-2011,Medium Frequency
17117,1,,Low Frequency
17118,1,,Low Frequency
17119,2,01-10-2011,Medium Frequency
17120,1,,Low Frequency
17122,1,01-08-2011,Low Frequency
17123,1,01-07-2011,Low Frequency
17124,1,01-06-2011,Low Frequency
17125,1,,Low Frequency
17126,5,01-12-2010,High Frequency
17128,1,01-01-2011,Low Frequency
17131,5,01-11-2011,High Frequency
17133,7,01-04-2011,High Frequency
17134,2,,Medium Frequency
17135,7,01-12-2010,High Frequency
17138,1,01-03-2011,Low Frequency
17139,12,01-08-2011,High Frequency
17140,1,01-04-2011,Low Frequency
17142,1,,Low Frequency
17144,2,01-12-2011,Medium Frequency
17146,3,,Medium Frequency
17147,4,01-02-2011,Medium Frequency
17148,1,,Low Frequency
17152,3,,Medium Frequency
17153,1,,Low Frequency
17154,1,,Low Frequency
17155,2,,Medium Frequency
17157,2,01-12-2011,Medium Frequency
17158,3,01-11-2011,Medium Frequency
17159,3,,Medium Frequency
17160,6,01-04-2011,High Frequency
17162,10,01-02-2011,High Frequency
17163,2,,Medium Frequency
17164,7,01-03-2011,High Frequency
17165,1,,Low Frequency
17166,2,01-11-2011,Medium Frequency
17169,2,01-06-2011,Medium Frequency
17171,1,,Low Frequency
17172,1,,Low Frequency
17173,8,01-10-2011,High Frequency
17174,1,01-05-2011,Low Frequency
17175,4,01-06-2011,Medium Frequency
17176,1,,Low Frequency
17179,3,,Medium Frequency
17180,4,01-04-2011,Medium Frequency
17181,2,01-12-2010,Medium Frequency
17183,6,01-11-2011,High Frequency
17186,2,01-10-2011,Medium Frequency
17187,1,,Low Frequency
17188,7,01-12-2010,High Frequency
17189,2,,Medium Frequency
17190,2,01-10-2011,Medium Frequency
17191,7,01-12-2010,High Frequency
17193,7,01-10-2011,High Frequency
17194,2,01-03-2011,Medium Frequency
17197,1,01-11-2011,Low Frequency
17198,3,01-12-2010,Medium Frequency
17201,1,,Low Frequency
17203,6,01-10-2011,High Frequency
17204,4,01-04-2011,Medium Frequency
17205,1,,Low Frequency
17206,1,,Low Frequency
17211,8,01-12-2010,High Frequency
17212,1,,Low Frequency
17213,7,01-12-2010,High Frequency
17214,6,01-02-2011,High Frequency
17217,1,,Low Frequency
17218,10,01-12-2010,High Frequency
17219,1,01-11-2011,Low Frequency
17220,14,01-12-2010,High Frequency
17221,2,01-11-2011,Medium Frequency
17222,1,01-10-2011,Low Frequency
17223,2,01-12-2010,Medium Frequency
17226,1,01-02-2011,Low Frequency
17227,6,01-12-2010,High Frequency
17228,8,01-12-2010,High Frequency
17229,2,01-09-2011,Medium Frequency
17230,8,01-02-2011,High Frequency
17231,10,01-05-2011,High Frequency
17232,2,01-12-2011,Medium Frequency
17233,1,01-11-2011,Low Frequency
17234,1,01-06-2011,Low Frequency
17235,2,01-12-2010,Medium Frequency
17236,6,01-12-2010,High Frequency
17237,2,,Medium Frequency
17238,17,01-12-2010,High Frequency
17239,1,,Low Frequency
17242,2,01-06-2011,Medium Frequency
17243,26,01-12-2010,High Frequency
17244,1,,Low Frequency
17245,1,,Low Frequency
17247,1,,Low Frequency
17248,1,01-08-2011,Low Frequency
17250,2,01-12-2011,Medium Frequency
17251,1,01-12-2010,Low Frequency
17252,2,01-06-2011,Medium Frequency
17253,1,,Low Frequency
17254,2,01-12-2011,Medium Frequency
17255,2,,Medium Frequency
17256,2,,Medium Frequency
17259,2,01-12-2010,Medium Frequency
17262,5,01-12-2010,High Frequency
17263,1,,Low Frequency
17265,2,01-06-2011,Medium Frequency
17266,3,01-12-2011,Medium Frequency
17267,2,01-08-2011,Medium Frequency
17268,4,01-04-2011,Medium Frequency
17272,4,,Medium Frequency
17274,1,01-11-2011,Low Frequency
17277,2,,Medium Frequency
17278,1,01-04-2011,Low Frequency
17279,1,,Low Frequency
17282,3,01-08-2011,Medium Frequency
17284,6,01-01-2011,High Frequency
17286,1,,Low Frequency
17287,7,01-12-2010,High Frequency
17288,7,01-04-2011,High Frequency
17289,3,01-06-2011,Medium Frequency
17290,2,01-12-2011,Medium Frequency
17291,1,01-02-2011,Low Frequency
17293,9,01-02-2011,High Frequency
17295,3,01-10-2011,Medium Frequency
17297,1,,Low Frequency
17298,2,01-08-2011,Medium Frequency
17299,4,01-09-2011,Medium Frequency
17301,1,,Low Frequency
17302,5,01-02-2011,High Frequency
17303,1,,Low Frequency
17306,19,01-03-2011,High Frequency
17309,1,01-09-2011,Low Frequency
17311,2,,Medium Frequency
17312,3,01-07-2011,Medium Frequency
17313,1,01-11-2011,Low Frequency
17314,8,01-02-2011,High Frequency
17315,38,01-01-2011,High Frequency
17317,3,01-09-2011,Medium Frequency
17320,3,01-12-2010,Medium Frequency
17321,2,01-10-2011,Medium Frequency
17323,7,01-05-2011,High Frequency
17324,4,01-12-2010,Medium Frequency
17325,1,01-03-2011,Low Frequency
17329,2,,Medium Frequency
17330,2,01-10-2011,Medium Frequency
17331,1,01-08-2011,Low Frequency
17333,1,,Low Frequency
17334,2,01-02-2011,Medium Frequency
17337,4,01-02-2011,Medium Frequency
17338,8,01-01-2011,High Frequency
17339,2,01-12-2010,Medium Frequency
17340,11,01-12-2010,High Frequency
17341,3,01-12-2010,Medium Frequency
17343,1,,Low Frequency
17344,1,,Low Frequency
17345,4,01-09-2011,Medium Frequency
17346,15,01-12-2010,High Frequency
17347,1,,Low Frequency
17348,5,01-11-2011,High Frequency
17349,1,,Low Frequency
17350,4,01-12-2011,Medium Frequency
17351,3,01-03-2011,Medium Frequency
17353,2,01-07-2011,Medium Frequency
17354,1,,Low Frequency
17356,1,01-02-2011,Low Frequency
17357,2,,Medium Frequency
17358,2,01-02-2011,Medium Frequency
17359,1,,Low Frequency
17360,3,01-06-2011,Medium Frequency
17361,3,01-06-2011,Medium Frequency
17362,2,01-02-2011,Medium Frequency
17364,11,01-01-2011,High Frequency
17365,8,01-01-2011,High Frequency
17367,1,,Low Frequency
17368,8,01-01-2011,High Frequency
17370,4,01-09-2011,Medium Frequency
17371,3,,Medium Frequency
17372,8,01-12-2010,High Frequency
17373,4,,Medium Frequency
17374,2,01-03-2011,Medium Frequency
17375,3,,Medium Frequency
17376,2,01-02-2011,Medium Frequency
17377,20,01-12-2010,High Frequency
17379,1,,Low Frequency
17381,29,01-12-2010,High Frequency
17382,1,01-10-2011,Low Frequency
17383,1,01-12-2011,Low Frequency
17384,2,01-05-2011,Medium Frequency
17385,1,,Low Frequency
17386,6,01-09-2011,High Frequency
17387,2,01-11-2011,Medium Frequency
17388,4,01-05-2011,Medium Frequency
17389,34,01-01-2011,High Frequency
17391,2,,Medium Frequency
17392,2,01-02-2011,Medium Frequency
17394,1,01-05-2011,Low Frequency
17396,8,01-12-2010,High Frequency
17397,2,,Medium Frequency
17398,3,,Medium Frequency
17400,5,01-08-2011,High Frequency
17402,13,01-12-2010,High Frequency
17403,1,01-11-2011,Low Frequency
17404,15,01-03-2011,High Frequency
17405,3,01-07-2011,Medium Frequency
17406,3,01-12-2010,Medium Frequency
17408,1,,Low Frequency
17409,2,01-04-2011,Medium Frequency
17410,5,01-05-2011,High Frequency
17411,3,,Medium Frequency
17412,7,01-12-2010,High Frequency
17414,2,01-06-2011,Medium Frequency
17415,1,,Low Frequency
17416,7,01-03-2011,High Frequency
17418,2,,Medium Frequency
17419,12,01-12-2010,High Frequency
17420,3,01-12-2010,Medium Frequency
17422,6,01-05-2011,High Frequency
17423,2,01-05-2011,Medium Frequency
17425,2,01-10-2011,Medium Frequency
17426,6,01-03-2011,High Frequency
17427,1,,Low Frequency
17428,28,01-12-2010,High Frequency
17429,3,01-05-2011,Medium Frequency
17430,2,01-12-2010,Medium Frequency
17431,1,,Low Frequency
17432,2,01-11-2011,Medium Frequency
17433,1,01-09-2011,Low Frequency
17434,7,01-11-2011,High Frequency
17436,2,01-12-2011,Medium Frequency
17438,1,,Low Frequency
17440,3,01-04-2011,Medium Frequency
17442,6,01-05-2011,High Frequency
17443,1,01-05-2011,Low Frequency
17444,3,01-07-2011,Medium Frequency
17446,2,01-02-2011,Medium Frequency
17447,2,,Medium Frequency
17449,7,01-03-2011,High Frequency
17450,46,01-12-2010,High Frequency
17451,7,01-12-2011,High Frequency
17453,2,01-10-2011,Medium Frequency
17454,4,,Medium Frequency
17455,1,,Low Frequency
17456,1,01-12-2010,Low Frequency
17457,5,01-01-2011,High Frequency
17458,1,,Low Frequency
17459,2,01-10-2011,Medium Frequency
17460,6,01-12-2010,High Frequency
17461,3,01-11-2011,Medium Frequency
17462,2,01-10-2011,Medium Frequency
17463,5,,High Frequency
17464,1,01-07-2011,Low Frequency
17466,2,,Medium Frequency
17468,2,,Medium Frequency
17469,5,01-07-2011,High Frequency
17470,5,01-12-2010,High Frequency
17472,3,01-06-2011,Medium Frequency
17475,1,,Low Frequency
17480,1,,Low Frequency
17481,4,01-09-2011,Medium Frequency
17483,3,01-06-2011,Medium Frequency
17486,1,,Low Frequency
17489,2,01-05-2011,Medium Frequency
17490,7,01-10-2011,High Frequency
17491,10,01-12-2010,High Frequency
17492,1,01-04-2011,Low Frequency
17495,2,01-11-2011,Medium Frequency
17496,1,,Low Frequency
17498,1,,Low Frequency
17499,1,,Low Frequency
17500,3,01-11-2011,Medium Frequency
17501,2,01-05-2011,Medium Frequency
17502,4,01-11-2011,Medium Frequency
17503,2,01-11-2011,Medium Frequency
17504,9,01-05-2011,High Frequency
17505,2,01-07-2011,Medium Frequency
17506,1,,Low Frequency
17507,2,01-02-2011,Medium Frequency
17508,1,01-03-2011,Low Frequency
17509,8,01-10-2011,High Frequency
17510,1,,Low Frequency
17511,31,01-12-2010,High Frequency
17512,10,01-02-2011,High Frequency
17513,1,,Low Frequency
17514,1,01-08-2011,Low Frequency
17515,4,01-11-2011,Medium Frequency
17516,5,01-05-2011,High Frequency
17517,1,01-02-2011,Low Frequency
17519,6,01-12-2010,High Frequency
17520,1,,Low Frequency
17521,3,01-10-2011,Medium Frequency
17522,5,01-05-2011,High Frequency
17523,4,,Medium Frequency
17524,1,,Low Frequency
17525,1,,Low Frequency
17526,4,01-12-2010,Medium Frequency
17527,4,01-05-2011,Medium Frequency
17528,8,01-10-2011,High Frequency
17530,10,01-12-2010,High Frequency
17531,1,01-06-2011,Low Frequency
17534,1,,Low Frequency
17535,1,01-03-2011,Low Frequency
17536,1,,Low Frequency
17537,2,01-02-2011,Medium Frequency
17538,1,,Low Frequency
17540,2,,Medium Frequency
17542,1,,Low Frequency
17545,3,,Medium Frequency
17548,1,,Low Frequency
17549,2,,Medium Frequency
17550,3,01-04-2011,Medium Frequency
17551,1,,Low Frequency
17552,4,01-12-2010,Medium Frequency
17553,1,01-08-2011,Low Frequency
17554,5,01-08-2011,High Frequency
17555,2,01-01-2011,Medium Frequency
17556,1,,Low Frequency
17557,3,,Medium Frequency
17560,4,01-02-2011,Medium Frequency
17561,1,,Low Frequency
17562,7,01-07-2011,High Frequency
17564,3,,Medium Frequency
17566,2,01-12-2011,Medium Frequency
17567,8,01-12-2010,High Frequency
17569,1,01-01-2011,Low Frequency
17571,4,01-03-2011,Medium Frequency
17572,4,01-12-2010,Medium Frequency
17573,3,01-09-2011,Medium Frequency
17574,1,01-04-2011,Low Frequency
17576,19,01-12-2010,High Frequency
17578,1,01-05-2011,Low Frequency
17579,3,01-12-2011,Medium Frequency
17580,3,01-04-2011,Medium Frequency
17581,25,01-12-2010,High Frequency
17582,1,,Low Frequency
17584,2,01-08-2011,Medium Frequency
17585,4,01-01-2011,Medium Frequency
17588,3,,Medium Frequency
17589,4,01-06-2011,Medium Frequency
17590,3,01-12-2011,Medium Frequency
17591,7,01-12-2010,High Frequency
17593,5,01-09-2011,High Frequency
17594,2,,Medium Frequency
17595,2,01-11-2011,Medium Frequency
17596,7,01-12-2010,High Frequency
17597,1,01-05-2011,Low Frequency
17600,1,,Low Frequency
17601,1,,Low Frequency
17602,6,01-08-2011,High Frequency
17603,1,,Low Frequency
17604,2,01-05-2011,Medium Frequency
17608,2,01-11-2011,Medium Frequency
17609,5,01-02-2011,High Frequency
17611,15,01-04-2011,High Frequency
17612,6,01-05-2011,High Frequency
17613,14,01-02-2011,High Frequency
17614,1,,Low Frequency
17615,3,01-05-2011,Medium Frequency
17616,3,01-12-2010,Medium Frequency
17618,3,01-12-2010,Medium Frequency
17619,1,,Low Frequency
17620,1,01-10-2011,Low Frequency
17621,3,,Medium Frequency
17623,1,01-11-2011,Low Frequency
17624,2,01-05-2011,Medium Frequency
17625,4,,Medium Frequency
17628,1,,Low Frequency
17629,8,01-04-2011,High Frequency
17630,2,,Medium Frequency
17631,3,01-12-2011,Medium Frequency
17633,4,01-08-2011,Medium Frequency
17634,9,01-01-2011,High Frequency
17636,1,,Low Frequency
17637,2,01-11-2011,Medium Frequency
17639,1,01-03-2011,Low Frequency
17640,1,,Low Frequency
17642,2,01-08-2011,Medium Frequency
17643,1,01-12-2010,Low Frequency
17644,11,01-08-2011,High Frequency
17646,3,01-12-2010,Medium Frequency
17647,1,01-10-2011,Low Frequency
17648,4,01-04-2011,Medium Frequency
17649,1,,Low Frequency
17650,1,,Low Frequency
17651,10,01-07-2011,High Frequency
17652,12,01-03-2011,High Frequency
17653,4,01-08-2011,Medium Frequency
17654,1,01-03-2011,Low Frequency
17655,7,01-12-2010,High Frequency
17656,5,01-08-2011,High Frequency
17658,2,01-05-2011,Medium Frequency
17659,12,01-12-2010,High Frequency
17660,1,,Low Frequency
17663,7,01-07-2011,High Frequency
17664,2,01-05-2011,Medium Frequency
17666,2,01-10-2011,Medium Frequency
17667,5,01-05-2011,High Frequency
17668,2,01-11-2011,Medium Frequency
17669,7,01-04-2011,High Frequency
17670,1,,Low Frequency
17671,4,01-12-2010,Medium Frequency
17672,2,01-02-2011,Medium Frequency
17673,6,01-06-2011,High Frequency
17674,2,01-12-2010,Medium Frequency
17675,31,01-12-2010,High Frequency
17676,6,01-12-2010,High Frequency
17677,30,01-12-2010,High Frequency
17678,1,,Low Frequency
17679,2,,Medium Frequency
17680,1,,Low Frequency
17682,6,01-12-2010,High Frequency
17684,1,,Low Frequency
17685,7,01-12-2010,High Frequency
17686,7,01-02-2011,High Frequency
17690,15,01-12-2010,High Frequency
17691,2,01-12-2010,Medium Frequency
17692,4,01-02-2011,Medium Frequency
17693,1,,Low Frequency
17694,1,,Low Frequency
17695,2,,Medium Frequency
17696,8,01-12-2010,High Frequency
17697,1,,Low Frequency
17698,1,,Low Frequency
17700,4,01-03-2011,Medium Frequency
17701,1,01-04-2011,Low Frequency
17702,4,01-11-2011,Medium Frequency
17703,3,01-11-2011,Medium Frequency
17704,2,,Medium Frequency
17705,9,01-02-2011,High Frequency
17706,17,01-12-2010,High Frequency
17707,2,01-01-2011,Medium Frequency
17708,2,01-06-2011,Medium Frequency
17709,1,,Low Frequency
17711,2,,Medium Frequency
17712,1,,Low Frequency
17714,1,,Low Frequency
17715,1,,Low Frequency
17716,11,01-04-2011,High Frequency
17718,1,,Low Frequency
17719,15,01-04-2011,High Frequency
17720,4,01-12-2010,Medium Frequency
17722,4,01-12-2010,Medium Frequency
17723,6,01-05-2011,High Frequency
17724,3,,Medium Frequency
17725,11,01-04-2011,High Frequency
17727,1,,Low Frequency
17728,3,01-10-2011,Medium Frequency
17730,13,01-03-2011,High Frequency
17731,4,01-06-2011,Medium Frequency
17732,1,01-12-2010,Low Frequency
17733,2,01-11-2011,Medium Frequency
17734,3,,Medium Frequency
17735,19,01-12-2010,High Frequency
17736,3,,Medium Frequency
17737,2,01-10-2011,Medium Frequency
17738,4,01-03-2011,Medium Frequency
17739,7,01-01-2011,High Frequency
17742,2,01-01-2011,Medium Frequency
17744,6,01-04-2011,High Frequency
17746,1,,Low Frequency
17747,1,,Low Frequency
17749,2,,Medium Frequency
17750,9,01-09-2011,High Frequency
17752,1,,Low Frequency
17754,5,01-10-2011,High Frequency
17757,30,01-12-2010,High Frequency
17758,8,01-04-2011,High Frequency
17759,3,,Medium Frequency
17760,2,01-12-2010,Medium Frequency
17761,1,01-11-2011,Low Frequency
17763,1,,Low Frequency
17764,2,01-05-2011,Medium Frequency
17765,3,01-07-2011,Medium Frequency
17767,1,,Low Frequency
17768,3,01-11-2011,Medium Frequency
17769,10,01-03-2011,High Frequency
17770,5,01-03-2011,High Frequency
17771,2,,Medium Frequency
17772,2,,Medium Frequency
17774,4,01-02-2011,Medium Frequency
17775,1,,Low Frequency
17777,3,,Medium Frequency
17779,3,,Medium Frequency
17781,2,01-07-2011,Medium Frequency
17783,2,01-04-2011,Medium Frequency
17785,1,,Low Frequency
17786,2,,Medium Frequency
17787,4,01-12-2010,Medium Frequency
17788,2,01-08-2011,Medium Frequency
17789,1,01-03-2011,Low Frequency
17790,14,01-12-2010,High Frequency
17791,1,01-11-2011,Low Frequency
17793,1,,Low Frequency
17795,2,,Medium Frequency
17796,4,01-12-2010,Medium Frequency
17797,3,01-06-2011,Medium Frequency
17799,10,01-04-2011,High Frequency
17800,9,01-01-2011,High Frequency
17802,3,01-12-2010,Medium Frequency
17805,1,,Low Frequency
17806,1,,Low Frequency
17809,12,01-12-2010,High Frequency
17811,39,01-01-2011,High Frequency
17812,4,01-12-2010,Medium Frequency
17813,5,01-10-2011,High Frequency
17816,4,01-12-2010,Medium Frequency
17817,3,01-03-2011,Medium Frequency
17819,7,01-12-2010,High Frequency
17824,1,,Low Frequency
17827,5,01-12-2010,High Frequency
17828,4,01-06-2011,Medium Frequency
17829,1,,Low Frequency
17830,3,01-12-2011,Medium Frequency
17831,1,01-11-2011,Low Frequency
17832,1,,Low Frequency
17835,3,01-12-2011,Medium Frequency
17836,1,,Low Frequency
17837,8,01-07-2011,High Frequency
17838,5,01-12-2010,High Frequency
17839,1,,Low Frequency
17841,124,01-12-2010,High Frequency
17843,1,01-02-2011,Low Frequency
17844,1,,Low Frequency
17846,1,,Low Frequency
17848,9,01-02-2011,High Frequency
17849,4,01-01-2011,Medium Frequency
17850,34,01-12-2010,High Frequency
17852,2,,Medium Frequency
17854,2,01-06-2011,Medium Frequency
17855,1,01-12-2010,Low Frequency
17856,4,01-03-2011,Medium Frequency
17857,23,01-12-2010,High Frequency
17858,12,01-12-2010,High Frequency
17859,1,01-02-2011,Low Frequency
17860,1,01-12-2010,Low Frequency
17861,8,01-07-2011,High Frequency
17862,1,,Low Frequency
17863,6,01-12-2010,High Frequency
17864,3,01-03-2011,Medium Frequency
17865,20,01-12-2010,High Frequency
17866,1,,Low Frequency
17867,6,01-11-2011,High Frequency
17869,5,01-12-2010,High Frequency
17870,12,01-12-2010,High Frequency
17871,1,,Low Frequency
17873,5,01-12-2010,High Frequency
17874,6,01-06-2011,High Frequency
17877,1,,Low Frequency
17878,1,,Low Frequency
17879,1,,Low Frequency
17880,1,01-12-2010,Low Frequency
17881,1,01-02-2011,Low Frequency
17883,4,01-04-2011,Medium Frequency
17884,4,01-12-2010,Medium Frequency
17885,1,,Low Frequency
17886,3,01-04-2011,Medium Frequency
17887,1,01-08-2011,Low Frequency
17888,8,01-05-2011,High Frequency
17889,2,01-05-2011,Medium Frequency
17890,2,,Medium Frequency
17891,1,,Low Frequency
17892,3,01-07-2011,Medium Frequency
17893,1,,Low Frequency
17894,8,01-12-2010,High Frequency
17895,1,,Low Frequency
17896,1,,Low Frequency
17897,3,01-12-2010,Medium Frequency
17898,2,,Medium Frequency
17899,1,01-07-2011,Low Frequency
17900,2,01-06-2011,Medium Frequency
17901,1,01-11-2011,Low Frequency
17904,1,,Low Frequency
17905,4,01-12-2010,Medium Frequency
17906,1,01-04-2011,Low Frequency
17908,1,01-12-2010,Low Frequency
17911,1,,Low Frequency
17912,5,01-12-2010,High Frequency
17913,2,01-10-2011,Medium Frequency
17914,1,01-12-2011,Low Frequency
17917,3,01-12-2010,Medium Frequency
17919,1,01-09-2011,Low Frequency
17920,17,01-12-2010,High Frequency
17921,4,01-10-2011,Medium Frequency
17923,1,01-03-2011,Low Frequency
17924,7,01-12-2010,High Frequency
17925,1,01-12-2010,Low Frequency
17926,2,,Medium Frequency
17928,2,01-04-2011,Medium Frequency
17929,4,01-02-2011,Medium Frequency
17930,5,01-10-2011,High Frequency
17931,2,,Medium Frequency
17932,3,01-05-2011,Medium Frequency
17934,2,01-10-2011,Medium Frequency
17935,2,,Medium Frequency
17936,1,01-12-2011,Low Frequency
17937,7,01-12-2010,High Frequency
17939,1,01-07-2011,Low Frequency
17940,10,01-02-2011,High Frequency
17941,1,01-08-2011,Low Frequency
17942,1,01-12-2011,Low Frequency
17946,2,,Medium Frequency
17947,1,01-11-2011,Low Frequency
17948,1,,Low Frequency
17949,45,01-12-2010,High Frequency
17950,3,01-12-2010,Medium Frequency
17951,3,01-12-2010,Medium Frequency
17954,12,01-12-2010,High Frequency
17955,4,01-05-2011,Medium Frequency
17956,1,01-04-2011,Low Frequency
17957,1,01-10-2011,Low Frequency
17958,1,,Low Frequency
17960,1,,Low Frequency
17961,39,01-12-2010,High Frequency
17962,1,,Low Frequency
17964,2,01-12-2010,Medium Frequency
17965,14,01-12-2010,High Frequency
17966,5,01-06-2011,High Frequency
17967,1,01-12-2010,Low Frequency
17968,1,01-12-2010,Low Frequency
17969,2,,Medium Frequency
17970,1,01-05-2011,Low Frequency
17972,1,01-04-2011,Low Frequency
17973,1,,Low Frequency
17974,3,01-05-2011,Medium Frequency
17975,13,01-12-2010,High Frequency
17976,1,01-12-2010,Low Frequency
17977,1,01-11-2011,Low Frequency
17978,1,01-12-2010,Low Frequency
17979,4,01-11-2011,Medium Frequency
17980,3,,Medium Frequency
17984,1,,Low Frequency
17985,1,,Low Frequency
17986,1,,Low Frequency
17987,1,01-06-2011,Low Frequency
17988,7,01-07-2011,High Frequency
17990,3,,Medium Frequency
17991,2,,Medium Frequency
17994,4,01-03-2011,Medium Frequency
17995,1,01-03-2011,Low Frequency
17997,8,01-07-2011,High Frequency
17999,2,01-12-2010,Medium Frequency
18001,2,,Medium Frequency
18004,1,01-12-2010,Low Frequency
18005,2,01-12-2011,Medium Frequency
18006,1,,Low Frequency
18008,9,01-04-2011,High Frequency
18009,1,,Low Frequency
18010,1,,Low Frequency
18011,1,01-12-2010,Low Frequency
18013,2,01-07-2011,Medium Frequency
18014,1,01-11-2011,Low Frequency
18015,1,01-12-2011,Low Frequency
18016,5,01-12-2010,High Frequency
18017,3,01-02-2011,Medium Frequency
18018,2,,Medium Frequency
18019,1,,Low Frequency
18022,1,01-11-2011,Low Frequency
18024,2,01-07-2011,Medium Frequency
18027,1,01-09-2011,Low Frequency
18030,2,01-12-2011,Medium Frequency
18032,1,01-01-2011,Low Frequency
18033,1,01-10-2011,Low Frequency
18034,2,,Medium Frequency
18035,3,01-11-2011,Medium Frequency
18036,3,01-04-2011,Medium Frequency
18037,6,01-12-2010,High Frequency
18040,2,01-04-2011,Medium Frequency
18041,21,01-12-2010,High Frequency
18042,1,,Low Frequency
18043,3,01-12-2010,Medium Frequency
18044,10,01-03-2011,High Frequency
18045,1,,Low Frequency
18048,2,,Medium Frequency
18050,1,,Low Frequency
18053,1,,Low Frequency
18055,10,01-12-2010,High Frequency
18056,1,,Low Frequency
18058,1,,Low Frequency
18059,3,01-10-2011,Medium Frequency
18061,10,01-12-2010,High Frequency
18062,3,01-01-2011,Medium Frequency
18064,2,,Medium Frequency
18065,14,01-12-2010,High Frequency
18066,1,,Low Frequency
18067,1,,Low Frequency
18068,1,,Low Frequency
18069,5,01-06-2011,High Frequency
18071,2,01-12-2010,Medium Frequency
18072,1,01-06-2011,Low Frequency
18073,12,01-06-2011,High Frequency
18074,1,01-12-2010,Low Frequency
18075,10,01-02-2011,High Frequency
18077,11,01-12-2010,High Frequency
18078,2,01-05-2011,Medium Frequency
18079,4,01-08-2011,Medium Frequency
18080,2,01-04-2011,Medium Frequency
18081,3,01-11-2011,Medium Frequency
18082,1,,Low Frequency
18084,1,,Low Frequency
18085,2,01-12-2010,Medium Frequency
18086,1,01-03-2011,Low Frequency
18087,2,01-09-2011,Medium Frequency
18088,1,01-10-2011,Low Frequency
18092,11,01-12-2010,High Frequency
18093,4,01-02-2011,Medium Frequency
18094,7,01-05-2011,High Frequency
18095,2,01-01-2011,Medium Frequency
18096,3,01-10-2011,Medium Frequency
18097,6,01-01-2011,High Frequency
18099,1,01-08-2011,Low Frequency
18101,2,,Medium Frequency
18102,60,01-12-2010,High Frequency
18104,1,01-11-2011,Low Frequency
18105,1,01-11-2011,Low Frequency
18106,1,,Low Frequency
18108,1,,Low Frequency
18109,26,01-12-2010,High Frequency
18110,1,,Low Frequency
18112,2,,Medium Frequency
18113,1,01-12-2010,Low Frequency
18114,1,,Low Frequency
18116,8,01-12-2010,High Frequency
18117,1,,Low Frequency
18118,26,01-12-2010,High Frequency
18119,1,01-12-2010,Low Frequency
18120,1,01-05-2011,Low Frequency
18121,2,01-07-2011,Medium Frequency
18122,6,01-07-2011,High Frequency
18123,2,01-11-2011,Medium Frequency
18125,4,01-11-2011,Medium Frequency
18126,1,01-10-2011,Low Frequency
18127,3,,Medium Frequency
18129,1,01-04-2011,Low Frequency
18130,3,01-11-2011,Medium Frequency
18133,1,01-05-2011,Low Frequency
18135,5,01-06-2011,High Frequency
18136,3,01-05-2011,Medium Frequency
18138,1,,Low Frequency
18139,6,,High Frequency
18142,2,01-05-2011,Medium Frequency
18143,2,,Medium Frequency
18144,12,01-12-2010,High Frequency
18145,4,,Medium Frequency
18146,2,01-05-2011,Medium Frequency
18147,2,,Medium Frequency
18149,3,01-03-2011,Medium Frequency
18150,3,01-11-2011,Medium Frequency
18151,2,,Medium Frequency
18154,2,01-12-2011,Medium Frequency
18155,3,,Medium Frequency
18156,2,01-12-2010,Medium Frequency
18158,2,01-09-2011,Medium Frequency
18159,1,01-02-2011,Low Frequency
18160,2,,Medium Frequency
18161,5,01-04-2011,High Frequency
18164,1,01-11-2011,Low Frequency
18165,1,,Low Frequency
18167,3,01-11-2011,Medium Frequency
18168,6,01-12-2010,High Frequency
18169,1,01-10-2011,Low Frequency
18170,3,01-05-2011,Medium Frequency
18171,5,01-01-2011,High Frequency
18172,20,01-05-2011,High Frequency
18173,4,01-03-2011,Medium Frequency
18174,1,01-12-2011,Low Frequency
18176,1,,Low Frequency
18177,6,01-07-2011,High Frequency
18178,4,01-12-2010,Medium Frequency
18179,6,01-01-2011,High Frequency
18180,6,01-09-2011,High Frequency
18181,1,,Low Frequency
18183,2,01-03-2011,Medium Frequency
18184,1,,Low Frequency
18185,1,01-04-2011,Low Frequency
18188,3,,Medium Frequency
18189,2,,Medium Frequency
18190,2,,Medium Frequency
18191,1,,Low Frequency
18192,1,,Low Frequency
18193,1,,Low Frequency
18194,1,,Low Frequency
18196,2,01-09-2011,Medium Frequency
18198,17,01-01-2011,High Frequency
18200,1,,Low Frequency
18202,3,01-02-2011,Medium Frequency
18203,1,01-07-2011,Low Frequency
18204,3,,Medium Frequency
18205,2,01-11-2011,Medium Frequency
18209,1,01-11-2011,Low Frequency
18210,6,01-11-2011,High Frequency
18211,5,01-03-2011,High Frequency
18212,1,,Low Frequency
18213,1,,Low Frequency
18215,1,01-09-2011,Low Frequency
18216,1,01-11-2011,Low Frequency
18217,2,01-11-2011,Medium Frequency
18218,2,01-03-2011,Medium Frequency
18219,10,01-12-2010,High Frequency
18220,1,,Low Frequency
18221,5,01-05-2011,High Frequency
18222,1,01-09-2011,Low Frequency
18223,14,01-03-2011,High Frequency
18224,1,,Low Frequency
18225,12,01-12-2010,High Frequency
18226,11,01-01-2011,High Frequency
18227,1,01-05-2011,Low Frequency
18228,2,,Medium Frequency
18229,20,01-12-2010,High Frequency
18230,7,01-02-2011,High Frequency
18231,5,,High Frequency
18232,4,01-07-2011,Medium Frequency
18233,1,,Low Frequency
18235,3,01-05-2011,Medium Frequency
18236,6,01-06-2011,High Frequency
18237,5,01-08-2011,High Frequency
18239,5,01-12-2010,High Frequency
18240,1,,Low Frequency
18241,17,01-05-2011,High Frequency
18242,4,01-05-2011,Medium Frequency
18245,7,01-05-2011,High Frequency
18246,2,,Medium Frequency
18248,2,01-06-2011,Medium Frequency
18249,1,,Low Frequency
18250,1,01-02-2011,Low Frequency
18251,1,,Low Frequency
18252,2,,Medium Frequency
18255,1,01-09-2011,Low Frequency
18257,8,01-10-2011,High Frequency
18259,3,01-12-2010,Medium Frequency
18260,6,01-01-2011,High Frequency
18261,2,01-09-2011,Medium Frequency
18262,1,,Low Frequency
18263,3,01-04-2011,Medium Frequency
18265,2,01-07-2011,Medium Frequency
18268,1,,Low Frequency
18269,1,01-12-2010,Low Frequency
18270,2,01-11-2011,Medium Frequency
18272,6,01-04-2011,High Frequency
18273,3,01-09-2011,Medium Frequency
18274,1,01-11-2011,Low Frequency
18276,1,,Low Frequency
18277,1,01-10-2011,Low Frequency
18278,1,,Low Frequency
18280,1,01-03-2011,Low Frequency
18281,1,01-06-2011,Low Frequency
18282,2,01-08-2011,Medium Frequency
18283,16,01-01-2011,High Frequency
18287,3,01-10-2011,Medium Frequency
