CustomerID,CustomerRevenue,TotalOrders,AOV
12346,77183.6,1,77183.6
12347,4310.0,7,615.7142857142857
12348,1797.24,4,449.31
12349,1757.55,1,1757.55
12350,334.4,1,334.4
12352,2506.04,8,313.255
12353,89.0,1,89.0
12354,1079.4,1,1079.4
12355,459.4,1,459.4
12356,2811.43,3,937.1433333333333
12357,6207.67,1,6207.67
12358,1168.06,2,584.03
12359,6310.03,4,1577.5075
12360,2662.06,3,887.3533333333334
12361,189.9,1,189.9
12362,5226.23,10,522.6229999999999
12363,552.0,2,276.0
12364,1313.1,4,328.275
12365,641.38,2,320.69
12367,168.9,1,168.9
12370,3541.94,4,885.485
12371,1887.96,2,943.98
12372,1298.04,3,432.68
12373,364.6,1,364.6
12374,742.9300000000001,1,742.9300000000001
12375,457.5,2,228.75
12377,1628.12,2,814.06
12378,4008.62,1,4008.62
12379,852.24,2,426.12
12380,2724.81,4,681.2025
12381,1845.31,5,369.062
12383,1850.56,5,370.11199999999997
12384,585.27,2,292.635
12386,401.9,2,200.95
12388,2780.66,6,463.4433333333333
12390,549.84,1,549.84
12391,439.66,1,439.66
12393,1582.6000000000001,4,395.65000000000003
12394,1272.48,2,636.24
12395,3018.63,12,251.5525
12397,2409.9,2,1204.95
12398,1635.6599999999999,1,1635.6599999999999
12399,1108.65,4,277.1625
12401,84.3,1,84.3
12402,225.6,1,225.6
12403,427.7,1,427.7
12405,1710.39,1,1710.39
12406,3415.3,2,1707.65
12407,1708.1200000000001,5,341.624
12408,2888.55,5,577.71
12409,11072.67,3,3690.89
12410,693.3299999999999,2,346.66499999999996
12412,1226.88,3,408.96000000000004
12413,758.1,3,252.70000000000002
12414,562.41,3,187.47
12415,124914.53,21,5948.310952380953
12417,3649.1,9,405.4555555555555
12418,668.58,1,668.58
12420,600.39,1,600.39
12421,807.04,4,201.76
12422,803.5600000000001,3,267.85333333333335
12423,1859.31,8,232.41375
12424,1760.96,2,880.48
12425,777.2,1,777.2
12426,582.73,1,582.73
12427,825.8,3,275.26666666666665
12428,7956.46,9,884.0511111111111
12429,3750.4,4,937.6
12430,256.4,1,256.4
12431,6419.95,15,427.99666666666667
12432,5059.32,5,1011.8639999999999
12433,13375.87,7,1910.8385714285716
12434,806.14,2,403.07
12435,7829.89,2,3914.945
12436,509.01,1,509.01
12437,4951.41,18,275.0783333333333
12438,2906.85,2,1453.425
12441,173.55,1,173.55
12442,172.06,1,172.06
12444,5005.46,5,1001.092
12445,133.4,1,133.4
12446,1002.3100000000001,1,1002.3100000000001
12447,476.49,1,476.49
12448,449.45,1,449.45
12449,4067.29,4,1016.8225
12450,197.88,2,98.94
12451,9035.52,5,1807.104
12452,430.57,2,215.285
12453,707.09,1,707.09
12454,3528.34,1,3528.34
12455,2466.86,6,411.1433333333334
12456,3181.04,3,1060.3466666666666
12457,2363.23,7,337.6042857142857
12458,947.4,2,473.7
12461,826.88,2,413.44
12462,1189.59,2,594.795
12463,1344.78,4,336.195
12464,1212.05,8,151.50625
12465,742.1899999999999,2,371.09499999999997
12468,729.5400000000001,2,364.77000000000004
12471,19788.65,30,659.6216666666667
12472,6572.11,7,938.8728571428571
12473,3928.0499999999997,5,785.6099999999999
12474,7324.09,18,406.8938888888889
12475,723.38,1,723.38
12476,6816.42,11,619.6745454545454
12477,13219.74,6,2203.29
12478,680.99,1,680.99
12479,527.2,1,527.2
12480,3281.63,4,820.4075
12481,5579.82,10,557.982
12483,2484.98,8,310.6225
12484,4527.32,6,754.5533333333333
12488,1298.66,3,432.8866666666667
12489,334.93,1,334.93
12490,5417.93,10,541.793
12491,460.40000000000003,1,460.40000000000003
12492,263.21000000000004,2,131.60500000000002
12493,433.74,2,216.87
12494,1246.1000000000001,7,178.01428571428573
12497,1043.1,1,1043.1
12498,403.70000000000005,3,134.5666666666667
12500,4257.82,11,387.07454545454544
12501,2169.39,1,2169.39
12502,3723.87,5,744.774
12504,482.04999999999995,2,241.02499999999998
12506,73.5,1,73.5
12507,1304.81,3,434.93666666666667
12508,397.88,2,198.94
12509,176.5,1,176.5
12510,982.5699999999999,2,491.28499999999997
12512,132.18,2,66.09
12513,612.29,1,612.29
12514,1017.68,1,1017.68
12515,383.7,1,383.7
12516,1312.06,2,656.03
12517,2481.6,5,496.32
12518,2056.89,5,411.378
12519,330.84,1,330.84
12520,2634.26,5,526.8520000000001
12521,599.68,1,599.68
12522,192.72,2,96.36
12523,1789.77,11,162.70636363636365
12524,4485.72,8,560.715
12526,1316.66,3,438.8866666666667
12527,348.71000000000004,3,116.23666666666668
12528,1933.48,6,322.24666666666667
12530,1662.28,4,415.57
12531,125.22,1,125.22
12532,349.83000000000004,1,349.83000000000004
12534,1089.18,1,1089.18
12535,716.35,2,358.175
12536,12601.830000000002,3,4200.610000000001
12538,363.95,1,363.95
12539,5568.35,4,1392.0875
12540,13400.24,17,788.2494117647059
12541,981.18,3,327.06
12544,372.7,1,372.7
12545,1000.39,2,500.195
12546,1161.5,2,580.75
12547,207.79999999999998,2,103.89999999999999
12548,95.19999999999999,1,95.19999999999999
12550,964.83,1,964.83
12551,168.0,1,168.0
12552,437.82,2,218.91
12553,3692.28,10,369.228
12556,599.56,2,299.78
12557,11990.960000000001,5,2398.192
12558,269.96,1,269.96
12559,561.71,2,280.855
12560,2134.01,3,711.3366666666667
12561,238.85,1,238.85
12562,3781.7400000000002,7,540.2485714285715
12564,456.9,1,456.9
12565,145.92,1,145.92
12566,351.65,1,351.65
12567,9401.28,10,940.128
12569,4124.69,32,128.8965625
12571,519.61,2,259.805
12572,1020.42,2,510.21
12573,160.54000000000002,1,160.54000000000002
12574,218.45,1,218.45
12576,1315.83,5,263.166
12577,626.6,3,208.86666666666667
12578,2794.51,2,1397.255
12579,440.42,1,440.42
12580,415.7,1,415.7
12581,197.71,1,197.71
12582,511.36,2,255.68
12583,7281.38,15,485.42533333333336
12584,2338.15,9,259.7944444444445
12585,2040.1,2,1020.05
12586,196.94000000000003,1,196.94000000000003
12587,144.0,1,144.0
12588,214.89999999999998,1,214.89999999999998
12589,646.68,2,323.34
12590,9864.26,2,4932.13
12591,452.84999999999997,1,452.84999999999997
12592,437.6,2,218.8
12593,418.09999999999997,3,139.36666666666665
12594,3338.2200000000003,10,333.822
12596,618.27,2,309.135
12597,3811.22,4,952.805
12598,3023.08,8,377.885
12599,1032.58,7,147.51142857142855
12600,2599.04,10,259.904
12601,577.0600000000001,5,115.412
12602,153.12,1,153.12
12603,739.1999999999999,1,739.1999999999999
12604,254.18,2,127.09
12607,1579.51,1,1579.51
12609,1126.85,3,375.6166666666666
12610,2099.54,5,419.908
12611,1193.32,1,1193.32
12612,704.0400000000001,1,704.0400000000001
12613,3344.38,5,668.876
12614,315.6,1,315.6
12615,2291.19,4,572.7975
12616,713.3,2,356.65
12617,352.98,1,352.98
12618,177.31,1,177.31
12619,3641.24,9,404.5822222222222
12620,1339.41,3,446.47
12621,13689.67,20,684.4835
12622,180.1,1,180.1
12623,305.1,1,305.1
12624,641.13,2,320.565
12625,2683.82,2,1341.91
12626,6620.48,9,735.6088888888888
12627,4478.53,7,639.79
12628,786.46,3,262.15333333333336
12630,1270.88,2,635.44
12631,640.5,1,640.5
12633,2163.98,4,540.995
12635,1689.18,2,844.59
12637,6002.9,8,750.3625
12638,671.69,1,671.69
12639,486.1,1,486.1
12640,1174.58,3,391.52666666666664
12641,185.9,1,185.9
12642,1013.26,3,337.75333333333333
12643,3344.64,6,557.4399999999999
12644,477.91,1,477.91
12645,1775.18,4,443.795
12646,1346.97,2,673.485
12647,3722.82,12,310.235
12648,318.05,1,318.05
12649,623.51,3,207.83666666666667
12650,314.44,1,314.44
12651,114.0,1,114.0
12652,919.98,1,919.98
12653,2209.85,2,1104.925
12654,601.98,5,120.396
12656,4051.17,5,810.234
12657,1643.18,4,410.795
12658,686.05,1,686.05
12659,91.68,1,91.68
12660,245.1,1,245.1
12662,3849.78,11,349.98
12664,4881.88,9,542.4311111111111
12665,63.0,1,63.0
12667,620.13,1,620.13
12668,3807.15,4,951.7875
12669,2744.0299999999997,3,914.6766666666666
12670,2996.05,5,599.21
12672,225.89999999999998,1,225.89999999999998
12673,610.52,2,305.26
12674,1970.6,4,492.65
12676,1331.39,6,221.89833333333334
12678,17628.46,12,1469.0383333333332
12679,1113.02,4,278.255
12680,862.81,4,215.7025
12681,13787.54,22,626.7063636363637
12682,12279.82,31,396.1232258064516
12683,8476.57,15,565.1046666666666
12684,2283.63,7,326.23285714285714
12685,2863.08,6,477.18
12686,89.14,1,89.14
12688,4873.8099999999995,1,4873.8099999999995
12689,1247.61,2,623.805
12690,389.01,1,389.01
12691,1035.8,6,172.63333333333333
12693,855.91,4,213.9775
12694,869.67,2,434.835
12695,582.1,4,145.525
12697,957.59,3,319.19666666666666
12700,4939.99,4,1234.9975
12701,797.71,2,398.855
12702,219.0,1,219.0
12703,283.55,1,283.55
12704,2340.84,8,292.605
12705,6868.29,9,763.1433333333333
12707,603.42,1,603.42
12708,2712.91,10,271.291
12709,9706.52,15,647.1013333333334
12710,1149.02,3,383.00666666666666
12712,4396.13,13,338.1638461538462
12713,848.55,1,848.55
12714,4708.86,5,941.7719999999999
12715,343.36,1,343.36
12716,1053.49,2,526.745
12717,1030.98,2,515.49
12718,238.25,1,238.25
12719,644.95,2,322.475
12720,5781.73,25,231.26919999999998
12721,2656.13,6,442.68833333333333
12722,997.63,4,249.4075
12723,725.07,5,145.014
12724,1031.41,4,257.8525
12725,427.8,1,427.8
12726,2609.1,7,372.7285714285714
12727,3980.7,7,568.6714285714286
12728,836.33,4,209.0825
12729,453.01,1,453.01
12731,18895.91,12,1574.6591666666666
12732,236.26000000000002,1,236.26000000000002
12733,383.95,1,383.95
12734,110.39999999999999,1,110.39999999999999
12735,779.5699999999999,2,389.78499999999997
12736,234.0,1,234.0
12738,155.35,1,155.35
12739,1013.04,2,506.52
12740,427.6,1,427.6
12743,540.13,2,270.065
12744,21279.29,7,3039.8985714285714
12747,4196.01,11,381.4554545454546
12748,33053.19,209,158.14923444976077
12749,4090.88,5,818.176
12750,275.88,1,275.88
12752,4366.78,1,4366.78
12753,21429.39,6,3571.565
12754,3010.74,3,1003.5799999999999
12755,3811.95,2,1905.975
12756,112.07999999999998,1,112.07999999999998
12757,7834.650000000001,13,602.6653846153847
12758,2791.59,2,1395.795
12759,1531.44,3,510.48
12762,1898.52,2,949.26
12763,494.08,2,247.04
12764,1693.88,1,1693.88
12766,6989.63,7,998.5185714285715
12769,1143.6,1,1143.6
12770,1351.45,1,1351.45
12772,892.47,1,892.47
12775,1386.04,5,277.20799999999997
12778,822.23,6,137.03833333333333
12779,3981.36,8,497.67
12781,826.74,2,413.37
12782,2330.92,5,466.184
12783,2225.91,6,370.98499999999996
12784,532.8199999999999,2,266.40999999999997
12785,311.95,1,311.95
12787,463.66,3,154.55333333333334
12789,91.85,1,91.85
12790,324.92,1,324.92
12791,192.60000000000002,1,192.60000000000002
12792,400.53999999999996,1,400.53999999999996
12793,545.48,2,272.74
12794,860.41,2,430.205
12795,430.48,1,430.48
12797,254.03,1,254.03
12798,6977.04,3,2325.68
12802,427.58,1,427.58
12808,483.65000000000003,3,161.21666666666667
12809,489.31,1,489.31
12811,514.85,3,171.61666666666667
12812,229.64000000000001,1,229.64000000000001
12814,125.92,1,125.92
12815,1063.46,2,531.73
12816,572.2,2,286.1
12817,166.04,1,166.04
12818,1542.08,1,1542.08
12820,942.34,4,235.585
12821,92.72,1,92.72
12822,948.88,2,474.44
12823,1759.5,5,351.9
12824,397.12,1,397.12
12826,1474.72,7,210.67428571428573
12827,430.15000000000003,3,143.38333333333335
12828,1018.71,6,169.785
12829,293.0,2,146.5
12830,6814.64,6,1135.7733333333333
12831,215.05,1,215.05
12832,383.03,2,191.515
12833,417.38,1,417.38
12834,312.38,1,312.38
12836,2610.36,4,652.59
12837,134.1,1,134.1
12838,671.95,2,335.975
12839,5591.42,14,399.38714285714286
12840,2726.77,4,681.6925
12841,3991.58,25,159.6632
12842,1118.99,2,559.495
12843,1702.26,8,212.7825
12844,325.96000000000004,2,162.98000000000002
12845,354.09,4,88.5225
12847,843.64,1,843.64
12849,1010.29,2,505.145
12851,131.81,1,131.81
12852,311.55,1,311.55
12853,1957.1000000000001,6,326.18333333333334
12854,1316.25,3,438.75
12855,38.1,1,38.1
12856,2170.78,6,361.7966666666667
12857,1106.4,2,553.2
12863,521.2,1,521.2
12864,147.12,1,147.12
12865,1568.23,2,784.115
12866,559.12,1,559.12
12867,4009.34,7,572.7628571428571
12868,1607.0600000000002,6,267.84333333333336
12871,380.64,2,190.32
12872,599.97,2,299.985
12873,374.0,1,374.0
12875,343.2300000000001,2,171.61500000000004
12876,2218.02,2,1109.01
12877,1535.77,12,127.98083333333334
12878,854.99,2,427.495
12879,573.22,3,191.07333333333335
12881,298.0,1,298.0
12882,1463.04,2,731.52
12883,703.47,4,175.8675
12884,309.05,1,309.05
12885,1175.22,3,391.74
12886,1378.4,2,689.2
12888,354.12,2,177.06
12890,376.71999999999997,1,376.71999999999997
12891,331.0,3,110.33333333333333
12893,176.55,1,176.55
12895,372.8,2,186.4
12897,216.5,2,108.25
12901,17654.54,28,630.5192857142857
12902,138.68,1,138.68
12904,496.06,2,248.03
12906,2919.81,5,583.962
12908,750.0,2,375.0
12909,2178.67,5,435.73400000000004
12910,3075.04,8,384.38
12912,1662.3,5,332.46
12913,2483.63,5,496.726
12915,363.65,2,181.825
12916,2944.95,4,736.2375
12917,594.0,1,594.0
12919,1335.19,6,222.53166666666667
12920,162.78,1,162.78
12921,16587.09,37,448.29972972972973
12922,405.38,1,405.38
12923,172.82,1,172.82
12924,933.7,4,233.425
12925,694.05,2,347.025
12928,2062.7000000000003,5,412.5400000000001
12929,117.85,1,117.85
12930,415.8,2,207.9
12931,42055.96,15,2803.730666666667
12933,607.53,3,202.51
12935,2160.7,7,308.6714285714285
12936,1063.9,4,265.975
12937,1504.27,4,376.0675
12938,114.14,1,114.14
12939,11581.8,8,1447.725
12940,899.69,2,449.845
12942,675.6,3,225.20000000000002
12944,604.51,2,302.255
12945,462.95,1,462.95
12947,1603.99,6,267.33166666666665
12948,2064.95,7,294.99285714285713
12949,4167.22,8,520.9025
12950,1843.0,3,614.3333333333334
12951,1064.07,6,177.345
12952,1387.79,4,346.9475
12953,329.85,1,329.85
12955,4757.16,11,432.4690909090909
12956,108.07,1,108.07
12957,4017.54,8,502.1925
12962,266.39,2,133.195
12963,1856.63,8,232.07875
12965,769.8100000000001,1,769.8100000000001
12966,160.18,1,160.18
12967,1660.9,2,830.45
12968,135.95,1,135.95
12970,405.47,4,101.3675
12971,11189.91,86,130.11523255813952
12974,144.8,1,144.8
12976,738.6,1,738.6
12977,39.239999999999995,1,39.239999999999995
12980,7374.900000000001,9,819.4333333333334
12981,372.21999999999997,2,186.10999999999999
12982,390.54,1,390.54
12984,97.5,1,97.5
12985,1239.38,2,619.69
12987,558.7,2,279.35
12988,505.82,1,505.82
12989,6924.110000000001,15,461.6073333333334
12990,409.5,3,136.5
12991,503.76,2,251.88
12993,414.76,4,103.69
12994,974.4200000000001,3,324.8066666666667
12995,211.32,1,211.32
12997,1226.89,4,306.7225
12999,455.88,3,151.96
13000,534.85,3,178.28333333333333
13001,9785.970000000001,13,752.7669230769231
13002,120.94999999999999,1,120.94999999999999
13003,149.05,3,49.68333333333334
13004,5655.91,18,314.21722222222223
13005,513.7,2,256.85
13006,81.57,1,81.57
13008,229.46999999999997,1,229.46999999999997
13011,50.550000000000004,1,50.550000000000004
13012,1646.8400000000001,8,205.85500000000002
13013,4810.9400000000005,13,370.07230769230773
13014,3466.2799999999997,10,346.628
13015,3339.64,5,667.928
13016,789.89,3,263.2966666666667
13017,204.0,1,204.0
13018,7277.7,28,259.91785714285714
13021,2616.38,9,290.7088888888889
13023,689.9,2,344.95
13026,975.36,5,195.072
13027,6912.0,6,1152.0
13028,661.3199999999999,2,330.65999999999997
13029,1247.5,3,415.8333333333333
13030,752.4399999999999,2,376.21999999999997
13032,1010.18,2,505.09
13033,190.55,1,190.55
13034,642.77,2,321.385
13035,921.88,2,460.94
13037,881.07,3,293.69
13038,908.46,3,302.82
13040,676.99,2,338.495
13043,516.42,1,516.42
13044,560.47,1,560.47
13045,305.28000000000003,1,305.28000000000003
13046,629.31,2,314.655
13047,3237.54,10,323.754
13048,1819.41,4,454.8525
13049,656.6800000000001,2,328.34000000000003
13050,5836.86,17,343.3447058823529
13052,348.15000000000003,1,348.15000000000003
13055,1214.41,3,404.80333333333334
13058,271.40000000000003,3,90.46666666666668
13059,183.4,1,183.4
13060,307.53,1,307.53
13061,248.61,1,248.61
13062,346.98,1,346.98
13064,1105.59,4,276.3975
13065,205.86,1,205.86
13066,470.8,2,235.4
13067,115.46000000000001,1,115.46000000000001
13068,344.0,2,172.0
13069,4431.44,24,184.64333333333332
13070,228.8,1,228.8
13072,177.15,1,177.15
13075,919.61,1,919.61
13077,728.02,4,182.005
13078,12627.94,26,485.69
13079,220.10000000000002,5,44.02
13080,58.08,1,58.08
13081,28337.38,11,2576.1254545454544
13082,3613.63,9,401.51444444444445
13083,303.75,2,151.875
13085,416.08000000000004,2,208.04000000000002
13089,58762.08,97,605.7946391752578
13090,8910.82,14,636.4871428571429
13091,345.82,1,345.82
13092,477.83,5,95.566
13093,7832.47,8,979.05875
13094,1927.3200000000002,12,160.61
13095,74.39999999999999,1,74.39999999999999
13097,6003.22,10,600.322
13098,28882.44,28,1031.5157142857142
13099,207.35999999999999,1,207.35999999999999
13101,101.19,1,101.19
13102,6424.09,24,267.67041666666665
13103,243.94,1,243.94
13104,1098.48,6,183.08
13106,76.5,1,76.5
13107,1531.6200000000001,4,382.90500000000003
13108,350.06,1,350.06
13109,786.54,2,393.27
13110,1488.67,7,212.66714285714286
13113,12245.960000000001,24,510.2483333333334
13115,2294.78,4,573.695
13116,501.14,1,501.14
13117,984.91,8,123.11375
13118,1197.81,5,239.56199999999998
13120,30.599999999999998,1,30.599999999999998
13121,283.73,1,283.73
13122,922.39,2,461.195
13124,3756.33,3,1252.11
13126,2099.64,8,262.455
13127,259.17,1,259.17
13130,64.0,1,64.0
13131,1073.3,3,357.76666666666665
13132,77.3,1,77.3
13133,109.8,2,54.9
13134,1793.58,4,448.395
13135,3096.0,1,3096.0
13136,2607.61,5,521.522
13137,3603.29,8,450.41125
13138,962.39,6,160.39833333333334
13139,5064.94,7,723.5628571428571
13140,422.47,3,140.82333333333335
13141,2388.75,5,477.75
13142,307.09,1,307.09
13144,110.95,1,110.95
13145,618.52,4,154.63
13146,228.91,1,228.91
13147,712.8000000000001,4,178.20000000000002
13148,3683.26,12,306.93833333333333
13149,1676.06,4,419.015
13151,1257.8700000000001,1,1257.8700000000001
13153,486.22,1,486.22
13155,971.76,4,242.94
13157,1741.22,4,435.305
13158,1201.06,4,300.265
13159,1429.35,4,357.3375
13160,91.8,1,91.8
13161,112.75,1,112.75
13162,1688.29,4,422.0725
13165,1021.48,2,510.74
13166,417.2,1,417.2
13167,791.33,4,197.8325
13168,1299.59,4,324.8975
13169,712.88,2,356.44
13170,108.81,1,108.81
13171,468.41,3,156.13666666666668
13173,353.65,2,176.825
13174,2742.82,3,914.2733333333334
13176,481.49,1,481.49
13177,282.45,1,282.45
13178,5725.47,11,520.4972727272727
13182,121.18,1,121.18
13183,3957.78,9,439.75333333333333
13184,1668.95,10,166.895
13185,71.4,1,71.4
13186,1575.89,3,525.2966666666667
13187,236.02,1,236.02
13188,114.60000000000001,1,114.60000000000001
13189,260.68,2,130.34
13192,911.94,2,455.97
13193,112.08,1,112.08
13194,60.7,1,60.7
13196,1797.78,4,449.445
13198,3401.2400000000002,6,566.8733333333333
13199,9817.12,38,258.34526315789475
13200,870.09,4,217.5225
13203,869.46,4,217.365
13207,250.26000000000002,2,125.13000000000001
13208,1217.65,6,202.9416666666667
13209,5891.61,8,736.45125
13210,353.48,1,353.48
13211,1095.42,3,365.14000000000004
13212,786.83,3,262.2766666666667
13213,1520.58,5,304.116
13216,333.74,1,333.74
13217,533.98,3,177.99333333333334
13218,62.63999999999999,1,62.63999999999999
13220,819.2900000000001,4,204.82250000000002
13221,847.41,2,423.705
13223,163.20000000000002,2,81.60000000000001
13224,2155.95,2,1077.975
13225,6463.84,7,923.4057142857143
13226,108.21000000000001,1,108.21000000000001
13227,257.7,1,257.7
13228,358.0,1,358.0
13229,160.95,1,160.95
13230,2755.63,14,196.8307142857143
13232,1328.35,7,189.7642857142857
13233,605.12,2,302.56
13235,1031.07,1,1031.07
13236,744.85,2,372.425
13238,700.73,4,175.1825
13239,329.56,1,329.56
13240,663.65,4,165.9125
13242,270.40000000000003,3,90.13333333333334
13243,585.12,1,585.12
13244,121.74000000000001,1,121.74000000000001
13245,430.5,1,430.5
13246,1961.52,6,326.92
13247,501.12,4,125.28
13248,465.68,2,232.84
13249,711.41,3,237.13666666666666
13253,1030.4,2,515.2
13255,399.51,2,199.755
13258,672.83,3,224.27666666666667
13259,283.18,1,283.18
13260,557.62,1,557.62
13261,944.1,2,472.05
13262,200.29,1,200.29
13263,7436.93,35,212.48371428571429
13265,2092.66,5,418.532
13266,3834.2599999999998,12,319.52166666666665
13267,4521.49,19,237.97315789473683
13268,3174.75,11,288.6136363636364
13269,5343.28,15,356.21866666666665
13270,590.0,1,590.0
13271,211.49,1,211.49
13272,276.56,2,138.28
13273,138.98,1,138.98
13276,590.9300000000001,2,295.46500000000003
13277,258.4,4,64.6
13278,542.73,1,542.73
13279,137.75,1,137.75
13280,798.46,3,266.15333333333336
13282,1132.14,3,377.38000000000005
13283,93.66,2,46.83
13284,201.19,1,201.19
13285,2709.12,4,677.28
13291,361.11,1,361.11
13292,578.9399999999999,2,289.46999999999997
13294,873.74,2,436.87
13295,201.20000000000002,1,201.20000000000002
13296,87.4,1,87.4
13297,2089.85,4,522.4625
13298,360.0,1,360.0
13299,142.5,1,142.5
13300,371.89,1,371.89
13301,618.09,4,154.5225
13302,63.75,1,63.75
13304,300.42,1,300.42
13305,2000.86,10,200.08599999999998
13307,15.0,1,15.0
13308,1385.51,3,461.83666666666664
13309,1456.79,5,291.358
13310,1132.03,3,377.3433333333333
13311,598.57,2,299.285
13313,1555.32,5,311.06399999999996
13314,775.94,3,258.6466666666667
13316,5732.93,4,1433.2325
13317,2273.68,6,378.94666666666666
13318,640.76,3,213.58666666666667
13319,10845.550000000001,26,417.1365384615385
13320,1532.2,4,383.05
13321,567.36,2,283.68
13322,199.48000000000002,1,199.48000000000002
13323,787.85,5,157.57
13324,7121.95,10,712.1949999999999
13325,675.3,1,675.3
13327,3627.77,8,453.47125
13328,1308.48,1,1308.48
13329,789.0,2,394.5
13330,1140.93,3,380.31
13332,350.9,1,350.9
13334,3502.32,3,1167.44
13336,795.12,1,795.12
13338,487.02,1,487.02
13339,860.12,1,860.12
13340,10736.48,7,1533.782857142857
13341,775.85,1,775.85
13343,353.43,1,353.43
13344,2511.69,3,837.23
13345,389.5,1,389.5
13347,341.36,1,341.36
13348,233.76,1,233.76
13349,247.32,1,247.32
13350,979.12,2,489.56
13351,373.94,1,373.94
13352,397.97999999999996,1,397.97999999999996
13354,743.53,1,743.53
13355,674.7,1,674.7
13356,768.24,1,768.24
13357,609.4,1,609.4
13358,439.03,1,439.03
13359,439.56,1,439.56
13362,3090.7400000000002,4,772.6850000000001
13363,992.5,2,496.25
13364,134.95999999999998,1,134.95999999999998
13365,2225.37,2,1112.685
13366,56.160000000000004,1,56.160000000000004
13368,623.4,2,311.7
13369,308.28000000000003,1,308.28000000000003
13370,754.87,1,754.87
13372,378.64,1,378.64
13373,3312.25,3,1104.0833333333333
13375,778.65,1,778.65
13376,1019.76,3,339.92
13379,572.56,3,190.85333333333332
13381,3639.31,6,606.5516666666666
13382,222.99,1,222.99
13384,4151.93,7,593.1328571428572
13385,534.57,1,534.57
13388,677.1,2,338.55
13389,797.96,3,265.9866666666667
13390,544.08,1,544.08
13391,59.8,1,59.8
13394,2520.02,8,315.0025
13395,307.72,1,307.72
13396,1360.99,2,680.495
13397,1544.13,5,308.826
13398,457.34,1,457.34
13402,621.23,2,310.615
13403,75.0,1,75.0
13404,252.49,2,126.245
13405,572.451,3,190.817
13408,28117.04,62,453.5006451612903
13410,1003.06,5,200.612
13411,213.55,1,213.55
13414,1390.5,3,463.5
13416,712.5,2,356.25
13417,640.83,2,320.415
13418,6127.43,18,340.4127777777778
13419,221.06,1,221.06
13420,159.85,2,79.925
13421,1833.71,2,916.855
13422,2626.3,1,2626.3
13425,1624.21,3,541.4033333333333
13426,3641.32,10,364.132
13427,582.6,3,194.20000000000002
13428,201.78,1,201.78
13429,1006.8,4,251.7
13430,679.45,2,339.725
13431,1269.1,2,634.55
13434,534.24,2,267.12
13435,3809.8900000000003,7,544.2700000000001
13436,196.89,1,196.89
13437,3408.06,7,486.86571428571426
13439,283.71,1,283.71
13441,296.64,1,296.64
13447,1129.14,3,376.38000000000005
13448,3534.69,6,589.115
13449,291.88,1,291.88
13450,2043.7199999999998,6,340.61999999999995
13451,2898.2599999999998,5,579.6519999999999
13452,590.0,2,295.0
13453,356.97999999999996,2,178.48999999999998
13455,1058.34,2,529.17
13456,1766.72,6,294.4533333333333
13458,9646.57,14,689.0407142857142
13460,183.44,2,91.72
13461,1445.0,3,481.6666666666667
13462,151.5,1,151.5
13464,674.68,1,674.68
13466,307.9,1,307.9
13467,1071.91,2,535.955
13468,5704.97,37,154.1883783783784
13470,165.0,2,82.5
13471,2501.84,4,625.46
13473,422.64,2,211.32
13474,226.84,1,226.84
13475,1431.78,4,357.945
13476,1238.47,2,619.235
13477,1454.58,6,242.42999999999998
13479,300.95,2,150.475
13481,1804.56,5,360.912
13482,184.64,1,184.64
13483,140.34,1,140.34
13484,313.8,1,313.8
13485,454.24,1,454.24
13486,1122.41,3,374.1366666666667
13487,575.4,3,191.79999999999998
13488,8968.31,13,689.87
13489,449.52,4,112.38
13491,1215.82,10,121.582
13492,1269.84,3,423.28
13493,618.63,2,309.315
13494,316.26000000000005,1,316.26000000000005
13495,2044.8700000000001,5,408.97400000000005
13496,653.33,2,326.665
13497,348.05,2,174.025
13499,1159.11,5,231.82199999999997
13500,1166.77,3,388.92333333333335
13501,1340.32,1,1340.32
13502,292.0,3,97.33333333333333
13503,216.85,1,216.85
13504,295.93,1,295.93
13505,4393.63,4,1098.4075
13506,458.52,2,229.26
13507,2479.16,4,619.79
13508,110.97,1,110.97
13509,979.72,7,139.96
13510,1791.56,4,447.89
13512,251.21,1,251.21
13513,205.1,1,205.1
13514,152.20000000000002,1,152.20000000000002
13515,891.12,4,222.78
13516,1389.41,3,463.1366666666667
13517,2128.42,3,709.4733333333334
13518,627.16,1,627.16
13519,122.75,1,122.75
13520,3624.35,6,604.0583333333333
13521,1071.73,3,357.24333333333334
13522,125.80000000000001,1,125.80000000000001
13523,3964.88,5,792.976
13524,680.1800000000001,5,136.036
13525,628.78,2,314.39
13527,2242.36,7,320.33714285714285
13529,307.76,2,153.88
13531,483.8,2,241.9
13532,210.31,1,210.31
13533,269.09,3,89.69666666666666
13534,5870.08,25,234.8032
13536,3444.39,7,492.05571428571426
13538,1280.85,7,182.97857142857143
13539,631.34,3,210.4466666666667
13544,276.06,2,138.03
13546,621.09,3,207.03
13548,678.16,2,339.08
13549,918.2,7,131.17142857142858
13551,91.80000000000001,1,91.80000000000001
13552,3740.07,12,311.6725
13555,4098.88,4,1024.72
13557,584.06,2,292.03
13558,594.52,4,148.63
13560,171.42000000000002,1,171.42000000000002
13561,141.85999999999999,1,141.85999999999999
13562,1799.33,3,599.7766666666666
13563,777.53,2,388.765
13564,1724.67,3,574.89
13565,240.22,2,120.11
13566,856.84,2,428.42
13568,187.05,1,187.05
13569,338.62,2,169.31
13570,239.49,1,239.49
13571,2088.94,12,174.07833333333335
13572,1384.25,1,1384.25
13573,290.25,2,145.125
13575,732.0699999999999,5,146.414
13576,6717.34,18,373.18555555555554
13577,1687.6000000000001,4,421.90000000000003
13579,467.04,2,233.52
13581,118.0,1,118.0
13583,781.03,1,781.03
13584,142.4,1,142.4
13587,712.4,1,712.4
13588,2478.95,9,275.43888888888887
13589,379.65,2,189.825
13590,1981.92,6,330.32
13591,1117.13,3,372.3766666666667
13592,247.95999999999998,4,61.989999999999995
13593,2011.88,5,402.37600000000003
13594,396.97,1,396.97
13596,664.11,2,332.055
13598,160.04,1,160.04
13599,5149.92,21,245.2342857142857
13600,219.52,1,219.52
13601,693.32,2,346.66
13602,428.89,1,428.89
13603,164.34,1,164.34
13606,276.75,3,92.25
13607,675.51,1,675.51
13610,1082.33,7,154.6185714285714
13611,1154.4,3,384.8
13614,1585.46,4,396.365
13615,417.69,1,417.69
13617,544.18,3,181.39333333333332
13618,177.34,1,177.34
13621,213.85,1,213.85
13623,727.74,5,145.548
13626,257.23,1,257.23
13627,1638.47,5,327.694
13629,7792.36,11,708.3963636363636
13630,2031.78,7,290.2542857142857
13631,3070.42,11,279.1290909090909
13632,2118.93,5,423.78599999999994
13634,1547.3600000000001,5,309.47200000000004
13635,1071.03,1,1071.03
13636,949.12,5,189.824
13637,804.3,3,268.09999999999997
13638,122.64,1,122.64
13639,1033.34,1,1033.34
13642,312.28,1,312.28
13643,519.44,3,173.14666666666668
13644,2624.26,4,656.065
13645,252.1,1,252.1
13647,1648.1200000000001,4,412.03000000000003
13649,346.6,2,173.3
13650,1836.34,6,306.0566666666667
13651,94.2,2,47.1
13652,1095.08,3,365.02666666666664
13654,2707.33,6,451.22166666666664
13655,932.97,2,466.485
13656,379.65,2,189.825
13657,382.14,2,191.07
13658,2639.17,5,527.8340000000001
13659,1563.0,2,781.5
13662,881.26,3,293.75333333333333
13663,189.47,1,189.47
13666,84.65,3,28.21666666666667
13667,299.05,1,299.05
13668,6309.83,21,300.46809523809526
13669,218.55,2,109.275
13670,349.7,1,349.7
13672,186.39000000000001,2,93.19500000000001
13673,387.44,2,193.72
13675,486.82000000000005,2,243.41000000000003
13678,232.6,1,232.6
13680,3719.12,4,929.78
13681,827.83,4,206.9575
13682,59.5,1,59.5
13684,65.13,1,65.13
13685,3119.44,7,445.63428571428574
13686,72.0,1,72.0
13689,910.0,1,910.0
13690,172.25,1,172.25
13692,1488.32,3,496.1066666666666
13694,65039.62,50,1300.7924
13695,2504.13,15,166.942
13697,151.29999999999998,1,151.29999999999998
13699,308.58000000000004,1,308.58000000000004
13700,2248.63,10,224.863
13703,99.5,1,99.5
13704,2308.06,9,256.4511111111111
13705,711.86,3,237.28666666666666
13706,330.79,1,330.79
13707,806.41,2,403.205
13708,285.33,1,285.33
13709,6307.650000000001,13,485.2038461538462
13710,180.48,1,180.48
13711,252.06,2,126.03
13712,228.84,1,228.84
13715,1077.39,5,215.478
13716,138.28,1,138.28
13717,1445.01,6,240.835
13718,306.55,2,153.275
13719,1041.68,5,208.336
13720,799.9,4,199.975
13721,524.14,1,524.14
13722,2375.41,3,791.8033333333333
13723,199.85000000000002,1,199.85000000000002
13725,1980.56,8,247.57
13726,1079.6599999999999,2,539.8299999999999
13727,333.48,2,166.74
13728,1016.14,6,169.35666666666665
13730,752.6,2,376.3
13731,610.59,2,305.295
13732,491.86,1,491.86
13735,2883.54,4,720.885
13736,729.8,2,364.9
13737,339.59999999999997,1,339.59999999999997
13739,216.9,1,216.9
13740,350.75,1,350.75
13741,668.4300000000001,3,222.81000000000003
13742,3107.87,12,258.9891666666667
13743,1341.6,7,191.65714285714284
13744,1080.52,2,540.26
13745,300.04,1,300.04
13747,79.6,1,79.6
13748,948.25,5,189.65
13750,1647.26,5,329.452
13751,296.25,1,296.25
13752,1175.38,6,195.89666666666668
13753,741.26,1,741.26
13754,282.59999999999997,2,141.29999999999998
13755,2108.06,9,234.2288888888889
13756,5189.52,14,370.68
13758,3190.55,7,455.79285714285714
13759,659.4100000000001,2,329.70500000000004
13760,286.79,2,143.395
13761,1070.65,2,535.325
13762,306.72,1,306.72
13763,1714.96,1,1714.96
13764,1519.42,3,506.47333333333336
13767,17220.36,37,465.41513513513513
13769,2796.51,10,279.651
13771,2634.45,4,658.6125
13772,1122.63,3,374.21000000000004
13774,345.0,1,345.0
13777,25977.16,33,787.1866666666666
13778,178.7,1,178.7
13780,360.01,2,180.005
13781,127.84,1,127.84
13782,908.86,6,151.47666666666666
13784,2462.79,11,223.89
13786,230.39999999999998,1,230.39999999999998
13787,309.04,2,154.52
13790,348.8,1,348.8
13791,1516.0,2,758.0
13792,195.55,2,97.775
13798,37153.85,57,651.8219298245614
13799,688.86,2,344.43
13800,558.32,1,558.32
13801,324.8,1,324.8
13802,4599.42,3,1533.14
13803,277.07,1,277.07
13804,2588.39,7,369.77
13805,924.6,2,462.3
13806,256.38,1,256.38
13807,112.6,1,112.6
13808,1747.66,5,349.53200000000004
13809,155.05,1,155.05
13810,1499.01,3,499.67
13811,814.5,3,271.5
13812,539.0,3,179.66666666666666
13813,1366.8600000000001,4,341.71500000000003
13814,1579.12,2,789.56
13815,4027.36,4,1006.84
13816,571.6700000000001,2,285.83500000000004
13817,382.98,2,191.49
13819,1140.35,3,380.1166666666666
13821,385.64,2,192.82
13822,632.0,2,316.0
13823,957.66,2,478.83
13824,1698.94,5,339.788
13826,189.5,1,189.5
13827,409.8,3,136.6
13828,209.49,1,209.49
13831,2198.45,6,366.4083333333333
13832,52.199999999999996,1,52.199999999999996
13833,383.85,1,383.85
13835,834.57,4,208.6425
13837,266.59000000000003,2,133.29500000000002
13838,674.82,4,168.705
13841,85.0,1,85.0
13842,3385.62,9,376.18
13844,361.62,1,361.62
13845,312.98,1,312.98
13846,865.0600000000001,3,288.35333333333335
13848,1255.0,3,418.3333333333333
13849,1537.95,2,768.975
13850,1595.48,1,1595.48
13851,2651.46,3,883.82
13853,1090.14,1,1090.14
13854,8109.5199999999995,25,324.38079999999997
13856,388.5,3,129.5
13858,216.17,1,216.17
13859,201.16,1,201.16
13860,1245.9,5,249.18
13862,2209.36,8,276.17
13863,305.78,1,305.78
13865,501.56,4,125.39
13866,145.67000000000002,1,145.67000000000002
13867,1005.09,3,335.03000000000003
13868,3192.54,2,1596.27
13869,3083.65,4,770.9125
13870,2770.94,8,346.3675
13871,6403.25,13,492.5576923076923
13873,389.6,3,129.86666666666667
13874,540.45,1,540.45
13875,1786.79,5,357.358
13876,122.7,1,122.7
13877,117.24,1,117.24
13878,1271.57,1,1271.57
13880,3219.77,13,247.67461538461538
13881,17159.52,20,857.976
13882,1191.13,5,238.22600000000003
13883,2674.48,5,534.896
13884,787.6,5,157.52
13885,506.8,2,253.4
13886,243.56,1,243.56
13887,349.55,1,349.55
13888,595.67,2,297.835
13889,416.90000000000003,1,416.90000000000003
13890,1883.8100000000002,10,188.38100000000003
13892,632.97,4,158.2425
13893,821.1,1,821.1
13894,564.62,3,188.20666666666668
13895,2593.07,4,648.2675
13897,311.16,1,311.16
13898,155.93,1,155.93
13899,388.52,2,194.26
13900,740.95,3,246.98333333333335
13901,2867.2,5,573.4399999999999
13904,332.64,2,166.32
13908,2369.55,4,592.3875
13911,2580.91,9,286.7677777777778
13914,626.45,2,313.225
13917,272.04,2,136.02
13918,1212.8400000000001,2,606.4200000000001
13919,384.81,2,192.405
13922,172.25,1,172.25
13923,351.13,1,351.13
13924,1838.8500000000001,6,306.475
13925,678.25,4,169.5625
13926,223.85000000000002,1,223.85000000000002
13927,348.99,1,348.99
13928,464.57,4,116.1425
13929,842.65,2,421.325
13930,337.34,2,168.67
13931,1237.53,2,618.765
13932,307.4,1,307.4
13933,608.7900000000001,2,304.39500000000004
13934,922.1,1,922.1
13936,376.58,1,376.58
13937,158.85,1,158.85
13938,71.66,1,71.66
13939,568.55,3,189.51666666666665
13940,839.14,4,209.785
13941,5112.96,5,1022.592
13946,561.5699999999999,3,187.18999999999997
13947,90.6,1,90.6
13948,102.0,1,102.0
13949,2427.32,6,404.55333333333334
13950,745.06,4,186.265
13951,674.45,3,224.8166666666667
13952,3251.071,2,1625.5355
13953,3515.68,7,502.23999999999995
13954,439.92,2,219.96
13955,322.96,2,161.48
13956,1019.27,5,203.85399999999998
13959,594.04,3,198.01333333333332
13960,230.22,2,115.11
13962,169.55,2,84.775
13963,664.54,4,166.135
13967,80.7,1,80.7
13969,9024.17,18,501.34277777777777
13971,2758.26,8,344.7825
13972,190.25,2,95.125
13973,264.7,1,264.7
13974,413.59000000000003,1,413.59000000000003
13975,2461.2400000000002,6,410.2066666666667
13976,357.98,1,357.98
13978,196.79000000000002,2,98.39500000000001
13979,869.87,1,869.87
13980,200.14,1,200.14
13982,1871.81,4,467.9525
13983,2603.43,12,216.9525
13984,920.51,5,184.102
13985,7060.13,15,470.67533333333336
13986,320.46,1,320.46
13988,4147.96,6,691.3266666666667
13989,1266.08,2,633.04
13990,311.3,1,311.3
13991,852.88,6,142.14666666666668
13992,76.8,1,76.8
13993,3466.36,9,385.1511111111111
13994,2274.14,6,379.0233333333333
13995,1393.69,5,278.738
13999,3901.81,12,325.1508333333333
14000,635.66,1,635.66
14001,2043.0800000000002,3,681.0266666666668
14002,529.73,2,264.865
14004,4582.64,7,654.6628571428572
14005,2874.72,5,574.944
14006,962.19,3,320.73
14009,695.61,2,347.805
14012,328.8,1,328.8
14013,473.02,3,157.67333333333332
14014,505.18,1,505.18
14015,917.34,1,917.34
14016,4341.21,4,1085.3025
14019,1421.61,3,473.86999999999995
14020,642.8,2,321.4
14021,631.9,3,210.63333333333333
14022,440.0,1,440.0
14023,584.07,2,292.035
14024,327.7,2,163.85
14027,104.82,1,104.82
14029,467.66,2,233.83
14030,2358.84,8,294.855
14031,17286.86,19,909.8347368421053
14032,2975.59,11,270.5081818181818
14034,648.89,3,216.29666666666665
14035,1428.02,5,285.604
14036,626.65,1,626.65
14037,147.20000000000002,2,73.60000000000001
14038,1560.38,3,520.1266666666667
14039,152.2,1,152.2
14040,3560.32,12,296.6933333333333
14041,141.41,1,141.41
14044,646.42,4,161.605
14045,1659.75,4,414.9375
14046,154.99,1,154.99
14047,1308.6100000000001,5,261.72200000000004
14048,409.93,1,409.93
14049,5578.72,4,1394.68
14050,746.36,2,373.18
14051,15610.390000000001,23,678.7126086956522
14052,225.36,1,225.36
14053,260.25,2,130.125
14054,92.46,1,92.46
14055,725.6400000000001,1,725.6400000000001
14056,8152.71,23,354.46565217391304
14057,6211.66,17,365.39176470588234
14059,183.6,1,183.6
14060,6140.42,19,323.18
14062,10464.85,12,872.0708333333333
14064,1334.34,5,266.868
14066,152.55,1,152.55
14067,374.7,2,187.35
14068,265.85,1,265.85
14071,1437.57,8,179.69625
14073,151.04,1,151.04
14075,942.26,3,314.08666666666664
14076,118.67,1,118.67
14077,499.41999999999996,5,99.88399999999999
14078,1049.37,6,174.89499999999998
14079,375.1,1,375.1
14080,45.599999999999994,1,45.599999999999994
14081,921.62,2,460.81
14082,182.25,1,182.25
14083,1002.9,9,111.43333333333334
14085,4421.29,18,245.62722222222223
14087,191.47,1,191.47
14088,50491.81,13,3883.9853846153846
14089,158.75,1,158.75
14090,76.32000000000001,1,76.32000000000001
14092,4076.91,14,291.2078571428571
14093,433.86,1,433.86
14096,65164.79,17,3833.2229411764706
14098,147.35,1,147.35
14099,3104.17,11,282.1972727272727
14100,191.95000000000002,1,191.95000000000002
14101,5976.79,6,996.1316666666667
14102,1105.8799999999999,5,221.176
14104,216.20999999999998,2,108.10499999999999
14105,1266.23,1,1266.23
14107,2703.23,7,386.17571428571426
14108,597.91,2,298.955
14109,144.2,1,144.2
14110,5683.15,12,473.5958333333333
14111,692.85,4,173.2125
14112,2915.15,7,416.45
14113,1840.42,4,460.105
14114,386.53,2,193.265
14116,1382.74,5,276.548
14117,90.0,1,90.0
14121,2780.15,4,695.0375
14124,419.58000000000004,1,419.58000000000004
14125,2720.63,3,906.8766666666667
14126,706.1300000000001,3,235.3766666666667
14127,709.71,3,236.57000000000002
14128,637.5,2,318.75
14129,1123.8600000000001,5,224.77200000000002
14130,480.91,1,480.91
14132,3586.0299999999997,11,326.00272727272727
14133,605.64,3,201.88
14135,4690.31,15,312.68733333333336
14138,965.8800000000001,2,482.94000000000005
14139,415.82,1,415.82
14140,935.05,2,467.525
14141,915.13,4,228.7825
14142,311.81,1,311.81
14143,115.8,1,115.8
14145,3742.2,4,935.55
14146,4191.0,5,838.2
14147,483.4,2,241.7
14148,157.2,1,157.2
14149,446.62,1,446.62
14150,658.64,2,329.32
14152,621.29,2,310.645
14154,1345.62,2,672.81
14155,118.75,1,118.75
14156,117210.08,55,2131.0923636363636
14157,424.89000000000004,2,212.44500000000002
14158,507.66,1,507.66
14159,4630.35,11,420.94090909090914
14161,1097.6200000000001,3,365.8733333333334
14162,289.36,2,144.68
14163,2445.91,4,611.4775
14164,1631.77,2,815.885
14165,120.44,1,120.44
14167,562.59,4,140.6475
14171,363.79,1,363.79
14173,450.84,4,112.71
14174,134.46,1,134.46
14175,3222.3,3,1074.1000000000001
14176,576.9000000000001,4,144.22500000000002
14177,549.46,4,137.365
14178,1600.26,7,228.60857142857142
14179,701.57,2,350.785
14180,4748.52,25,189.94080000000002
14184,452.89,1,452.89
14185,197.65,1,197.65
14188,2054.36,6,342.3933333333334
14189,4654.08,15,310.272
14191,4684.76,13,360.36615384615385
14193,853.39,2,426.695
14194,11349.52,21,540.4533333333334
14195,1012.0,2,506.0
14196,335.52,1,335.52
14198,701.4,4,175.35
14199,185.39999999999998,1,185.39999999999998
14201,747.44,7,106.77714285714286
14204,150.61,1,150.61
14205,466.7,2,233.35
14206,328.15999999999997,1,328.15999999999997
14208,151.74,1,151.74
14209,2073.43,6,345.57166666666666
14210,1905.8400000000001,6,317.64000000000004
14211,2241.1,9,249.0111111111111
14212,1070.48,1,1070.48
14214,1004.38,5,200.876
14215,1789.72,6,298.2866666666667
14216,1839.3,4,459.825
14217,2004.98,17,117.94
14218,169.48000000000002,1,169.48000000000002
14219,89.94,1,89.94
14220,632.4,2,316.2
14221,3432.8,9,381.4222222222222
14222,683.17,1,683.17
14223,991.13,3,330.37666666666667
14224,1009.73,4,252.4325
14226,2214.79,5,442.95799999999997
14227,3350.96,10,335.096
14229,1547.2,3,515.7333333333333
14231,925.71,3,308.57
14232,2048.07,5,409.61400000000003
14233,1462.72,4,365.68
14234,754.12,4,188.53
14235,3144.86,5,628.972
14236,490.86,2,245.43
14237,161.0,1,161.0
14238,146.85,1,146.85
14239,2380.85,11,216.4409090909091
14240,890.34,2,445.17
14241,213.70000000000002,1,213.70000000000002
14242,280.55,2,140.275
14243,2588.77,10,258.877
14245,1693.45,2,846.725
14246,1474.06,3,491.3533333333333
14247,136.76999999999998,1,136.76999999999998
14248,302.58,1,302.58
14250,1904.05,3,634.6833333333333
14251,2879.7000000000003,5,575.94
14256,969.0600000000001,2,484.53000000000003
14257,3099.7200000000003,5,619.9440000000001
14258,12669.98,9,1407.7755555555555
14259,120.0,1,120.0
14261,1163.45,2,581.725
14262,2618.23,8,327.27875
14264,333.97,2,166.985
14265,530.18,2,265.09
14267,1516.24,3,505.41333333333336
14270,492.65000000000003,1,492.65000000000003
14271,112.32,1,112.32
14272,437.96,2,218.98
14273,559.97,4,139.9925
14276,1119.74,3,373.24666666666667
14277,4188.0,3,1396.0
14280,134.04,1,134.04
14282,3701.44,15,246.76266666666666
14284,595.25,2,297.625
14285,1910.01,4,477.5025
14286,4628.75,3,1542.9166666666667
14287,176.63,3,58.876666666666665
14288,426.6,1,426.6
14289,911.26,6,151.87666666666667
14290,2314.65,5,462.93
14291,3883.25,11,353.02272727272725
14292,4871.93,9,541.3255555555556
14293,1046.56,4,261.64
14295,166.20000000000002,1,166.20000000000002
14297,1305.33,4,326.3325
14298,51527.3,44,1171.075
14299,3965.62,9,440.6244444444444
14300,43.2,1,43.2
14301,640.14,1,640.14
14304,383.45,1,383.45
14305,1858.96,3,619.6533333333333
14306,2093.32,2,1046.66
14307,2995.72,6,499.28666666666663
14309,2352.53,9,261.39222222222224
14311,310.26,1,310.26
14312,1611.59,6,268.5983333333333
14314,120.0,1,120.0
14315,2481.13,6,413.5216666666667
14317,508.58000000000004,1,508.58000000000004
14320,477.79,2,238.895
14321,1530.75,5,306.15
14323,605.0600000000001,2,302.53000000000003
14326,183.85,1,183.85
14327,311.65,1,311.65
14329,4975.24,7,710.7485714285714
14331,462.65999999999997,2,231.32999999999998
14332,840.21,3,280.07
14333,415.2,1,415.2
14334,2552.21,8,319.02625
14335,454.86,2,227.43
14336,1614.91,4,403.7275
14338,588.22,2,294.11
14339,309.52,1,309.52
14340,134.7,1,134.7
14341,2166.98,8,270.8725
14342,668.5600000000001,4,167.14000000000001
14344,889.9300000000001,8,111.24125000000001
14345,108.97999999999999,1,108.97999999999999
14346,1021.58,2,510.79
14348,409.57,1,409.57
14349,133.5,1,133.5
14350,282.93,1,282.93
14351,51.0,1,51.0
14352,1078.96,4,269.74
14353,90.6,1,90.6
14354,163.62,2,81.81
14355,174.4,1,174.4
14356,701.23,2,350.615
14357,225.12,1,225.12
14359,912.18,3,304.06
14360,2118.03,4,529.5075
14362,151.5,1,151.5
14364,3717.35,8,464.66875
14367,9227.82,16,576.73875
14368,155.0,1,155.0
14371,100.5,1,100.5
14373,76.55,1,76.55
14375,235.56,1,235.56
14377,617.05,2,308.525
14379,348.1,2,174.05
14381,202.68,1,202.68
14382,615.49,1,615.49
14383,1247.69,3,415.8966666666667
14385,202.11,3,67.37
14386,142.4,1,142.4
14387,1727.6,3,575.8666666666667
14388,3212.84,8,401.605
14389,1043.46,2,521.73
14390,4642.57,9,515.8411111111111
14393,67.95,1,67.95
14395,3479.91,9,386.65666666666664
14396,487.99,2,243.995
14397,2612.96,19,137.52421052631578
14400,574.7,1,574.7
14401,4051.48,13,311.6523076923077
14403,1475.81,4,368.9525
14404,1449.32,6,241.5533333333333
14406,156.75,1,156.75
14407,2157.73,6,359.62166666666667
14408,2599.03,7,371.29
14409,2059.4500000000003,6,343.24166666666673
14410,1100.27,9,122.25222222222222
14411,1063.0,1,1063.0
14412,770.03,2,385.015
14413,121.05,1,121.05
14414,1496.98,7,213.8542857142857
14415,5855.57,13,450.42846153846153
14416,490.22,2,245.11
14418,1937.25,3,645.75
14419,1051.79,6,175.29833333333332
14420,387.52,1,387.52
14421,813.11,2,406.555
14422,4263.64,6,710.6066666666667
14423,265.2,1,265.2
14424,322.08,1,322.08
14426,4481.67,10,448.16700000000003
14427,363.34000000000003,2,181.67000000000002
14428,1224.06,5,244.81199999999998
14431,470.36,1,470.36
14432,2248.5,6,374.75
14434,1372.8,6,228.79999999999998
14436,89.06,1,89.06
14437,63.0,1,63.0
14438,131.9,1,131.9
14439,2661.24,1,2661.24
14440,2357.6800000000003,5,471.53600000000006
14441,1712.89,4,428.2225
14442,1589.82,2,794.91
14443,1420.2,4,355.05
14446,1010.35,4,252.5875
14447,1163.23,5,232.64600000000002
14448,375.35,2,187.675
14449,885.8,4,221.45
14450,483.25,3,161.08333333333334
14451,643.9,2,321.95
14452,259.05,2,129.525
14453,119.93,1,119.93
14456,3017.28,9,335.25333333333333
14457,113.64,1,113.64
14459,1837.92,1,1837.92
14460,434.34,3,144.78
14461,2103.06,3,701.02
14462,1980.57,11,180.05181818181816
14463,529.62,3,176.54
14465,1038.44,3,346.1466666666667
14466,2272.4,7,324.62857142857143
14467,596.26,4,149.065
14470,461.19,2,230.595
14472,1852.67,8,231.58375
14473,234.34000000000003,2,117.17000000000002
14474,547.66,1,547.66
14475,925.85,3,308.6166666666667
14476,193.0,1,193.0
14477,1309.6,4,327.4
14479,316.25,2,158.125
14480,279.05,1,279.05
14481,636.51,2,318.255
14482,2022.81,6,337.135
14483,137.1,1,137.1
14484,321.92,1,321.92
14485,162.8,1,162.8
14487,1165.48,6,194.24666666666667
14488,1064.28,1,1064.28
14489,463.38,1,463.38
14491,340.93,2,170.465
14493,2383.2400000000002,5,476.648
14494,139.56,1,139.56
14495,123.8,2,61.9
14496,538.8100000000001,2,269.40500000000003
14497,475.37,1,475.37
14498,1957.32,5,391.464
14499,808.44,3,269.48
14500,356.85,3,118.95
14501,251.21,2,125.605
14502,2429.83,11,220.89363636363635
14503,3543.26,6,590.5433333333334
14504,673.26,4,168.315
14505,5859.43,8,732.42875
14506,1960.65,5,392.13
14507,1367.88,6,227.98000000000002
14508,268.05,2,134.025
14511,1314.81,5,262.962
14512,275.28,2,137.64
14513,455.59000000000003,3,151.86333333333334
14514,990.2,3,330.06666666666666
14515,2076.89,6,346.1483333333333
14517,330.45,2,165.225
14518,174.37,1,174.37
14520,270.6,2,135.3
14522,974.54,4,243.635
14523,241.09,1,241.09
14524,1843.83,9,204.87
14525,4215.9,9,468.4333333333333
14527,8507.13,55,154.6750909090909
14528,364.21999999999997,1,364.21999999999997
14529,578.61,3,192.87
14530,2862.11,6,477.0183333333334
14532,932.85,4,233.2125
14533,1949.72,7,278.5314285714286
14534,4397.3,18,244.29444444444445
14535,2854.84,3,951.6133333333333
14536,170.95,1,170.95
14537,355.56,1,355.56
14538,388.25,2,194.125
14539,537.48,2,268.74
14540,952.66,3,317.55333333333334
14541,1453.35,8,181.66875
14542,103.25,1,103.25
14543,3599.73,16,224.983125
14544,2004.3,2,1002.15
14546,2573.93,5,514.786
14547,3974.75,8,496.84375
14548,652.8,2,326.4
14549,289.24,1,289.24
14550,757.37,2,378.685
14551,186.23,2,93.115
14552,164.22,1,164.22
14553,859.27,5,171.85399999999998
14554,2279.4900000000002,4,569.8725000000001
14555,312.54,2,156.27
14557,788.38,1,788.38
14560,2237.77,22,101.71681818181818
14561,1080.76,3,360.25333333333333
14562,5006.77,18,278.1538888888889
14565,3099.12,4,774.78
14566,1432.0,1,1432.0
14567,1530.3600000000001,2,765.1800000000001
14569,227.39,1,227.39
14570,218.06,2,109.03
14572,2804.54,7,400.6485714285714
14573,1639.82,9,182.20222222222222
14576,35.400000000000006,1,35.400000000000006
14577,859.71,4,214.9275
14578,168.63,1,168.63
14581,138.6,1,138.6
14582,114.11,1,114.11
14583,986.96,5,197.392
14584,1033.06,4,258.265
14585,157.05,1,157.05
14586,237.36,1,237.36
14587,1580.29,9,175.58777777777777
14589,39.75,1,39.75
14591,1320.21,4,330.0525
14592,557.94,3,185.98000000000002
14593,617.15,3,205.71666666666667
14594,363.33,2,181.665
14595,1740.6,6,290.09999999999997
14597,866.24,2,433.12
14598,221.97,1,221.97
14600,393.33000000000004,1,393.33000000000004
14601,213.96,1,213.96
14603,660.0,1,660.0
14606,12076.15,93,129.8510752688172
14607,16209.5,14,1157.8214285714287
14608,1785.15,4,446.2875
14609,601.56,4,150.39
14616,406.08000000000004,3,135.36
14618,553.44,3,184.48000000000002
14619,394.44,1,394.44
14620,412.78000000000003,2,206.39000000000001
14621,1788.3600000000001,5,357.672
14622,320.58000000000004,1,320.58000000000004
14623,886.7,5,177.34
14624,225.85,2,112.925
14625,899.63,2,449.815
14626,2791.27,4,697.8175
14628,671.96,2,335.98
14629,955.26,2,477.63
14631,1006.98,3,335.66
14632,114.56,1,114.56
14633,344.90000000000003,1,344.90000000000003
14636,609.85,2,304.925
14638,443.6,1,443.6
14639,2984.49,6,497.41499999999996
14640,2107.38,6,351.23
14641,110.46,1,110.46
14642,96.12,1,96.12
14643,693.8100000000001,2,346.90500000000003
14644,830.76,2,415.38
14645,597.09,2,298.545
14646,280206.02,73,3838.4386301369864
14647,236.04000000000002,1,236.04000000000002
14649,1402.59,4,350.6475
14651,653.75,2,326.875
14652,114.18,1,114.18
14653,1926.65,7,275.2357142857143
14655,1932.23,4,483.0575
14656,291.05,2,145.525
14657,848.22,4,212.055
14658,247.15,2,123.575
14659,2529.93,9,281.1033333333333
14660,285.74,2,142.87
14661,107.95,1,107.95
14662,741.37,4,185.3425
14664,636.24,2,318.12
14665,1835.7,5,367.14
14666,195.25,1,195.25
14667,9175.04,25,367.00160000000005
14669,1259.24,3,419.74666666666667
14670,392.86,2,196.43
14672,765.55,2,382.775
14673,1736.4,5,347.28000000000003
14675,596.36,1,596.36
14676,2548.2400000000002,6,424.7066666666667
14680,28754.11,16,1797.131875
14681,498.95,3,166.31666666666666
14682,52.0,2,26.0
14684,1201.51,5,240.302
14687,628.38,1,628.38
14688,5579.1,21,265.6714285714286
14689,112.8,1,112.8
14690,355.05,2,177.525
14691,2114.33,5,422.866
14692,591.55,4,147.8875
14693,172.9,1,172.9
14696,2078.95,7,296.99285714285713
14697,188.60999999999999,2,94.30499999999999
14698,1217.27,5,243.454
14699,109.13000000000001,1,109.13000000000001
14700,2195.1,3,731.6999999999999
14701,2526.09,9,280.6766666666667
14702,3251.79,17,191.28176470588235
14703,318.17,1,318.17
14704,1493.96,9,165.99555555555557
14705,179.0,1,179.0
14708,1126.37,3,375.45666666666665
14709,4921.04,13,378.54153846153844
14710,599.48,4,149.87
14711,2839.62,11,258.1472727272727
14712,917.07,3,305.69
14713,2662.2,11,242.0181818181818
14714,160.19,1,160.19
14715,867.38,4,216.845
14716,307.51,2,153.755
14719,1581.84,5,316.368
14720,663.81,3,221.26999999999998
14722,180.42000000000002,1,180.42000000000002
14723,1122.3600000000001,6,187.06000000000003
14725,655.58,1,655.58
14727,268.58,1,268.58
14729,313.49,1,313.49
14730,1897.57,8,237.19625
14731,380.02,3,126.67333333333333
14732,2702.4900000000002,8,337.81125000000003
14733,9585.91,12,798.8258333333333
14735,6065.69,32,189.5528125
14737,1164.55,3,388.18333333333334
14738,1314.45,7,187.77857142857144
14739,3902.28,7,557.4685714285714
14740,1448.21,3,482.7366666666667
14741,1400.34,6,233.39
14744,1099.98,7,157.14000000000001
14745,1220.26,5,244.052
14747,328.2,1,328.2
14748,1415.75,5,283.15
14752,389.64,1,389.64
14753,563.15,1,563.15
14754,638.05,2,319.025
14755,5010.28,11,455.47999999999996
14756,738.96,1,738.96
14757,420.5,1,420.5
14758,1484.06,4,371.015
14759,1625.97,3,541.99
14760,89.2,1,89.2
14761,255.9,2,127.95
14762,300.52,1,300.52
14764,278.3,1,278.3
14765,254.11,3,84.70333333333333
14766,2473.37,6,412.2283333333333
14768,192.60000000000002,2,96.30000000000001
14769,10416.98,8,1302.1225
14770,876.42,2,438.21
14772,139.26,1,139.26
14775,1011.9,3,337.3
14776,2538.3,11,230.75454545454548
14778,730.86,2,365.43
14779,386.15,3,128.71666666666667
14780,447.68,2,223.84
14782,200.10000000000002,1,200.10000000000002
14784,289.99,2,144.995
14785,77.4,2,38.7
14788,679.4399999999999,2,339.71999999999997
14789,197.64,1,197.64
14790,745.06,4,186.265
14792,6.2,1,6.2
14793,228.99,1,228.99
14794,1319.91,7,188.55857142857144
14795,131.45000000000002,1,131.45000000000002
14796,7975.49,17,469.1464705882353
14798,173.74,3,57.913333333333334
14799,157.7,1,157.7
14800,4331.79,12,360.9825
14801,189.34,1,189.34
14803,845.55,3,281.84999999999997
14804,353.27,1,353.27
14805,546.4,4,136.6
14806,193.39000000000001,1,193.39000000000001
14808,2718.6,8,339.825
14810,2085.33,11,189.57545454545453
14813,152.88,2,76.44
14815,778.5,2,389.25
14816,271.85,1,271.85
14817,1110.34,2,555.17
14818,657.8,3,219.26666666666665
14819,272.07,2,136.035
14820,507.29,4,126.8225
14821,48.800000000000004,1,48.800000000000004
14823,321.43,3,107.14333333333333
14824,1127.71,4,281.9275
14825,2221.01,12,185.08416666666668
14828,2139.76,3,713.2533333333334
14829,697.55,4,174.3875
14830,188.88,1,188.88
14834,1720.3,6,286.71666666666664
14836,102.44999999999999,3,34.15
14837,1649.5,4,412.375
14840,62.85,1,62.85
14841,3295.76,6,549.2933333333334
14842,2824.69,4,706.1725
14844,3189.81,4,797.4525
14847,309.4,1,309.4
14849,7930.54,25,317.2216
14850,325.75,1,325.75
14851,511.35,2,255.675
14852,2836.69,6,472.7816666666667
14853,475.8,2,237.9
14854,2740.03,7,391.4328571428572
14855,645.65,2,322.825
14856,1290.53,3,430.1766666666667
14857,1173.12,2,586.56
14859,1353.74,4,338.435
14860,170.32,1,170.32
14861,125.79,1,125.79
14862,841.1999999999999,2,420.59999999999997
14863,266.76,1,266.76
14865,52.2,2,26.1
14866,14389.9,12,1199.1583333333333
14867,710.28,3,236.76
14868,2953.59,8,369.19875
14869,721.45,2,360.725
14870,327.25,1,327.25
14871,501.28000000000003,4,125.32000000000001
14873,519.68,1,519.68
14875,1465.3200000000002,2,732.6600000000001
14878,1476.09,9,164.01
14880,690.59,3,230.1966666666667
14881,255.4,1,255.4
14882,589.7,2,294.85
14883,761.59,6,126.93166666666667
14885,765.3199999999999,1,765.3199999999999
14886,364.8,1,364.8
14887,1862.0,1,1862.0
14888,369.2,1,369.2
14889,135.9,1,135.9
14890,125.65,1,125.65
14891,554.38,2,277.19
14893,1237.8500000000001,2,618.9250000000001
14894,655.75,1,655.75
14895,11138.710000000001,20,556.9355
14896,468.77000000000004,2,234.38500000000002
14897,1366.38,4,341.595
14898,1269.31,6,211.55166666666665
14901,1421.29,9,157.92111111111112
14902,332.66,1,332.66
14903,2795.33,5,559.066
14904,1025.44,2,512.72
14905,616.15,2,308.075
14907,3501.1,7,500.15714285714284
14908,277.8,1,277.8
14910,434.35,4,108.5875
14911,143711.17,201,714.980945273632
14912,867.85,2,433.925
14913,1227.43,4,306.8575
14915,307.48,2,153.74
14916,1268.98,4,317.245
14918,1610.15,2,805.075
14920,977.77,2,488.885
14921,1316.07,2,658.035
14923,749.1,1,749.1
14924,310.05,1,310.05
14929,223.88,1,223.88
14930,2362.96,3,787.6533333333333
14931,1257.68,5,251.536
14932,363.53,1,363.53
14934,1890.94,2,945.47
14935,1784.71,1,1784.71
14936,8137.02,8,1017.1275
14937,1621.88,3,540.6266666666667
14944,5900.25,12,491.6875
14946,100.9,1,100.9
14947,290.82,2,145.41
14948,1101.97,6,183.66166666666666
14950,371.2,1,371.2
14951,311.69,1,311.69
14952,8099.49,11,736.3172727272727
14953,285.67,1,285.67
14954,294.85,1,294.85
14957,58.49,1,58.49
14958,483.72999999999996,3,161.2433333333333
14959,695.42,4,173.855
14960,221.27,2,110.635
14961,7044.68,9,782.7422222222223
14962,126.7,1,126.7
14963,1472.34,5,294.46799999999996
14964,206.21,1,206.21
14965,596.09,2,298.045
14966,183.02,1,183.02
14967,463.8,1,463.8
14968,147.59,1,147.59
14970,1592.06,4,398.015
14971,1097.98,3,365.99333333333334
14972,114.77,1,114.77
14973,1314.45,3,438.15000000000003
14974,89.94,1,89.94
14975,279.94,1,279.94
14976,790.86,7,112.98
14978,1921.3700000000001,5,384.274
14981,102.12,1,102.12
14984,202.37,2,101.185
14985,292.01,2,146.005
14987,326.4,2,163.2
14988,334.54,1,334.54
14995,231.98000000000002,2,115.99000000000001
14997,546.1999999999999,3,182.06666666666663
14998,414.87,2,207.435
15000,490.52,1,490.52
15002,1641.76,4,410.44
15004,1220.77,1,1220.77
15005,6295.37,28,224.83464285714285
15006,480.38,1,480.38
15007,156.91,1,156.91
15009,1259.43,3,419.81
15010,308.94,1,308.94
15012,405.04,2,202.52
15014,257.67,2,128.835
15016,170.04,1,170.04
15017,125.58,1,125.58
15018,496.21000000000004,3,165.40333333333334
15019,252.81,1,252.81
15021,1871.77,9,207.97444444444443
15022,852.39,4,213.0975
15023,6720.41,11,610.9463636363636
15024,1636.43,10,163.643
15025,361.96,1,361.96
15026,469.0,3,156.33333333333334
15027,1066.1499999999999,4,266.53749999999997
15028,627.13,4,156.7825
15030,518.28,2,259.14
15031,653.19,4,163.2975
15032,4959.1,3,1653.0333333333335
15033,2557.18,10,255.718
15034,4274.16,8,534.27
15035,252.73000000000002,1,252.73000000000002
15036,429.56,3,143.18666666666667
15038,685.74,6,114.29
15039,19766.59,47,420.5657446808511
15041,179.93,1,179.93
15042,135.93,1,135.93
15043,537.0,1,537.0
15044,7634.7300000000005,17,449.1017647058824
15045,735.66,2,367.83
15046,5090.42,15,339.36133333333333
15047,343.62,1,343.62
15048,381.0,4,95.25
15049,121.17000000000002,1,121.17000000000002
15050,1737.69,3,579.23
15051,1383.3600000000001,3,461.12000000000006
15052,207.73000000000002,1,207.73000000000002
15053,693.95,3,231.3166666666667
15054,302.1,2,151.05
15057,1489.5,2,744.75
15058,2102.54,11,191.14
15059,1337.72,9,148.63555555555556
15060,294.25,4,73.5625
15061,54534.14,48,1136.1279166666666
15062,987.86,4,246.965
15063,370.79999999999995,1,370.79999999999995
15065,3158.13,4,789.5325
15066,893.59,1,893.59
15067,1744.76,3,581.5866666666667
15068,553.36,2,276.68
15069,1109.53,1,1109.53
15070,106.2,1,106.2
15071,982.07,2,491.035
15073,1043.41,3,347.80333333333334
15074,735.67,1,735.67
15075,773.03,1,773.03
15076,880.85,1,880.85
15078,9743.11,32,304.4721875
15079,895.61,4,223.9025
15081,504.8,5,100.96000000000001
15083,88.2,1,88.2
15087,306.94,1,306.94
15088,1160.07,2,580.035
15089,2420.84,6,403.47333333333336
15090,381.32,1,381.32
15091,480.71,1,480.71
15092,457.81,2,228.905
15093,4597.02,6,766.1700000000001
15095,1370.6,4,342.65
15096,219.39000000000001,1,219.39000000000001
15097,248.08,1,248.08
15098,39916.5,3,13305.5
15099,410.48,1,410.48
15100,876.0,3,292.0
15101,317.53,2,158.765
15103,703.36,2,351.68
15104,993.54,2,496.77
15105,2298.93,7,328.4185714285714
15106,1422.52,5,284.504
15107,319.5,6,53.25
15108,1300.25,4,325.0625
15109,484.95,1,484.95
15110,996.1,4,249.025
15111,1567.48,3,522.4933333333333
15113,3509.43,3,1169.81
15114,2760.56,10,276.056
15115,340.11,1,340.11
15116,1352.75,4,338.1875
15117,1551.78,5,310.356
15118,244.8,1,244.8
15119,266.4,1,266.4
15120,358.82,1,358.82
15121,457.72,2,228.86
15122,1633.78,3,544.5933333333334
15123,2199.31,2,1099.655
15124,184.19,2,92.095
15125,11528.48,15,768.5653333333333
15127,406.53,1,406.53
15128,1471.0,4,367.75
15129,3447.4,11,313.40000000000003
15130,330.11,1,330.11
15132,977.9300000000001,5,195.586
15133,982.42,3,327.4733333333333
15134,1387.99,8,173.49875
15135,139.05,1,139.05
15136,1286.7,4,321.675
15139,178.96,2,89.48
15140,2354.25,7,336.32142857142856
15142,498.74,1,498.74
15143,259.45,1,259.45
15144,6580.44,17,387.0847058823529
15145,1194.73,4,298.6825
15146,1327.16,2,663.58
15147,623.5,1,623.5
15148,301.29,1,301.29
15149,520.8000000000001,1,520.8000000000001
15150,5291.33,10,529.133
15152,4745.69,13,365.0530769230769
15153,329.25,1,329.25
15154,254.28,1,254.28
15156,961.49,3,320.49666666666667
15157,1936.07,3,645.3566666666667
15158,401.40000000000003,1,401.40000000000003
15159,18641.010000000002,30,621.3670000000001
15160,158.16,1,158.16
15163,304.47,2,152.235
15164,824.58,3,274.86
15165,487.75,1,487.75
15167,158.8,1,158.8
15168,106.56,1,106.56
15171,1289.5,1,1289.5
15172,1624.05,5,324.81
15174,135.75,1,135.75
15175,224.14,1,224.14
15178,40.5,1,40.5
15179,2206.95,5,441.39
15180,87.5,1,87.5
15181,689.4799999999999,3,229.82666666666663
15182,622.85,2,311.425
15184,402.2,2,201.1
15185,310.62,1,310.62
15186,411.41,2,205.705
15187,4777.18,16,298.57375
15189,16225.39,41,395.74121951219513
15192,1044.32,3,348.1066666666666
15193,499.32,1,499.32
15194,7616.53,15,507.76866666666666
15195,3861.0,1,3861.0
15197,1079.6100000000001,3,359.87000000000006
15198,193.64,2,96.82
15199,1268.7,4,317.175
15201,1236.54,5,247.308
15203,1827.8,6,304.6333333333333
15204,316.58,1,316.58
15205,653.24,2,326.62
15206,420.29999999999995,4,105.07499999999999
15208,870.12,5,174.024
15210,331.18,1,331.18
15211,894.4100000000001,2,447.20500000000004
15212,101.8,1,101.8
15213,328.35,2,164.175
15214,1661.44,8,207.68
15215,734.94,3,244.98000000000002
15216,96.6,1,96.6
15218,5756.89,11,523.3536363636364
15219,305.75,1,305.75
15220,1778.96,6,296.49333333333334
15221,403.25,1,403.25
15222,585.0,1,585.0
15223,755.75,2,377.875
15224,322.08,2,161.04
15225,409.40000000000003,1,409.40000000000003
15226,154.41,1,154.41
15227,1219.4,5,243.88000000000002
15228,3386.71,4,846.6775
15230,429.6,2,214.8
15232,612.06,2,306.03
15234,197.0,1,197.0
15235,2247.51,12,187.29250000000002
15236,321.05,1,321.05
15237,1412.32,4,353.08
15238,1071.99,3,357.33
15239,780.59,2,390.295
15240,1706.57,5,341.31399999999996
15241,1756.44,8,219.555
15243,316.68,1,316.68
15244,631.57,2,315.785
15245,2515.84,3,838.6133333333333
15246,514.15,2,257.075
15247,356.0,1,356.0
15249,6688.46,13,514.496923076923
15251,10484.99,11,953.180909090909
15252,740.78,2,370.39
15253,918.1999999999999,5,183.64
15254,300.36,1,300.36
15255,890.85,1,890.85
15256,98.45,1,98.45
15257,317.15,1,317.15
15258,623.16,2,311.58
15260,1810.77,7,258.68142857142857
15261,254.82,1,254.82
15262,178.95000000000002,1,178.95000000000002
15263,156.51,1,156.51
15264,393.74,1,393.74
15265,1506.1200000000001,2,753.0600000000001
15266,119.3,1,119.3
15267,1717.36,5,343.472
15269,408.8,1,408.8
15270,2379.49,7,339.9271428571428
15271,2493.34,15,166.22266666666667
15272,721.94,2,360.97
15274,716.57,2,358.285
15275,615.14,1,615.14
15276,128.63,1,128.63
15277,255.89999999999998,1,255.89999999999998
15279,290.51,1,290.51
15280,113.12,1,113.12
15281,2332.15,9,259.1277777777778
15286,240.55,1,240.55
15287,486.69,2,243.345
15288,2306.52,5,461.304
15289,939.78,3,313.26
15290,7943.22,18,441.29
15291,4668.3,15,311.22
15292,178.39,1,178.39
15296,3672.86,6,612.1433333333333
15297,641.94,3,213.98000000000002
15298,4799.9,12,399.9916666666666
15299,4507.01,7,643.8585714285715
15300,496.44,1,496.44
15301,5049.95,12,420.82916666666665
15303,574.02,1,574.02
15304,694.4000000000001,8,86.80000000000001
15306,1174.35,3,391.45
15307,205.3,1,205.3
15308,310.47,1,310.47
15311,60632.75,91,666.2939560439561
15312,924.85,4,231.2125
15313,52.0,1,52.0
15314,327.97,1,327.97
15315,570.5,2,285.25
15316,165.0,1,165.0
15318,312.62,1,312.62
15319,204.5,1,204.5
15320,267.13,1,267.13
15321,2748.31,3,916.1033333333334
15322,679.68,1,679.68
15325,161.74,1,161.74
15326,311.71,1,311.71
15327,208.75,1,208.75
15329,1049.7,3,349.90000000000003
15330,714.96,2,357.48
15332,1661.06,4,415.265
15333,1028.56,1,1028.56
15334,350.82,3,116.94
15335,170.22,1,170.22
15339,574.07,2,287.035
15341,2020.52,1,2020.52
15342,406.09,1,406.09
15343,364.5,1,364.5
15344,563.94,3,187.98000000000002
15345,393.54,1,393.54
15346,252.42000000000002,1,252.42000000000002
15347,201.60000000000002,1,201.60000000000002
15348,158.04,1,158.04
15349,463.90999999999997,2,231.95499999999998
15350,115.65,1,115.65
15351,1934.66,7,276.38
15353,770.12,2,385.06
15355,277.05,2,138.525
15356,2718.03,10,271.803
15358,8347.2,22,379.41818181818184
15360,427.93,1,427.93
15361,418.92,1,418.92
15363,326.0,1,326.0
15364,913.19,2,456.595
15365,2314.32,7,330.6171428571429
15366,602.51,2,301.255
15367,1877.59,4,469.3975
15368,446.94000000000005,1,446.94000000000005
15370,2386.05,7,340.86428571428576
15372,2007.3999999999999,1,2007.3999999999999
15373,2415.91,12,201.32583333333332
15374,168.0,1,168.0
15376,1221.56,3,407.18666666666667
15379,3703.29,7,529.0414285714286
15380,1690.2600000000002,5,338.052
15381,596.85,2,298.425
15382,5955.71,6,992.6183333333333
15384,642.41,2,321.205
15385,316.88,1,316.88
15386,394.14,1,394.14
15388,140.54,1,140.54
15389,500.0,1,500.0
15392,1535.53,4,383.8825
15393,231.86,2,115.93
15394,2183.54,4,545.885
15395,107.45,1,107.45
15396,288.18,1,288.18
15397,94.0,1,94.0
15398,1345.53,2,672.765
15399,815.77,3,271.92333333333335
15400,716.2,5,143.24
15402,626.77,2,313.385
15405,349.1,1,349.1
15406,510.71000000000004,2,255.35500000000002
15407,1046.74,4,261.685
15408,267.18,1,267.18
15410,3450.84,8,431.355
15411,1348.93,4,337.2325
15412,190.53,1,190.53
15414,774.9000000000001,3,258.3
15415,559.61,1,559.61
15416,3984.32,4,996.08
15417,508.8,1,508.8
15419,135.86,1,135.86
15421,950.36,4,237.59
15422,97.7,2,48.85
15423,43.5,1,43.5
15424,383.34,2,191.67
15426,1404.07,5,280.81399999999996
15427,1430.54,3,476.84666666666664
15428,93.78,1,93.78
15429,397.35,2,198.675
15432,171.19,1,171.19
15433,533.3,2,266.65
15434,1041.48,5,208.296
15435,149.29,1,149.29
15436,1067.75,3,355.9166666666667
15437,200.16,1,200.16
15438,156.57999999999998,1,156.57999999999998
15440,383.68,3,127.89333333333333
15442,594.0,1,594.0
15443,3213.59,7,459.0842857142857
15444,1411.21,2,705.605
15445,113.5,1,113.5
15447,155.17,1,155.17
15448,494.64,1,494.64
15449,974.52,3,324.84
15450,429.84,1,429.84
15452,528.48,3,176.16
15453,1371.77,7,195.96714285714285
15454,179.1,1,179.1
15456,434.59000000000003,3,144.86333333333334
15457,237.07,1,237.07
15458,161.64,1,161.64
15460,214.26,1,214.26
15462,234.6,3,78.2
15463,126.14,1,126.14
15464,1044.65,1,1044.65
15465,7354.62,18,408.59
15466,334.53,1,334.53
15467,524.88,3,174.96
15468,467.51,2,233.755
15469,538.55,2,269.275
15471,454.48,1,454.48
15472,371.56,1,371.56
15473,1771.2,7,253.02857142857144
15475,454.10999999999996,1,454.10999999999996
15478,1399.92,2,699.96
15480,905.5,1,905.5
15482,10879.76,12,906.6466666666666
15483,225.26,4,56.315
15484,3590.41,4,897.6025
15485,2564.5,3,854.8333333333334
15488,91.32000000000001,1,91.32000000000001
15489,1134.28,3,378.0933333333333
15491,3100.09,6,516.6816666666667
15492,659.4599999999999,2,329.72999999999996
15493,1953.41,5,390.682
15494,1280.58,2,640.29
15497,1262.2,2,631.1
15498,13316.4,27,493.2
15500,1131.56,4,282.89
15502,10384.93,12,865.4108333333334
15503,141.04,1,141.04
15504,52.83,1,52.83
15505,3610.96,5,722.192
15506,972.08,3,324.0266666666667
15507,475.86,1,475.86
15508,1000.27,6,166.71166666666667
15510,250.0,1,250.0
15511,900.53,5,180.106
15512,121.0,2,60.5
15513,14758.220000000001,19,776.7484210526317
15514,4023.7200000000003,11,365.7927272727273
15516,62.43,3,20.81
15517,267.03,1,267.03
15518,1921.55,8,240.19375
15520,343.5,1,343.5
15521,3000.2,8,375.025
15522,397.99,2,198.995
15523,412.01000000000005,1,412.01000000000005
15524,440.0,1,440.0
15525,734.37,3,244.79
15526,148.44,2,74.22
15527,2428.53,8,303.56625
15528,229.33,1,229.33
15529,3962.6,11,360.23636363636365
15530,1497.31,4,374.3275
15531,1972.39,2,986.195
15532,1564.73,4,391.1825
15533,807.57,3,269.19
15535,502.9,4,125.725
15537,110.92,1,110.92
15539,538.46,1,538.46
15540,213.3,1,213.3
15541,85.13000000000001,1,85.13000000000001
15543,127.86,1,127.86
15544,3546.71,9,394.0788888888889
15545,288.96999999999997,2,144.48499999999999
15547,4910.6,14,350.75714285714287
15549,1681.46,3,560.4866666666667
15550,575.63,4,143.9075
15551,436.06,1,436.06
15552,90.12,1,90.12
15553,428.93,1,428.93
15554,217.2,1,217.2
15555,4794.86,16,299.67875
15556,279.77,1,279.77
15557,468.91,1,468.91
15561,800.59,4,200.1475
15562,134.55,1,134.55
15563,1400.44,4,350.11
15565,173.16,2,86.58
15567,186.01,1,186.01
15568,758.29,3,252.76333333333332
15569,1375.71,5,275.142
15570,4148.82,12,345.73499999999996
15571,650.4300000000001,4,162.60750000000002
15572,2533.42,7,361.9171428571429
15573,591.1899999999999,2,295.59499999999997
15574,675.64,4,168.91
15576,921.37,1,921.37
15577,258.88,3,86.29333333333334
15578,127.1,1,127.1
15579,327.6,2,163.8
15581,3675.77,13,282.7515384615385
15582,682.9100000000001,3,227.63666666666668
15584,720.86,4,180.215
15585,455.3,1,455.3
15587,913.6800000000001,4,228.42000000000002
15589,478.53000000000003,3,159.51000000000002
15592,388.58,1,388.58
15593,199.8,1,199.8
15594,1771.78,5,354.356
15596,1406.59,5,281.318
15597,324.57,1,324.57
15598,240.68,1,240.68
15599,761.74,2,380.87
15601,6776.56,14,484.04
15602,1297.8700000000001,9,144.20777777777778
15603,48.480000000000004,1,48.480000000000004
15604,216.39,1,216.39
15605,1198.23,5,239.64600000000002
15606,2920.16,9,324.4622222222222
15607,104.76,1,104.76
15608,1093.68,4,273.42
15609,298.48,1,298.48
15610,112.46000000000001,1,112.46000000000001
15611,1591.45,13,122.41923076923078
15612,195.15,2,97.575
15615,10399.74,23,452.1626086956522
15618,776.851,4,194.21275
15619,336.40000000000003,1,336.40000000000003
15620,1553.18,3,517.7266666666667
15621,1293.03,4,323.2575
15622,3709.56,9,412.17333333333335
15623,301.03,1,301.03
15624,588.13,4,147.0325
15625,1534.26,4,383.565
15626,675.8,2,337.9
15628,2870.2400000000002,9,318.91555555555556
15630,1186.35,2,593.175
15632,3285.31,8,410.66375
15634,243.55,1,243.55
15636,724.76,2,362.38
15637,223.36,1,223.36
15639,425.32,1,425.32
15640,12416.11,15,827.7406666666667
15641,1887.2,4,471.8
15643,664.0,3,221.33333333333334
15644,803.54,4,200.885
15645,612.01,1,612.01
15646,447.64000000000004,3,149.21333333333334
15648,639.5,2,319.75
15649,816.0,2,408.0
15651,646.3,3,215.4333333333333
15652,337.74,1,337.74
15653,877.4399999999999,2,438.71999999999997
15654,922.53,2,461.265
15655,560.67,1,560.67
15656,748.5,4,187.125
15657,30.0,1,30.0
15658,1024.1000000000001,5,204.82000000000002
15659,306.45,1,306.45
15660,1600.86,9,177.87333333333333
15661,309.8,2,154.9
15663,138.14,1,138.14
15664,386.43,1,386.43
15665,2222.21,2,1111.105
15667,301.32,1,301.32
15668,76.32000000000001,1,76.32000000000001
15669,684.34,4,171.085
15670,173.05,1,173.05
15671,2657.13,7,379.59000000000003
15673,2726.23,4,681.5575
15674,2446.6,5,489.32
15675,323.69,3,107.89666666666666
15676,3435.76,3,1145.2533333333333
15677,657.23,1,657.23
15678,352.7,1,352.7
15679,781.28,4,195.32
15680,1333.68,3,444.56
15681,1426.16,5,285.232
15683,193.75,1,193.75
15687,2993.1,9,332.56666666666666
15689,254.1,2,127.05
15690,239.76,2,119.88
15691,136.8,1,136.8
15692,191.04,1,191.04
15694,6479.4,14,462.8142857142857
15695,409.98,2,204.99
15696,2711.11,8,338.88875
15699,309.65,1,309.65
15700,696.68,2,348.34
15701,1529.0,4,382.25
15703,211.5,1,211.5
15704,2293.62,4,573.405
15705,143.1,1,143.1
15706,1060.56,4,265.14
15707,916.98,4,229.245
15708,3235.25,7,462.17857142857144
15709,133.25,1,133.25
15712,1072.3600000000001,5,214.47200000000004
15713,356.7,2,178.35
15714,330.03000000000003,2,165.01500000000001
15716,1101.1100000000001,4,275.27750000000003
15717,150.3,1,150.3
15719,5030.07,13,386.92846153846153
15720,598.73,1,598.73
15721,471.40000000000003,1,471.40000000000003
15722,2211.21,5,442.242
15723,190.7,1,190.7
15724,218.25,2,109.125
15725,415.25,1,415.25
15727,5159.06,7,737.0085714285715
15729,85.0,1,85.0
15730,1120.88,3,373.6266666666667
15732,294.12,2,147.06
15733,162.3,1,162.3
15734,1339.45,2,669.725
15737,1188.1200000000001,8,148.51500000000001
15738,4812.42,16,300.77625
15739,449.12,1,449.12
15740,154.88,1,154.88
15743,775.96,4,193.99
15744,34.8,1,34.8
15745,1094.59,4,273.6475
15746,196.88,1,196.88
15747,946.64,3,315.5466666666667
15748,144.36,1,144.36
15749,44534.3,3,14844.766666666668
15750,2463.05,8,307.88125
15752,2626.6,7,375.2285714285714
15753,79.2,1,79.2
15754,458.57,3,152.85666666666665
15755,2364.25,6,394.0416666666667
15756,528.01,4,132.0025
15757,714.42,2,357.21
15758,205.25,1,205.25
15759,253.04,3,84.34666666666666
15762,583.75,2,291.875
15763,1086.92,2,543.46
15764,3279.97,6,546.6616666666666
15766,315.06,1,315.06
15768,621.8299999999999,3,207.27666666666664
15769,56252.72,26,2163.566153846154
15773,635.6800000000001,1,635.6800000000001
15774,270.8,1,270.8
15775,104.9,1,104.9
15776,241.62,1,241.62
15777,1047.11,4,261.7775
15780,475.28000000000003,3,158.42666666666668
15781,345.46,3,115.15333333333332
15782,2614.7400000000002,3,871.58
15783,246.3,1,246.3
15785,2328.9700000000003,5,465.79400000000004
15786,4919.0,3,1639.6666666666667
15787,933.26,3,311.08666666666664
15789,351.3,1,351.3
15790,218.75,1,218.75
15791,1612.69,2,806.345
15793,965.61,3,321.87
15795,610.01,1,610.01
15796,2708.61,8,338.57625
15797,2207.4,4,551.85
15799,884.14,3,294.7133333333333
15800,696.89,2,348.445
15801,1063.95,3,354.65000000000003
15802,451.42,1,451.42
15803,415.82000000000005,1,415.82000000000005
15804,4206.39,13,323.5684615384616
15805,5488.18,17,322.83411764705886
15806,784.58,3,261.5266666666667
15807,903.9,3,301.3
15808,3651.27,4,912.8175
15809,515.77,5,103.154
15810,1391.98,4,347.995
15811,2218.62,6,369.77
15812,1801.14,5,360.228
15813,1303.9099999999999,2,651.9549999999999
15814,1945.33,4,486.3325
15815,2100.6,5,420.12
15819,1905.45,4,476.3625
15820,206.98,1,206.98
15821,570.96,2,285.48
15822,885.47,2,442.735
15823,15.0,1,15.0
15825,532.94,1,532.94
15826,1654.31,3,551.4366666666666
15827,1836.0900000000001,14,131.14928571428572
15829,636.14,2,318.07
15830,576.0,1,576.0
15831,794.64,3,264.88
15832,836.79,1,836.79
15834,2225.15,4,556.2875
15835,954.09,4,238.5225
15836,137.37,1,137.37
15837,391.98,1,391.98
15838,33643.08,19,1770.6884210526316
15839,1048.49,3,349.49666666666667
15840,355.56,2,177.78
15841,1224.06,4,306.015
15843,118.95000000000002,1,118.95000000000002
15844,130.73999999999998,1,130.73999999999998
15845,3711.77,8,463.97125
15847,389.27,2,194.635
15850,234.88,2,117.44
15852,160.71,2,80.355
15853,110.8,1,110.8
15854,2969.12,12,247.42666666666665
15855,712.24,5,142.448
15856,16143.64,27,597.9125925925925
15857,297.0,1,297.0
15858,1427.57,5,285.514
15860,965.16,8,120.645
15861,3146.92,8,393.365
15862,832.88,4,208.22
15863,68.84,2,34.42
15864,1936.3200000000002,6,322.72
15865,895.13,3,298.37666666666667
15866,211.89,1,211.89
15867,3810.14,15,254.00933333333333
15869,149.64,2,74.82
15870,351.44,1,351.44
15872,316.25,2,158.125
15874,4405.88,7,629.4114285714286
15877,490.33,2,245.165
15880,329.03000000000003,1,329.03000000000003
15881,501.39000000000004,5,100.278
15882,516.36,4,129.09
15883,396.48,2,198.24
15885,379.35,3,126.45
15886,181.09,1,181.09
15888,168.31,1,168.31
15889,420.07,2,210.035
15891,511.68,1,511.68
15894,258.25,2,129.125
15895,179.17,1,179.17
15897,208.59,2,104.295
15898,1383.83,5,276.76599999999996
15899,56.25,1,56.25
15900,337.28,1,337.28
15901,351.73,3,117.24333333333334
15903,5126.76,7,732.3942857142857
15904,164.68,1,164.68
15906,1567.69,7,223.9557142857143
15907,882.72,3,294.24
15909,191.94,1,191.94
15910,1228.88,8,153.61
15912,264.62,2,132.31
15916,1502.8600000000001,8,187.85750000000002
15917,123.1,1,123.1
15918,334.23,2,167.115
15919,525.69,2,262.845
15920,167.5,4,41.875
15921,323.03000000000003,1,323.03000000000003
15922,369.5,1,369.5
15923,127.08,1,127.08
15925,207.15,1,207.15
15930,426.63,1,426.63
15932,2495.87,8,311.98375
15933,1107.46,3,369.15333333333336
15935,416.86,2,208.43
15937,145.35,1,145.35
15938,404.58,5,80.916
15939,6115.01,15,407.6673333333334
15940,35.8,1,35.8
15942,337.44,1,337.44
15944,325.1,1,325.1
15945,181.0,1,181.0
15947,1708.24,1,1708.24
15948,955.24,2,477.62
15949,364.72,2,182.36
15950,1744.71,4,436.1775
15951,708.22,2,354.11
15952,781.91,4,195.4775
15953,1657.28,8,207.16
15955,4416.26,14,315.44714285714286
15957,428.89,1,428.89
15958,104.35,1,104.35
15963,470.76,2,235.38
15965,808.87,4,202.2175
15967,397.68,2,198.84
15969,666.1,3,222.03333333333333
15970,314.1,1,314.1
15971,4199.85,12,349.9875
15973,307.82000000000005,1,307.82000000000005
15974,3442.15,7,491.7357142857143
15975,371.01,1,371.01
15976,427.64,2,213.82
15977,1054.73,2,527.365
15978,1098.78,1,1098.78
15980,2398.86,3,799.62
15981,3408.48,8,426.06
15983,1465.12,4,366.28
15984,2780.63,10,278.063
15985,1142.42,2,571.21
15986,168.12,1,168.12
15987,1432.77,7,204.68142857142857
15988,156.78,1,156.78
15990,792.11,2,396.055
15992,41.989999999999995,1,41.989999999999995
15993,2777.67,7,396.81
15994,414.27,1,414.27
15996,1032.58,6,172.09666666666666
15998,3080.22,5,616.044
16000,12393.7,3,4131.233333333334
16003,2735.37,5,547.074
16005,578.71,4,144.6775
16006,101.4,1,101.4
16007,1693.81,4,423.4525
16008,478.78,3,159.59333333333333
16009,972.11,4,243.0275
16010,392.4,3,130.79999999999998
16011,3352.96,16,209.56
16012,1415.29,3,471.7633333333333
16013,37130.6,47,790.0127659574467
16014,646.83,3,215.61
16015,704.55,3,234.85
16016,1465.51,8,183.18875
16017,211.88,1,211.88
16018,408.90000000000003,2,204.45000000000002
16019,3786.2400000000002,9,420.6933333333334
16020,851.01,3,283.67
16022,602.63,1,602.63
16023,719.81,3,239.93666666666664
16024,251.03,1,251.03
16025,439.65999999999997,1,439.65999999999997
16026,236.09,1,236.09
16027,934.62,6,155.77
16029,80850.84,63,1283.3466666666666
16030,331.24,1,331.24
16031,547.9,2,273.95
16033,8778.82,20,438.941
16034,437.7,3,145.9
16036,758.92,2,379.46
16037,855.02,3,285.00666666666666
16038,471.78000000000003,3,157.26000000000002
16040,1313.55,3,437.84999999999997
16041,3166.4,3,1055.4666666666667
16042,1177.47,5,235.494
16043,773.99,4,193.4975
16045,1340.7,4,335.175
16048,256.44,2,128.22
16049,1074.81,3,358.27
16050,137.9,1,137.9
16052,362.06,1,362.06
16053,1511.95,2,755.975
16054,783.9,1,783.9
16055,134.8,1,134.8
16056,650.75,1,650.75
16057,2263.12,7,323.30285714285714
16059,1453.16,6,242.19333333333336
16062,1153.62,4,288.405
16063,335.32,1,335.32
16065,367.14,1,367.14
16066,1521.04,5,304.20799999999997
16070,852.15,2,426.075
16071,326.24,1,326.24
16072,584.3199999999999,1,584.3199999999999
16073,122.39999999999999,1,122.39999999999999
16076,2234.73,10,223.473
16078,79.2,1,79.2
16079,1352.0,3,450.6666666666667
16080,217.16,2,108.58
16081,2799.42,5,559.884
16083,1317.62,2,658.81
16084,436.18,1,436.18
16085,981.51,5,196.302
16086,1121.39,5,224.27800000000002
16091,315.06,2,157.53
16092,817.86,3,272.62
16093,17.0,1,17.0
16094,1078.23,4,269.5575
16096,320.62,1,320.62
16097,185.04999999999998,1,185.04999999999998
16098,2005.63,7,286.5185714285714
16099,731.9,3,243.96666666666667
16101,1290.7,1,1290.7
16102,1842.14,3,614.0466666666667
16103,1429.64,6,238.27333333333334
16104,298.21,1,298.21
16105,336.96,1,336.96
16106,108.38,1,108.38
16107,3204.1600000000003,7,457.7371428571429
16108,842.5,1,842.5
16109,611.88,2,305.94
16110,1320.95,3,440.31666666666666
16112,195.73999999999998,4,48.934999999999995
16113,161.38,1,161.38
16114,135.75000000000003,1,135.75000000000003
16115,1660.8799999999999,8,207.60999999999999
16116,612.78,1,612.78
16117,232.21,1,232.21
16119,423.36,2,211.68
16120,1309.14,4,327.285
16121,854.66,2,427.33
16122,684.4200000000001,4,171.10500000000002
16123,307.78,1,307.78
16124,249.0,1,249.0
16125,289.35,1,289.35
16126,6287.77,4,1571.9425
16127,656.25,1,656.25
16128,1880.22,5,376.044
16131,3506.54,6,584.4233333333333
16133,14589.04,33,442.09212121212124
16134,618.09,2,309.045
16135,517.55,1,517.55
16136,709.38,3,236.46
16139,635.41,3,211.8033333333333
16140,725.18,2,362.59
16141,620.4,1,620.4
16142,535.34,1,535.34
16143,2424.94,6,404.1566666666667
16144,175.2,1,175.2
16145,3799.4900000000002,11,345.40818181818184
16146,734.13,3,244.71
16147,375.0,1,375.0
16148,76.32000000000001,1,76.32000000000001
16149,280.52,2,140.26
16150,2053.02,5,410.604
16152,1829.04,1,1829.04
16153,1824.23,5,364.846
16156,3092.04,9,343.56
16157,656.69,3,218.89666666666668
16159,348.2,1,348.2
16160,1025.44,2,512.72
16161,5533.67,19,291.2457894736842
16162,37.4,1,37.4
16163,856.6,2,428.3
16164,822.48,3,274.16
16168,3787.6,27,140.28148148148148
16169,1822.97,4,455.7425
16170,1885.05,6,314.175
16171,73.2,1,73.2
16172,1140.21,5,228.042
16173,1418.32,6,236.38666666666666
16174,1009.5500000000001,3,336.5166666666667
16175,1037.59,4,259.3975
16177,331.95,1,331.95
16178,197.9,1,197.9
16179,215.83,1,215.83
16180,10254.18,8,1281.7725
16181,305.54,1,305.54
16182,6617.65,4,1654.4125
16183,338.71000000000004,1,338.71000000000004
16184,1158.79,6,193.13166666666666
16185,529.41,2,264.705
16186,4006.94,12,333.9116666666667
16187,6911.4400000000005,15,460.7626666666667
16188,981.86,4,245.465
16189,215.48,2,107.74
16190,215.08,1,215.08
16191,5180.52,13,398.5015384615385
16193,314.45,1,314.45
16198,400.68100000000004,1,400.68100000000004
16200,1068.8700000000001,2,534.4350000000001
16201,1863.47,4,465.8675
16202,365.27,1,365.27
16203,592.9,4,148.225
16204,384.18,1,384.18
16205,757.63,4,189.4075
16206,537.0600000000001,4,134.26500000000001
16207,394.38,1,394.38
16208,664.26,2,332.13
16209,2262.62,5,452.524
16210,21086.3,18,1171.461111111111
16211,547.02,1,547.02
16212,690.34,2,345.17
16213,159.0,1,159.0
16214,1062.75,3,354.25
16215,242.35,1,242.35
16216,914.9300000000001,1,914.9300000000001
16217,304.25,2,152.125
16218,3084.68,7,440.6685714285714
16221,860.86,3,286.9533333333333
16222,773.5500000000001,1,773.5500000000001
16224,1295.3,4,323.825
16225,1096.32,5,219.26399999999998
16226,255.12,3,85.04
16227,314.22,1,314.22
16229,1010.6,2,505.3
16230,542.03,2,271.015
16232,990.88,4,247.72
16233,536.6800000000001,3,178.89333333333335
16235,867.31,5,173.462
16236,432.2,1,432.2
16239,414.2,2,207.1
16240,3718.8,2,1859.4
16241,2590.31,13,199.2546153846154
16242,3579.86,7,511.40857142857146
16243,409.1,2,204.55
16244,1522.75,2,761.375
16245,1413.66,3,471.22
16247,114.56,1,114.56
16248,152.94,1,152.94
16249,1800.07,5,360.014
16250,389.44,2,194.72
16253,3683.86,2,1841.93
16255,2619.91,8,327.48875
16256,752.4300000000001,1,752.4300000000001
16257,46.95,1,46.95
16258,5203.51,5,1040.702
16260,1035.45,1,1035.45
16261,728.54,4,182.135
16265,5447.0,9,605.2222222222222
16266,861.89,7,123.12714285714286
16268,667.65,2,333.825
16270,1141.24,1,1141.24
16271,1404.64,5,280.928
16272,411.7,1,411.7
16274,351.75,1,351.75
16275,559.87,1,559.87
16276,810.6000000000001,1,810.6000000000001
16278,566.38,1,566.38
16279,1502.78,3,500.9266666666667
16281,2062.06,1,2062.06
16282,168.3,1,168.3
16283,1570.81,5,314.162
16284,812.68,2,406.34
16287,142.5,1,142.5
16292,302.25,1,302.25
16293,2248.9900000000002,10,224.89900000000003
16295,1328.55,4,332.1375
16297,301.9,1,301.9
16298,598.2,3,199.4
16302,233.22,1,233.22
16303,5360.63,3,1786.8766666666668
16305,361.21999999999997,1,361.21999999999997
16306,632.27,6,105.37833333333333
16308,2560.0,4,640.0
16309,706.57,2,353.285
16311,616.26,2,308.13
16313,274.15000000000003,2,137.07500000000002
16315,226.37,1,226.37
16316,2938.91,8,367.36375
16317,1341.65,3,447.2166666666667
16318,328.15,1,328.15
16319,404.40000000000003,1,404.40000000000003
16320,1038.46,2,519.23
16321,373.65000000000003,5,74.73
16322,326.75,2,163.375
16323,207.50000000000003,1,207.50000000000003
16324,408.59000000000003,3,136.1966666666667
16325,594.24,3,198.08
16326,3039.2200000000003,14,217.08714285714288
16327,3820.27,6,636.7116666666667
16330,251.91,3,83.97
16332,1582.8,7,226.1142857142857
16333,26626.8,22,1210.3090909090909
16337,151.05,1,151.05
16338,214.79999999999998,1,214.79999999999998
16339,94.05,1,94.05
16340,534.31,1,534.31
16341,1971.87,4,492.9675
16342,322.41,4,80.6025
16343,328.58,2,164.29
16344,101.10000000000001,1,101.10000000000001
16345,565.46,1,565.46
16347,847.45,2,423.725
16348,1415.65,7,202.2357142857143
16349,53.5,1,53.5
16350,1116.47,4,279.1175
16351,153.9,1,153.9
16352,494.44,2,247.22
16353,6675.71,23,290.24826086956523
16354,395.8,2,197.9
16356,211.77,3,70.59
16357,658.88,3,219.62666666666667
16358,2027.5,4,506.875
16359,1750.92,9,194.54666666666668
16360,3450.41,6,575.0683333333333
16361,891.21,4,222.8025
16362,709.99,5,141.998
16363,109.36000000000001,1,109.36000000000001
16364,705.79,2,352.895
16365,1540.42,9,171.1577777777778
16366,327.3,1,327.3
16367,800.67,2,400.335
16368,479.91,2,239.955
16369,1545.41,3,515.1366666666667
16370,1301.91,4,325.4775
16372,355.73,2,177.865
16374,466.73,2,233.365
16376,974.96,2,487.48
16377,676.2,1,676.2
16378,362.95,3,120.98333333333333
16379,2157.4,4,539.35
16380,1743.1499999999999,1,1743.1499999999999
16383,643.76,2,321.88
16384,584.5,2,292.25
16385,554.86,3,184.95333333333335
16386,302.57,2,151.285
16387,94.36,1,94.36
16389,1382.07,4,345.5175
16392,217.89,1,217.89
16393,3040.96,13,233.92000000000002
16394,1555.34,5,311.068
16395,1482.06,5,296.412
16398,1705.8,2,852.9
16399,408.02,2,204.01
16400,303.93,1,303.93
16401,4098.32,12,341.52666666666664
16402,293.45,2,146.725
16403,177.5,1,177.5
16404,443.05,1,443.05
16405,167.25,2,83.625
16406,154.35,1,154.35
16407,2079.68,10,207.968
16409,2022.98,5,404.596
16411,211.7,2,105.85
16412,135.99,1,135.99
16413,262.2,1,262.2
16414,126.25,2,63.125
16415,200.27,1,200.27
16416,1051.4,3,350.4666666666667
16418,631.12,3,210.37333333333333
16419,958.71,6,159.785
16422,34684.4,51,680.086274509804
16423,346.12,1,346.12
16424,133.56,1,133.56
16425,302.7,1,302.7
16426,1863.76,10,186.376
16427,241.06,2,120.53
16429,284.55,1,284.55
16430,300.85,1,300.85
16431,623.28,3,207.76
16432,287.4,1,287.4
16433,184.26,1,184.26
16434,1511.8,7,215.97142857142856
16438,798.35,5,159.67000000000002
16440,3640.67,5,728.134
16441,381.2,2,190.6
16442,609.3,3,203.1
16444,654.67,4,163.6675
16445,230.51,1,230.51
16446,168472.5,2,84236.25
16447,255.91,1,255.91
16448,182.99,1,182.99
16449,707.69,2,353.845
16450,311.92,1,311.92
16451,266.97,1,266.97
16454,6.9,2,3.45
16455,1841.18,7,263.0257142857143
16456,2158.18,5,431.63599999999997
16457,208.36,1,208.36
16458,3482.7400000000002,18,193.48555555555558
16460,811.23,3,270.41
16461,142.92,1,142.92
16462,136.0,3,45.333333333333336
16463,1422.4,4,355.6
16464,1298.66,3,432.8866666666667
16466,1595.96,7,227.99428571428572
16468,74.9,1,74.9
16469,625.42,4,156.355
16470,752.77,4,188.1925
16471,223.95000000000002,1,223.95000000000002
16473,316.11,3,105.37
16474,1810.65,7,258.6642857142857
16475,544.3,4,136.075
16477,2494.46,7,356.3514285714286
16478,331.0,3,110.33333333333333
16479,300.83,2,150.415
16480,769.29,1,769.29
16482,220.62,1,220.62
16483,139.35,1,139.35
16484,404.3,2,202.15
16485,363.65,1,363.65
16488,498.8,3,166.26666666666668
16491,731.5,1,731.5
16493,1351.63,4,337.9075
16494,826.53,1,826.53
16495,648.26,3,216.08666666666667
16496,1599.52,3,533.1733333333333
16497,2965.69,6,494.2816666666667
16498,100.97,2,50.485
16499,365.45,2,182.725
16500,400.86,6,66.81
16503,1431.93,4,357.9825
16504,465.88,1,465.88
16505,777.6,1,777.6
16506,90.30000000000001,2,45.150000000000006
16509,363.7,1,363.7
16510,248.1,1,248.1
16511,918.33,3,306.11
16513,874.59,4,218.6475
16515,1624.14,5,324.82800000000003
16516,101.69999999999999,1,101.69999999999999
16517,162.7,1,162.7
16518,484.32,2,242.16
16519,215.07999999999998,2,107.53999999999999
16520,1046.57,3,348.8566666666666
16523,9418.470000000001,21,448.4985714285715
16525,13027.45,26,501.0557692307693
16526,290.36,1,290.36
16527,228.06,1,228.06
16528,244.41,1,244.41
16529,455.25,1,455.25
16531,1244.59,7,177.79857142857142
16532,6748.8,3,2249.6
16533,1082.81,3,360.93666666666667
16535,593.75,1,593.75
16536,548.12,1,548.12
16539,1388.81,4,347.2025
16542,119.62,1,119.62
16545,339.3,1,339.3
16546,787.15,2,393.575
16549,4034.9,10,403.49
16550,2298.97,5,459.794
16551,922.12,3,307.37333333333333
16552,379.73,2,189.865
16553,5719.82,12,476.65166666666664
16554,837.1,3,279.03333333333336
16555,285.89,2,142.945
16556,3313.79,7,473.3985714285714
16557,281.85,2,140.925
16558,8338.49,20,416.92449999999997
16560,841.41,2,420.705
16561,511.12,2,255.56
16563,1077.74,1,1077.74
16565,173.7,1,173.7
16566,614.66,5,122.93199999999999
16567,865.6,2,432.8
16569,124.2,1,124.2
16570,3738.4,10,373.84000000000003
16571,1421.69,3,473.8966666666667
16572,1009.6,3,336.53333333333336
16573,663.61,2,331.805
16574,451.44,1,451.44
16581,105.84,1,105.84
16582,313.62,1,313.62
16583,233.45,1,233.45
16584,936.08,2,468.04
16586,463.95,1,463.95
16587,225.15,1,225.15
16589,459.24,3,153.08
16591,213.5,1,213.5
16592,4113.68,16,257.105
16593,330.03,3,110.00999999999999
16594,181.09,1,181.09
16595,360.16,1,360.16
16596,250.15,2,125.075
16597,90.04,1,90.04
16598,145.04999999999998,1,145.04999999999998
16600,813.52,6,135.58666666666667
16601,242.7,1,242.7
16602,528.08,1,528.08
16603,482.47,2,241.235
16607,3347.71,14,239.12214285714285
16609,5493.46,7,784.78
16610,75.66,1,75.66
16611,129.49,1,129.49
16612,1187.66,4,296.915
16613,618.59,1,618.59
16614,506.19,1,506.19
16616,500.42,2,250.21
16617,151.85,1,151.85
16618,2647.59,5,529.518
16619,226.21,1,226.21
16620,178.96,2,89.48
16621,813.48,4,203.37
16623,129.45,1,129.45
16624,810.5699999999999,2,405.28499999999997
16625,333.08,1,333.08
16626,4413.1,17,259.59411764705885
16627,322.8,1,322.8
16628,2188.05,5,437.61
16629,408.63,2,204.315
16633,2883.1,6,480.51666666666665
16634,217.9,2,108.95
16637,1154.47,4,288.6175
16638,1680.72,10,168.072
16639,1257.51,3,419.17
16641,231.10000000000002,1,231.10000000000002
16642,688.33,2,344.165
16643,487.51,1,487.51
16644,833.78,2,416.89
16647,214.06,2,107.03
16648,290.65999999999997,1,290.65999999999997
16650,518.42,1,518.42
16652,6773.97,7,967.71
16653,1212.66,2,606.33
16654,601.27,4,150.3175
16655,3789.52,6,631.5866666666667
16656,8625.8,15,575.0533333333333
16657,874.43,4,218.6075
16658,123.24,1,123.24
16659,39.12,1,39.12
16660,1267.6499999999999,4,316.91249999999997
16665,135.39999999999998,1,135.39999999999998
16666,118.98,1,118.98
16667,567.1800000000001,2,283.59000000000003
16668,306.71999999999997,6,51.12
16669,1348.88,3,449.6266666666667
16670,4095.9,11,372.3545454545455
16671,1692.27,3,564.09
16672,8134.9400000000005,20,406.747
16674,304.24,2,152.12
16676,1592.1200000000001,4,398.03000000000003
16678,3109.99,12,259.1658333333333
16679,129.75,1,129.75
16680,183.7,1,183.7
16681,1770.34,6,295.0566666666667
16682,1028.0,5,205.6
16684,66653.56,28,2380.4842857142858
16685,324.24,2,162.12
16686,2959.88,7,422.84000000000003
16688,1260.86,4,315.215
16689,422.59999999999997,2,211.29999999999998
16690,225.57999999999998,2,112.78999999999999
16692,1276.0,2,638.0
16693,477.86,2,238.93
16696,657.9000000000001,4,164.47500000000002
16697,112.75,1,112.75
16698,1998.0,2,999.0
16700,5076.55,13,390.50384615384615
16701,5398.3,13,415.25384615384615
16705,14034.99,20,701.7495
16706,531.35,3,177.11666666666667
16708,656.63,1,656.63
16709,3029.87,5,605.9739999999999
16710,2467.99,10,246.79899999999998
16711,1651.03,5,330.206
16712,3611.31,11,328.3009090909091
16713,6910.78,15,460.71866666666665
16714,1129.06,3,376.3533333333333
16715,301.71999999999997,1,301.71999999999997
16716,901.2,2,450.6
16717,3843.08,6,640.5133333333333
16718,606.0500000000001,1,606.0500000000001
16719,1770.22,7,252.88857142857142
16720,152.95,1,152.95
16721,292.47,1,292.47
16722,4730.81,13,363.90846153846155
16723,576.4,2,288.2
16725,758.27,7,108.32428571428571
16726,1358.74,5,271.748
16727,256.32,1,256.32
16728,1048.28,4,262.07
16729,7205.33,21,343.11095238095237
16730,743.11,3,247.70333333333335
16732,603.75,1,603.75
16734,646.76,3,215.58666666666667
16735,2247.41,5,449.48199999999997
16737,417.59999999999997,1,417.59999999999997
16738,3.75,1,3.75
16739,323.0,1,323.0
16742,464.9,1,464.9
16743,2213.13,7,316.1614285714286
16744,1291.91,7,184.55857142857144
16745,7180.7,17,422.3941176470588
16746,6680.11,18,371.1172222222222
16747,836.06,2,418.03
16748,1515.9,5,303.18
16750,623.93,5,124.78599999999999
16751,1764.72,1,1764.72
16752,207.5,1,207.5
16753,223.92000000000002,1,223.92000000000002
16754,2002.4,1,2002.4
16755,1475.43,3,491.81
16756,239.4,1,239.4
16757,106.83000000000001,1,106.83000000000001
16758,369.34000000000003,1,369.34000000000003
16759,789.79,3,263.2633333333333
16761,316.62,1,316.62
16762,1207.24,3,402.41333333333336
16763,611.85,1,611.85
16764,2790.9500000000003,13,214.68846153846155
16765,34.0,1,34.0
16766,1145.6,2,572.8
16767,5575.56,11,506.86909090909097
16768,478.09000000000003,3,159.36333333333334
16769,361.54,1,361.54
16770,757.1,5,151.42000000000002
16771,2242.61,5,448.52200000000005
16773,171.59,1,171.59
16774,661.52,4,165.38
16775,1691.51,11,153.77363636363637
16776,371.54,1,371.54
16777,222.62,2,111.31
16778,245.94,2,122.97
16779,10611.720000000001,22,482.35090909090917
16780,422.24,2,211.12
16781,311.25,1,311.25
16782,2267.9500000000003,13,174.45769230769233
16784,107.6,1,107.6
16788,594.39,2,297.195
16789,80.8,1,80.8
16790,1545.6200000000001,6,257.60333333333335
16791,1705.78,7,243.68285714285713
16792,110.38000000000001,2,55.190000000000005
16793,243.84,1,243.84
16794,1196.5,10,119.65
16795,414.88,1,414.88
16796,305.62,1,305.62
16800,1162.65,1,1162.65
16801,1594.23,4,398.5575
16803,332.3,1,332.3
16804,536.99,3,178.99666666666667
16805,460.59,2,230.295
16806,762.16,4,190.54
16807,1121.59,3,373.8633333333333
16808,288.42,2,144.21
16809,914.69,5,182.93800000000002
16810,309.54,1,309.54
16811,547.07,2,273.535
16812,479.35,1,479.35
16813,1652.18,10,165.21800000000002
16814,6416.7,21,305.5571428571428
16816,417.06,4,104.265
16817,1604.75,9,178.30555555555554
16818,3349.57,11,304.50636363636363
16820,497.61,1,497.61
16823,358.38,1,358.38
16824,460.64,2,230.32
16825,775.1800000000001,2,387.59000000000003
16826,341.7,1,341.7
16828,128.5,2,64.25
16829,197.22,1,197.22
16830,325.91,1,325.91
16832,199.15,3,66.38333333333334
16833,1106.53,4,276.6325
16834,413.46,1,413.46
16835,180.85,2,90.425
16836,251.87,2,125.935
16837,3170.98,11,288.2709090909091
16838,588.85,2,294.425
16839,16594.35,34,488.06911764705876
16841,1869.82,6,311.63666666666666
16842,1264.19,3,421.3966666666667
16843,10196.57,16,637.285625
16846,214.32,1,214.32
16847,193.44,1,193.44
16848,281.42,1,281.42
16849,124.57,1,124.57
16850,332.41,1,332.41
16851,342.45,3,114.14999999999999
16852,144.91000000000003,2,72.45500000000001
16855,328.4,2,164.2
16856,35.400000000000006,1,35.400000000000006
16858,375.69000000000005,1,375.69000000000005
16859,747.81,2,373.905
16861,173.76,2,86.88
16863,502.8,2,251.4
16866,207.73999999999998,3,69.24666666666666
16869,817.12,4,204.28
16871,2812.34,6,468.72333333333336
16872,680.02,3,226.67333333333332
16873,7123.62,6,1187.27
16875,2095.53,5,419.10600000000005
16877,846.62,6,141.10333333333332
16878,13.3,1,13.3
16880,1491.43,7,213.0614285714286
16881,432.0,1,432.0
16882,705.12,3,235.04
16883,272.48,2,136.24
16884,429.84000000000003,2,214.92000000000002
16885,450.41,3,150.13666666666668
16887,192.32999999999998,1,192.32999999999998
16889,1578.67,3,526.2233333333334
16891,742.43,5,148.486
16892,518.19,5,103.638
16893,145.93,1,145.93
16895,202.27,1,202.27
16897,289.78,2,144.89
16898,501.03,3,167.01
16899,1271.06,6,211.84333333333333
16900,887.11,3,295.7033333333333
16902,1706.88,1,1706.88
16903,363.2,1,363.2
16904,3653.75,16,228.359375
16905,3037.6,7,433.9428571428571
16906,559.59,4,139.8975
16907,928.76,5,185.752
16909,379.14,1,379.14
16910,1508.96,8,188.62
16912,2555.58,11,232.32545454545453
16913,113.44,1,113.44
16914,183.76,1,183.76
16915,621.6800000000001,6,103.61333333333334
16916,562.41,2,281.205
16917,391.52,1,391.52
16918,1068.82,6,178.13666666666666
16919,2592.25,11,235.6590909090909
16921,154.18,1,154.18
16923,7069.08,19,372.0568421052632
16924,829.89,3,276.63
16926,230.25,1,230.25
16927,543.05,3,181.01666666666665
16928,2814.7,17,165.5705882352941
16929,1295.39,7,185.0557142857143
16930,378.89,3,126.29666666666667
16931,4554.87,21,216.89857142857142
16932,150.23000000000002,1,150.23000000000002
16933,563.23,2,281.615
16934,931.03,2,465.515
16936,261.9,1,261.9
16938,2711.6800000000003,4,677.9200000000001
16940,3049.88,3,1016.6266666666667
16942,1904.99,9,211.66555555555556
16943,816.73,3,272.24333333333334
16945,4345.5,19,228.71052631578948
16947,406.48,1,406.48
16948,435.02,3,145.00666666666666
16949,1286.27,6,214.37833333333333
16950,1178.56,3,392.8533333333333
16951,1277.75,3,425.9166666666667
16952,167.61,2,83.805
16953,20.8,1,20.8
16954,2085.08,9,231.67555555555555
16955,518.67,4,129.6675
16956,308.74,1,308.74
16957,416.64,2,208.32
16959,117.35000000000001,1,117.35000000000001
16960,507.05,3,169.01666666666668
16961,234.17,1,234.17
16963,110.55000000000001,1,110.55000000000001
16965,201.19,1,201.19
16966,2154.97,7,307.8528571428571
16967,319.02,1,319.02
16968,439.43,2,219.715
16969,650.41,3,216.8033333333333
16971,357.21,1,357.21
16976,251.51999999999998,1,251.51999999999998
16978,344.33,1,344.33
16979,1852.0,6,308.6666666666667
16980,1028.46,2,514.23
16982,384.06,1,384.06
16983,1905.87,7,272.26714285714286
16984,4459.52,2,2229.76
16985,5464.12,10,546.412
16986,1873.2,2,936.6
16987,1616.8,7,230.97142857142856
16988,126.12,1,126.12
16989,1133.25,6,188.875
16990,179.0,1,179.0
16992,1614.31,5,322.86199999999997
16996,1456.96,6,242.82666666666668
16997,702.0,3,234.0
16998,295.0,4,73.75
16999,484.82,2,242.41
17001,3989.57,11,362.6881818181818
17002,1493.73,3,497.91
17004,1312.1399999999999,2,656.0699999999999
17006,781.78,4,195.445
17007,889.9300000000001,6,148.3216666666667
17010,195.36,1,195.36
17011,270.9,1,270.9
17014,583.4300000000001,3,194.4766666666667
17015,1838.6100000000001,3,612.87
17017,8694.26,20,434.713
17018,920.1,2,460.05
17019,1258.08,4,314.52
17022,71.0,1,71.0
17024,95.85,3,31.95
17025,357.77,3,119.25666666666666
17026,154.82999999999998,2,77.41499999999999
17027,877.5600000000001,6,146.26000000000002
17029,716.0,2,358.0
17030,146.87,1,146.87
17031,380.35,2,190.175
17033,1030.14,3,343.38000000000005
17034,745.52,3,248.50666666666666
17035,433.53000000000003,2,216.76500000000001
17037,1267.32,1,1267.32
17038,112.4,1,112.4
17040,449.73,1,449.73
17041,1071.49,3,357.16333333333336
17042,1036.58,5,207.31599999999997
17043,1735.18,4,433.795
17044,948.48,1,948.48
17045,339.44,3,113.14666666666666
17046,642.02,1,642.02
17047,1100.9,3,366.9666666666667
17048,925.35,3,308.45
17049,5655.03,9,628.3366666666666
17050,3185.64,6,530.9399999999999
17051,240.89000000000001,1,240.89000000000001
17052,399.09,1,399.09
17053,498.48,1,498.48
17054,1356.33,5,271.26599999999996
17058,1179.89,3,393.2966666666667
17059,3080.39,5,616.078
17060,234.24,1,234.24
17061,5232.2300000000005,11,475.65727272727275
17062,533.33,4,133.3325
17063,1461.14,7,208.73428571428573
17064,855.45,3,285.15000000000003
17068,4552.14,21,216.76857142857145
17069,2709.7000000000003,9,301.0777777777778
17070,304.24,1,304.24
17071,2429.03,9,269.89222222222224
17073,1446.09,4,361.5225
17075,834.12,4,208.53
17076,841.0799999999999,3,280.35999999999996
17078,378.2,2,189.1
17079,118.80000000000001,1,118.80000000000001
17080,287.62,2,143.81
17081,288.91,2,144.455
17082,2003.85,2,1001.925
17083,1405.78,3,468.5933333333333
17084,2747.9900000000002,2,1373.9950000000001
17085,1562.4,5,312.48
17086,2050.08,6,341.68
17088,1991.01,4,497.7525
17090,1974.65,7,282.09285714285716
17091,3827.76,9,425.3066666666667
17092,1774.03,4,443.5075
17094,302.0,1,302.0
17095,1324.16,3,441.3866666666667
17096,1022.13,4,255.5325
17097,954.42,8,119.3025
17100,971.74,2,485.87
17101,1621.73,4,405.4325
17102,25.5,1,25.5
17105,665.78,2,332.89
17107,10797.48,6,1799.58
17109,881.29,6,146.88166666666666
17110,163.29999999999998,1,163.29999999999998
17111,231.61,1,231.61
17114,801.12,8,100.14
17115,837.5,3,279.1666666666667
17117,116.19999999999999,1,116.19999999999999
17118,157.02,1,157.02
17119,606.91,2,303.455
17120,307.46,1,307.46
17122,138.32,1,138.32
17123,345.29999999999995,1,345.29999999999995
17124,294.24,1,294.24
17125,230.5,1,230.5
17126,989.45,5,197.89000000000001
17128,157.09,1,157.09
17131,2463.17,5,492.634
17133,4892.240000000001,7,698.8914285714287
17134,413.2,2,206.6
17135,1139.73,7,162.81857142857143
17138,380.5,1,380.5
17139,10650.77,12,887.5641666666667
17140,454.12,1,454.12
17142,579.0,1,579.0
17144,984.57,2,492.285
17146,749.78,3,249.92666666666665
17147,1714.59,4,428.6475
17148,124.88,1,124.88
17152,1689.5,3,563.1666666666666
17153,213.78,1,213.78
17154,329.34,1,329.34
17155,251.70000000000002,2,125.85000000000001
17157,319.0,2,159.5
17158,1266.97,3,422.3233333333333
17159,1538.88,3,512.96
17160,3518.03,6,586.3383333333334
17162,1715.46,10,171.546
17163,293.1,2,146.55
17164,2467.35,7,352.4785714285714
17165,158.68,1,158.68
17166,206.34,2,103.17
17169,835.78,2,417.89
17171,224.91,1,224.91
17172,317.76,1,317.76
17173,3766.6,8,470.825
17174,59.9,1,59.9
17175,1443.69,4,360.9225
17176,306.13,1,306.13
17179,711.79,3,237.26333333333332
17180,783.97,4,195.9925
17181,239.92000000000002,2,119.96000000000001
17183,3347.31,6,557.885
17186,144.0,2,72.0
17187,203.95,1,203.95
17188,2474.23,7,353.4614285714286
17189,383.75,2,191.875
17190,444.74,2,222.37
17191,2093.68,7,299.09714285714284
17193,1699.3000000000002,7,242.7571428571429
17194,262.62,2,131.31
17197,1013.01,1,1013.01
17198,692.22,3,230.74
17201,289.78,1,289.78
17203,3560.08,6,593.3466666666667
17204,1564.56,4,391.14
17205,384.08,1,384.08
17206,204.24,1,204.24
17211,2317.2200000000003,8,289.65250000000003
17212,226.85,1,226.85
17213,2781.23,7,397.31857142857143
17214,1059.1200000000001,6,176.52
17217,113.5,1,113.5
17218,1951.97,10,195.197
17219,114.23,1,114.23
17220,3187.55,14,227.68214285714288
17221,334.48,2,167.24
17222,328.65,1,328.65
17223,416.89,2,208.445
17226,393.49,1,393.49
17227,939.32,6,156.55333333333334
17228,1906.09,8,238.26125
17229,318.76,2,159.38
17230,3638.41,8,454.80125
17231,3124.72,10,312.472
17232,417.77,2,208.885
17233,190.88,1,190.88
17234,149.89000000000001,1,149.89000000000001
17235,550.06,2,275.03
17236,916.13,6,152.68833333333333
17237,314.69,2,157.345
17238,3719.1,17,218.7705882352941
17239,382.5,1,382.5
17242,1135.04,2,567.52
17243,8540.05,26,328.4634615384615
17244,954.9,1,954.9
17245,171.45,1,171.45
17247,280.09000000000003,1,280.09000000000003
17248,318.65,1,318.65
17250,381.97,2,190.985
17251,269.83,1,269.83
17252,348.91,2,174.455
17253,178.26,1,178.26
17254,271.19,2,135.595
17255,291.48,2,145.74
17256,240.0,2,120.0
17259,581.23,2,290.615
17262,1253.3600000000001,5,250.67200000000003
17263,63.440000000000005,1,63.440000000000005
17265,550.01,2,275.005
17266,296.58,3,98.86
17267,317.2,2,158.6
17268,763.64,4,190.91
17272,2148.63,4,537.1575
17274,107.82,1,107.82
17277,1065.3500000000001,2,532.6750000000001
17278,246.04,1,246.04
17279,187.82999999999998,1,187.82999999999998
17282,1685.46,3,561.82
17284,1647.48,6,274.58
17286,151.37,1,151.37
17287,1049.06,7,149.8657142857143
17288,1417.63,7,202.51857142857145
17289,931.02,3,310.34
17290,513.01,2,256.505
17291,550.8000000000001,1,550.8000000000001
17293,1854.06,9,206.00666666666666
17295,547.0,3,182.33333333333334
17297,128.18,1,128.18
17298,498.42,2,249.21
17299,656.61,4,164.1525
17301,163.24,1,163.24
17302,1135.63,5,227.12600000000003
17303,250.04,1,250.04
17306,8631.31,19,454.2794736842105
17309,82.75,1,82.75
17311,1384.85,2,692.425
17312,644.3,3,214.76666666666665
17313,2328.84,1,2328.84
17314,2527.92,8,315.99
17315,6281.23,38,165.29552631578946
17317,2600.34,3,866.7800000000001
17320,1200.6200000000001,3,400.2066666666667
17321,657.16,2,328.58
17323,906.52,7,129.50285714285715
17324,986.48,4,246.62
17325,96.8,1,96.8
17329,523.11,2,261.555
17330,363.9,2,181.95
17331,175.2,1,175.2
17333,494.25,1,494.25
17334,307.02,2,153.51
17337,1981.06,4,495.265
17338,6493.54,8,811.6925
17339,243.36,2,121.68
17340,12353.29,11,1123.0263636363636
17341,682.29,3,227.42999999999998
17343,193.64,1,193.64
17344,157.62,1,157.62
17345,519.6899999999999,4,129.92249999999999
17346,2622.88,15,174.85866666666666
17347,228.96,1,228.96
17348,1156.6,5,231.32
17349,98.25,1,98.25
17350,1281.32,4,320.33
17351,587.15,3,195.71666666666667
17353,1740.0,2,870.0
17354,1393.06,1,1393.06
17356,178.22,1,178.22
17357,384.39,2,192.195
17358,360.81,2,180.405
17359,127.86,1,127.86
17360,568.24,3,189.41333333333333
17361,488.2,3,162.73333333333332
17362,312.23,2,156.115
17364,4462.68,11,405.69818181818187
17365,4767.36,8,595.92
17367,167.55,1,167.55
17368,1878.87,8,234.85875
17370,446.18,4,111.545
17371,418.4,3,139.46666666666667
17372,1337.18,8,167.1475
17373,646.92,4,161.73
17374,495.77,2,247.885
17375,400.1,3,133.36666666666667
17376,203.2,2,101.6
17377,4058.32,20,202.916
17379,389.71999999999997,1,389.71999999999997
17381,20275.61,29,699.1589655172414
17382,65.4,1,65.4
17383,193.39000000000001,1,193.39000000000001
17384,336.4,2,168.2
17385,256.11,1,256.11
17386,2686.42,6,447.7366666666667
17387,746.81,2,373.405
17388,1259.56,4,314.89
17389,31833.68,34,936.2847058823529
17391,508.8,2,254.4
17392,417.27,2,208.635
17394,203.86999999999998,1,203.86999999999998
17396,7330.8,8,916.35
17397,681.41,2,340.705
17398,653.38,3,217.79333333333332
17400,2097.84,5,419.56800000000004
17402,2633.85,13,202.60384615384615
17403,263.92,1,263.92
17404,31906.82,15,2127.1213333333335
17405,1031.41,3,343.80333333333334
17406,2184.42,3,728.14
17408,32.65,1,32.65
17409,771.85,2,385.925
17410,1214.72,5,242.94400000000002
17411,778.94,3,259.6466666666667
17412,1258.06,7,179.72285714285712
17414,778.0,2,389.0
17415,507.84,1,507.84
17416,6893.42,7,984.7742857142857
17418,463.46000000000004,2,231.73000000000002
17419,4226.57,12,352.21416666666664
17420,598.83,3,199.61
17422,1979.37,6,329.895
17423,698.41,2,349.205
17425,759.17,2,379.585
17426,5037.26,6,839.5433333333334
17427,100.8,1,100.8
17428,17256.85,28,616.3160714285714
17429,524.9200000000001,3,174.97333333333336
17430,265.76,2,132.88
17431,403.3,1,403.3
17432,365.76,2,182.88
17433,303.15999999999997,1,303.15999999999997
17434,2373.82,7,339.1171428571429
17436,216.29999999999998,2,108.14999999999999
17438,388.45000000000005,1,388.45000000000005
17440,186.42000000000002,3,62.14000000000001
17442,2248.56,6,374.76
17443,534.24,1,534.24
17444,2940.04,3,980.0133333333333
17446,120.9,2,60.45
17447,541.53,2,270.765
17449,2519.21,7,359.88714285714286
17450,194390.79,46,4225.886739130435
17451,1721.4,7,245.91428571428574
17453,486.71999999999997,2,243.35999999999999
17454,517.53,4,129.3825
17455,131.7,1,131.7
17456,249.86,1,249.86
17457,1737.7,5,347.54
17458,316.5,1,316.5
17459,657.3,2,328.65
17460,622.4300000000001,6,103.73833333333334
17461,735.82,3,245.27333333333334
17462,675.69,2,337.845
17463,1875.86,5,375.17199999999997
17464,289.96000000000004,1,289.96000000000004
17466,763.28,2,381.64
17468,137.0,2,68.5
17469,1870.97,5,374.194
17470,1125.07,5,225.01399999999998
17472,697.54,3,232.51333333333332
17475,194.37,1,194.37
17480,511.82,1,511.82
17481,1255.59,4,313.8975
17483,414.04,3,138.01333333333335
17486,396.87,1,396.87
17489,376.64,2,188.32
17490,2092.32,7,298.90285714285716
17491,3558.87,10,355.887
17492,374.57,1,374.57
17495,497.56,2,248.78
17496,271.05,1,271.05
17498,272.22,1,272.22
17499,622.88,1,622.88
17500,1138.0,3,379.3333333333333
17501,288.6,2,144.3
17502,689.1,4,172.275
17503,558.96,2,279.48
17504,2997.0299999999997,9,333.00333333333333
17505,1145.84,2,572.92
17506,302.2,1,302.2
17507,605.58,2,302.79
17508,387.31,1,387.31
17509,6083.64,8,760.455
17510,308.48,1,308.48
17511,91062.38,31,2937.496129032258
17512,2924.9900000000002,10,292.499
17513,513.2,1,513.2
17514,208.65,1,208.65
17515,639.02,4,159.755
17516,764.88,5,152.976
17517,153.94,1,153.94
17519,1844.02,6,307.33666666666664
17520,546.81,1,546.81
17521,723.2099999999999,3,241.06999999999996
17522,1070.71,5,214.142
17523,652.74,4,163.185
17524,145.0,1,145.0
17525,422.70000000000005,1,422.70000000000005
17526,1195.8999999999999,4,298.97499999999997
17527,939.37,4,234.8425
17528,3628.5,8,453.5625
17530,2367.12,10,236.712
17531,296.7,1,296.7
17534,223.36,1,223.36
17535,164.4,1,164.4
17536,76.5,1,76.5
17537,887.67,2,443.835
17538,98.42,1,98.42
17540,578.9,2,289.45
17542,170.75,1,170.75
17545,642.32,3,214.10666666666668
17548,103.3,1,103.3
17549,148.86,2,74.43
17550,267.16,3,89.05333333333334
17551,290.34,1,290.34
17552,930.41,4,232.6025
17553,1487.6,1,1487.6
17554,1952.45,5,390.49
17555,480.31,2,240.155
17556,157.9,1,157.9
17557,541.46,3,180.48666666666668
17560,854.95,4,213.7375
17561,165.12,1,165.12
17562,1122.38,7,160.34
17564,454.01,3,151.33666666666667
17566,869.77,2,434.885
17567,4331.48,8,541.435
17569,344.14,1,344.14
17571,1425.67,4,356.4175
17572,226.75000000000003,4,56.68750000000001
17573,380.6,3,126.86666666666667
17574,185.65,1,185.65
17576,3564.83,19,187.62263157894736
17578,143.45999999999998,1,143.45999999999998
17579,448.90000000000003,3,149.63333333333335
17580,215.72,3,71.90666666666667
17581,11025.24,25,441.0096
17582,175.27,1,175.27
17584,1242.3,2,621.15
17585,1116.68,4,279.17
17588,1240.2,3,413.40000000000003
17589,2404.17,4,601.0425
17590,1468.02,3,489.34
17591,2203.67,7,314.81
17593,3923.86,5,784.772
17594,993.18,2,496.59
17595,386.69,2,193.345
17596,2806.69,7,400.9557142857143
17597,2044.3700000000001,1,2044.3700000000001
17600,161.67000000000002,1,161.67000000000002
17601,116.00999999999999,1,116.00999999999999
17602,5054.42,6,842.4033333333333
17603,394.72,1,394.72
17604,309.36,2,154.68
17608,191.99,2,95.995
17609,1105.78,5,221.156
17611,3961.12,15,264.07466666666664
17612,2048.45,6,341.4083333333333
17613,4544.55,14,324.6107142857143
17614,386.32,1,386.32
17615,329.6,3,109.86666666666667
17616,571.1999999999999,3,190.39999999999998
17618,930.28,3,310.0933333333333
17619,214.37,1,214.37
17620,81.44,1,81.44
17621,1379.9,3,459.9666666666667
17623,527.0500000000001,1,527.0500000000001
17624,843.48,2,421.74
17625,2020.4,4,505.1
17628,75.75,1,75.75
17629,1814.12,8,226.765
17630,503.59999999999997,2,251.79999999999998
17631,528.33,3,176.11
17633,1324.84,4,331.21
17634,2358.59,9,262.0655555555556
17636,285.56,1,285.56
17637,547.0600000000001,2,273.53000000000003
17639,108.5,1,108.5
17640,621.66,1,621.66
17642,712.29,2,356.145
17643,101.55,1,101.55
17644,2895.64,11,263.24
17646,1008.39,3,336.13
17647,133.06,1,133.06
17648,1797.5,4,449.375
17649,868.49,1,868.49
17650,166.08,1,166.08
17651,3945.0,10,394.5
17652,4867.72,12,405.6433333333334
17653,1207.56,4,301.89
17654,117.55,1,117.55
17655,2638.94,7,376.99142857142857
17656,1674.69,5,334.938
17658,595.42,2,297.71
17659,2999.46,12,249.955
17660,178.75,1,178.75
17663,1802.91,7,257.55857142857144
17664,604.64,2,302.32
17666,728.16,2,364.08
17667,2055.51,5,411.10200000000003
17668,347.75,2,173.875
17669,3406.7200000000003,7,486.67428571428576
17670,205.7,1,205.7
17671,1572.71,4,393.1775
17672,3178.17,2,1589.085
17673,1594.97,6,265.8283333333333
17674,551.04,2,275.52
17675,20374.28,31,657.2348387096774
17676,1371.18,6,228.53
17677,16345.38,30,544.846
17678,298.11,1,298.11
17679,1992.1100000000001,2,996.0550000000001
17680,184.4,1,184.4
17682,2474.33,6,412.3883333333333
17684,239.41,1,239.41
17685,3155.83,7,450.8328571428571
17686,5739.46,7,819.9228571428572
17690,4726.8,15,315.12
17691,290.40000000000003,2,145.20000000000002
17692,740.9399999999999,4,185.23499999999999
17693,200.47,1,200.47
17694,283.12,1,283.12
17695,765.34,2,382.67
17696,2285.71,8,285.71375
17697,338.95,1,338.95
17698,154.95,1,154.95
17700,2534.64,4,633.66
17701,417.95,1,417.95
17702,1824.37,4,456.0925
17703,798.74,3,266.24666666666667
17704,885.19,2,442.595
17705,1823.52,9,202.61333333333334
17706,10504.49,17,617.9111764705882
17707,152.4,2,76.2
17708,263.33,2,131.665
17709,137.45,1,137.45
17711,385.1,2,192.55
17712,522.91,1,522.91
17714,153.0,1,153.0
17715,326.4,1,326.4
17716,5655.99,11,514.180909090909
17718,139.35,1,139.35
17719,5396.04,15,359.736
17720,1195.94,4,298.985
17722,2424.04,4,606.01
17723,3276.4000000000005,6,546.0666666666667
17724,1033.0,3,344.3333333333333
17725,3439.08,11,312.64363636363635
17727,1060.25,1,1060.25
17728,2876.01,3,958.6700000000001
17730,5298.4800000000005,13,407.5753846153847
17731,1240.11,4,310.0275
17732,303.97,1,303.97
17733,692.19,2,346.095
17734,700.63,3,233.54333333333332
17735,13110.02,19,690.001052631579
17736,377.44,3,125.81333333333333
17737,168.24,2,84.12
17738,1879.05,4,469.7625
17739,2791.35,7,398.7642857142857
17742,355.11,2,177.555
17744,2322.4,6,387.06666666666666
17746,110.25,1,110.25
17747,71.4,1,71.4
17749,674.52,2,337.26
17750,1710.45,9,190.05
17752,80.64,1,80.64
17754,1664.65,5,332.93
17757,5593.39,30,186.44633333333334
17758,3408.2000000000003,8,426.02500000000003
17759,819.96,3,273.32
17760,287.59,2,143.795
17761,712.78,1,712.78
17763,15.0,1,15.0
17764,772.55,2,386.275
17765,367.63,3,122.54333333333334
17767,271.2,1,271.2
17768,2081.9,3,693.9666666666667
17769,3957.43,10,395.743
17770,1143.27,5,228.654
17771,245.81,2,122.905
17772,173.45,2,86.725
17774,1213.73,4,303.4325
17775,56.4,1,56.4
17777,647.56,3,215.85333333333332
17779,650.32,3,216.77333333333334
17781,188.02,2,94.01
17783,283.47,2,141.735
17785,131.94,1,131.94
17786,266.85,2,133.425
17787,1817.54,4,454.385
17788,1117.9,2,558.95
17789,225.9,1,225.9
17790,1964.3,14,140.30714285714285
17791,106.1,1,106.1
17793,300.34,1,300.34
17795,342.83,2,171.415
17796,690.0,4,172.5
17797,780.43,3,260.1433333333333
17799,3039.17,10,303.91700000000003
17800,1187.21,9,131.91222222222223
17802,1285.04,3,428.34666666666664
17805,512.31,1,512.31
17806,546.04,1,546.04
17809,5411.91,12,450.9925
17811,7761.82,39,199.02102564102563
17812,699.81,4,174.9525
17813,1698.07,5,339.614
17816,36.56,4,9.14
17817,387.68,3,129.22666666666666
17819,3704.87,7,529.2671428571429
17824,298.4,1,298.4
17827,1987.33,5,397.466
17828,1820.09,4,455.0225
17829,889.24,1,889.24
17830,398.7,3,132.9
17831,35.400000000000006,1,35.400000000000006
17832,155.37,1,155.37
17835,342.24,3,114.08
17836,110.21000000000001,1,110.21000000000001
17837,1541.23,8,192.65375
17838,2720.8,5,544.1600000000001
17839,318.15,1,318.15
17841,40519.84,124,326.77290322580643
17843,205.48,1,205.48
17844,51.559999999999995,1,51.559999999999995
17846,2033.1,1,2033.1
17848,901.1999999999999,9,100.13333333333333
17849,605.8000000000001,4,151.45000000000002
17850,5391.21,34,158.565
17852,114.34,2,57.17
17854,311.26,2,155.63
17855,208.97,1,208.97
17856,1418.03,4,354.5075
17857,26879.04,23,1168.6539130434783
17858,5140.66,12,428.3883333333333
17859,141.92000000000002,1,141.92000000000002
17860,226.45000000000002,1,226.45000000000002
17861,2097.88,8,262.235
17862,330.9,1,330.9
17863,3160.0,6,526.6666666666666
17864,554.85,3,184.95000000000002
17865,10526.32,20,526.316
17866,329.65,1,329.65
17867,1157.8700000000001,6,192.97833333333335
17869,428.18,5,85.636
17870,1865.89,12,155.49083333333334
17871,155.9,1,155.9
17873,1848.96,5,369.79200000000003
17874,683.46,6,113.91000000000001
17877,237.61,1,237.61
17878,379.45,1,379.45
17879,178.51999999999998,1,178.51999999999998
17880,458.92,1,458.92
17881,133.35000000000002,1,133.35000000000002
17883,664.34,4,166.085
17884,695.0699999999999,4,173.76749999999998
17885,156.34,1,156.34
17886,869.28,3,289.76
17887,111.35,1,111.35
17888,716.0,8,89.5
17889,201.37,2,100.685
17890,586.89,2,293.445
17891,203.85999999999999,1,203.85999999999999
17892,244.1,3,81.36666666666666
17893,107.21,1,107.21
17894,1118.96,8,139.87
17895,95.45,1,95.45
17896,256.32,1,256.32
17897,541.8100000000001,3,180.60333333333335
17898,152.06,2,76.03
17899,154.55,1,154.55
17900,112.19999999999999,2,56.099999999999994
17901,110.38,1,110.38
17904,181.07,1,181.07
17905,798.99,4,199.7475
17906,72.9,1,72.9
17908,232.03,1,232.03
17911,366.23,1,366.23
17912,310.06,5,62.012
17913,408.65,2,204.325
17914,329.36,1,329.36
17917,335.03,3,111.67666666666666
17919,1304.04,1,1304.04
17920,4119.5,17,242.3235294117647
17921,820.23,4,205.0575
17923,207.50000000000003,1,207.50000000000003
17924,2962.5,7,423.2142857142857
17925,244.08,1,244.08
17926,397.29,2,198.645
17928,212.54,2,106.27
17929,843.0,4,210.75
17930,1740.48,5,348.096
17931,408.36,2,204.18
17932,1331.57,3,443.8566666666666
17934,704.25,2,352.125
17935,145.79,2,72.895
17936,380.13,1,380.13
17937,4301.22,7,614.46
17939,99.14,1,99.14
17940,4020.04,10,402.004
17941,304.56,1,304.56
17942,77.50000000000001,1,77.50000000000001
17946,149.57999999999998,2,74.78999999999999
17947,176.68,1,176.68
17948,358.56000000000006,1,358.56000000000006
17949,58510.48,45,1300.232888888889
17950,482.2,3,160.73333333333332
17951,1008.5400000000001,3,336.18
17954,2314.13,12,192.84416666666667
17955,557.3,4,139.325
17956,12.75,1,12.75
17957,111.68,1,111.68
17958,508.4599999999999,1,508.4599999999999
17960,73.78,1,73.78
17961,1296.44,39,33.242051282051285
17962,102.41,1,102.41
17964,463.21,2,231.605
17965,2599.19,14,185.65642857142856
17966,1098.43,5,219.686
17967,112.27,1,112.27
17968,265.1,1,265.1
17969,228.2,2,114.1
17970,562.79,1,562.79
17972,135.19,1,135.19
17973,337.04,1,337.04
17974,703.99,3,234.66333333333333
17975,4483.26,13,344.86615384615385
17976,321.79,1,321.79
17977,288.14,1,288.14
17978,300.91999999999996,1,300.91999999999996
17979,732.41,4,183.1025
17980,811.45,3,270.48333333333335
17984,152.68,1,152.68
17985,631.35,1,631.35
17986,20.8,1,20.8
17987,198.57,1,198.57
17988,201.12,7,28.731428571428573
17990,630.84,3,210.28
17991,93.35,2,46.675
17994,674.89,4,168.7225
17995,76.1,1,76.1
17997,1962.46,8,245.3075
17999,380.39,2,190.195
18001,415.13,2,207.565
18004,157.92,1,157.92
18005,226.47,2,113.235
18006,444.68,1,444.68
18008,2116.19,9,235.13222222222223
18009,247.39,1,247.39
18010,174.8,1,174.8
18011,102.78999999999999,1,102.78999999999999
18013,187.29,2,93.645
18014,162.22,1,162.22
18015,120.03,1,120.03
18016,1477.66,5,295.53200000000004
18017,523.0,3,174.33333333333334
18018,122.14,2,61.07
18019,38.45,1,38.45
18022,612.72,1,612.72
18024,389.78,2,194.89
18027,115.31,1,115.31
18030,230.64999999999998,2,115.32499999999999
18032,73.5,1,73.5
18033,93.82000000000001,1,93.82000000000001
18034,418.68,2,209.34
18035,713.89,3,237.96333333333334
18036,403.12,3,134.37333333333333
18037,70.02,6,11.67
18040,357.20000000000005,2,178.60000000000002
18041,4097.37,21,195.11285714285714
18042,165.04999999999998,1,165.04999999999998
18043,529.29,3,176.42999999999998
18044,2088.6,10,208.85999999999999
18045,178.34,1,178.34
18048,172.29000000000002,2,86.14500000000001
18050,74.4,1,74.4
18053,300.02,1,300.02
18055,6761.34,10,676.134
18056,363.65,1,363.65
18058,170.16,1,170.16
18059,306.46,3,102.15333333333332
18061,2119.41,10,211.94099999999997
18062,720.52,3,240.17333333333332
18064,814.0,2,407.0
18065,2392.83,14,170.91642857142855
18066,318.0,1,318.0
18067,396.33,1,396.33
18068,101.69999999999999,1,101.69999999999999
18069,2009.24,5,401.848
18071,453.0,2,226.5
18072,247.44,1,247.44
18073,3859.82,12,321.6516666666667
18074,489.6,1,489.6
18075,2611.75,10,261.175
18077,2584.41,11,234.94636363636363
18078,336.13,2,168.065
18079,3613.15,4,903.2875
18080,1231.5,2,615.75
18081,343.45,3,114.48333333333333
18082,680.84,1,680.84
18084,90.47999999999999,1,90.47999999999999
18085,689.95,2,344.975
18086,101.34,1,101.34
18087,4055.7199999999993,2,2027.8599999999997
18088,166.03,1,166.03
18092,9068.26,11,824.3872727272727
18093,2106.52,4,526.63
18094,3017.3,7,431.04285714285714
18095,580.0500000000001,2,290.02500000000003
18096,849.06,3,283.02
18097,2662.4,6,443.73333333333335
18099,168.31,1,168.31
18101,222.4,2,111.2
18102,259657.3,60,4327.621666666667
18104,754.64,1,754.64
18105,113.48000000000002,1,113.48000000000002
18106,421.9,1,421.9
18108,271.0,1,271.0
18109,8004.92,26,307.88153846153847
18110,198.8,1,198.8
18112,352.69,2,176.345
18113,76.32000000000001,1,76.32000000000001
18114,220.1,1,220.1
18116,1403.1100000000001,8,175.38875000000002
18117,315.65,1,315.65
18118,5625.08,26,216.34923076923076
18119,180.7,1,180.7
18120,111.15,1,111.15
18121,653.3,2,326.65
18122,1793.06,6,298.8433333333333
18123,574.4399999999999,2,287.21999999999997
18125,1131.75,4,282.9375
18126,200.92000000000002,1,200.92000000000002
18127,347.08,3,115.69333333333333
18129,112.55000000000001,1,112.55000000000001
18130,1059.39,3,353.13000000000005
18133,931.4999999999999,1,931.4999999999999
18135,681.9100000000001,5,136.382
18136,784.33,3,261.4433333333333
18138,152.65,1,152.65
18139,8438.34,6,1406.39
18142,1019.52,2,509.76
18143,1000.16,2,500.08
18144,2888.75,12,240.72916666666666
18145,2861.55,4,715.3875
18146,160.35000000000002,2,80.17500000000001
18147,179.33999999999997,2,89.66999999999999
18149,612.0799999999999,3,204.02666666666664
18150,566.58,3,188.86
18151,653.35,2,326.675
18154,399.19,2,199.595
18155,371.62,3,123.87333333333333
18156,675.64,2,337.82
18158,453.4,2,226.7
18159,530.15,1,530.15
18160,638.0600000000001,2,319.03000000000003
18161,1618.69,5,323.738
18164,399.65000000000003,1,399.65000000000003
18165,302.46000000000004,1,302.46000000000004
18167,1384.8600000000001,3,461.62000000000006
18168,1160.04,6,193.34
18169,202.65,1,202.65
18170,980.31,3,326.77
18171,1231.31,5,246.262
18172,7561.68,20,378.084
18173,2106.84,4,526.71
18174,104.0,1,104.0
18176,476.35,1,476.35
18177,1340.8700000000001,6,223.47833333333335
18178,1590.81,4,397.7025
18179,1793.17,6,298.8616666666667
18180,1843.75,6,307.2916666666667
18181,366.85,1,366.85
18183,632.07,2,316.035
18184,49.8,1,49.8
18185,304.25,1,304.25
18188,2001.04,3,667.0133333333333
18189,1090.24,2,545.12
18190,284.46000000000004,2,142.23000000000002
18191,207.79999999999998,1,207.79999999999998
18192,957.97,1,957.97
18193,243.76,1,243.76
18194,973.8399999999999,1,973.8399999999999
18196,686.63,2,343.315
18198,5425.56,17,319.15058823529415
18200,150.35,1,150.35
18202,1396.99,3,465.66333333333336
18203,160.42000000000002,1,160.42000000000002
18204,1975.35,3,658.4499999999999
18205,517.36,2,258.68
18209,139.10000000000002,1,139.10000000000002
18210,2621.38,6,436.8966666666667
18211,600.07,5,120.01400000000001
18212,216.07,1,216.07
18213,232.48000000000002,1,232.48000000000002
18215,299.34000000000003,1,299.34000000000003
18216,481.75,1,481.75
18217,621.75,2,310.875
18218,641.92,2,320.96
18219,2069.77,10,206.977
18220,305.28000000000003,1,305.28000000000003
18221,1041.61,5,208.32199999999997
18222,443.0,1,443.0
18223,6484.54,14,463.18142857142857
18224,158.95000000000002,1,158.95000000000002
18225,5504.96,12,458.74666666666667
18226,5228.05,11,475.27727272727276
18227,93.75,1,93.75
18228,779.9,2,389.95
18229,7276.900000000001,20,363.845
18230,2810.2000000000003,7,401.4571428571429
18231,2071.77,5,414.354
18232,592.97,4,148.2425
18233,440.0,1,440.0
18235,1796.48,3,598.8266666666667
18236,882.24,6,147.04
18237,987.1,5,197.42000000000002
18239,1561.6100000000001,5,312.322
18240,422.58,1,422.58
18241,2073.09,17,121.9464705882353
18242,2232.4900000000002,4,558.1225000000001
18245,2567.06,7,366.72285714285715
18246,596.1,2,298.05
18248,804.02,2,402.01
18249,95.34,1,95.34
18250,349.27,1,349.27
18251,4314.72,1,4314.72
18252,518.27,2,259.135
18255,103.3,1,103.3
18257,2337.63,8,292.20375
18259,2338.6000000000004,3,779.5333333333334
18260,2628.35,6,438.05833333333334
18261,324.24,2,162.12
18262,149.48,1,149.48
18263,1213.1599999999999,3,404.3866666666666
18265,801.51,2,400.755
18268,25.5,1,25.5
18269,168.6,1,168.6
18270,283.15,2,141.575
18272,3078.58,6,513.0966666666667
18273,204.0,3,68.0
18274,175.92,1,175.92
18276,335.86,1,335.86
18277,110.38,1,110.38
18278,173.9,1,173.9
18280,180.60000000000002,1,180.60000000000002
18281,80.82,1,80.82
18282,178.05,2,89.025
18283,2045.53,16,127.845625
18287,1837.28,3,612.4266666666666
