CustomerID,AOV,PurchaseFrequency,CLTV
12346,77183.6,1,77183.6
12347,615.7142857142857,7,4310.0
12348,449.31,4,1797.24
12349,1757.55,1,1757.55
12350,334.4,1,334.4
12352,313.255,8,2506.04
12353,89.0,1,89.0
12354,1079.4,1,1079.4
12355,459.4,1,459.4
12356,937.1433333333333,3,2811.43
12357,6207.67,1,6207.67
12358,584.03,2,1168.06
12359,1577.5075,4,6310.03
12360,887.3533333333334,3,2662.06
12361,189.9,1,189.9
12362,522.6229999999999,10,5226.23
12363,276.0,2,552.0
12364,328.275,4,1313.1
12365,320.69,2,641.38
12367,168.9,1,168.9
12370,885.485,4,3541.94
12371,943.98,2,1887.96
12372,432.68,3,1298.04
12373,364.6,1,364.6
12374,742.9300000000001,1,742.9300000000001
12375,228.75,2,457.5
12377,814.06,2,1628.12
12378,4008.62,1,4008.62
12379,426.12,2,852.24
12380,681.2025,4,2724.81
12381,369.062,5,1845.31
12383,370.11199999999997,5,1850.56
12384,292.635,2,585.27
12386,200.95,2,401.9
12388,463.4433333333333,6,2780.66
12390,549.84,1,549.84
12391,439.66,1,439.66
12393,395.65000000000003,4,1582.6000000000001
12394,636.24,2,1272.48
12395,251.5525,12,3018.63
12397,1204.95,2,2409.9
12398,1635.6599999999999,1,1635.6599999999999
12399,277.1625,4,1108.65
12401,84.3,1,84.3
12402,225.6,1,225.6
12403,427.7,1,427.7
12405,1710.39,1,1710.39
12406,1707.65,2,3415.3
12407,341.624,5,1708.1200000000001
12408,577.71,5,2888.55
12409,3690.89,3,11072.67
12410,346.66499999999996,2,693.3299999999999
12412,408.96000000000004,3,1226.88
12413,252.70000000000002,3,758.1
12414,187.47,3,562.41
12415,5948.310952380953,21,124914.53
12417,405.4555555555555,9,3649.0999999999995
12418,668.58,1,668.58
12420,600.39,1,600.39
12421,201.76,4,807.04
12422,267.85333333333335,3,803.5600000000001
12423,232.41375,8,1859.31
12424,880.48,2,1760.96
12425,777.2,1,777.2
12426,582.73,1,582.73
12427,275.26666666666665,3,825.8
12428,884.0511111111111,9,7956.46
12429,937.6,4,3750.4
12430,256.4,1,256.4
12431,427.99666666666667,15,6419.95
12432,1011.8639999999999,5,5059.32
12433,1910.8385714285716,7,13375.87
12434,403.07,2,806.14
12435,3914.945,2,7829.89
12436,509.01,1,509.01
12437,275.0783333333333,18,4951.41
12438,1453.425,2,2906.85
12441,173.55,1,173.55
12442,172.06,1,172.06
12444,1001.092,5,5005.46
12445,133.4,1,133.4
12446,1002.3100000000001,1,1002.3100000000001
12447,476.49,1,476.49
12448,449.45,1,449.45
12449,1016.8225,4,4067.29
12450,98.94,2,197.88
12451,1807.104,5,9035.52
12452,215.285,2,430.57
12453,707.09,1,707.09
12454,3528.34,1,3528.34
12455,411.1433333333334,6,2466.86
12456,1060.3466666666666,3,3181.04
12457,337.6042857142857,7,2363.23
12458,473.7,2,947.4
12461,413.44,2,826.88
12462,594.795,2,1189.59
12463,336.195,4,1344.78
12464,151.50625,8,1212.05
12465,371.09499999999997,2,742.1899999999999
12468,364.77000000000004,2,729.5400000000001
12471,659.6216666666667,30,19788.65
12472,938.8728571428571,7,6572.11
12473,785.6099999999999,5,3928.0499999999993
12474,406.8938888888889,18,7324.09
12475,723.38,1,723.38
12476,619.6745454545454,11,6816.419999999999
12477,2203.29,6,13219.74
12478,680.99,1,680.99
12479,527.2,1,527.2
12480,820.4075,4,3281.63
12481,557.982,10,5579.82
12483,310.6225,8,2484.98
12484,754.5533333333333,6,4527.32
12488,432.8866666666667,3,1298.66
12489,334.93,1,334.93
12490,541.793,10,5417.93
12491,460.40000000000003,1,460.40000000000003
12492,131.60500000000002,2,263.21000000000004
12493,216.87,2,433.74
12494,178.01428571428573,7,1246.1000000000001
12497,1043.1,1,1043.1
12498,134.5666666666667,3,403.70000000000005
12500,387.07454545454544,11,4257.82
12501,2169.39,1,2169.39
12502,744.774,5,3723.87
12504,241.02499999999998,2,482.04999999999995
12506,73.5,1,73.5
12507,434.93666666666667,3,1304.81
12508,198.94,2,397.88
12509,176.5,1,176.5
12510,491.28499999999997,2,982.5699999999999
12512,66.09,2,132.18
12513,612.29,1,612.29
12514,1017.68,1,1017.68
12515,383.7,1,383.7
12516,656.03,2,1312.06
12517,496.32,5,2481.6
12518,411.378,5,2056.89
12519,330.84,1,330.84
12520,526.8520000000001,5,2634.26
12521,599.68,1,599.68
12522,96.36,2,192.72
12523,162.70636363636365,11,1789.7700000000002
12524,560.715,8,4485.72
12526,438.8866666666667,3,1316.66
12527,116.23666666666668,3,348.71000000000004
12528,322.24666666666667,6,1933.48
12530,415.57,4,1662.28
12531,125.22,1,125.22
12532,349.83000000000004,1,349.83000000000004
12534,1089.18,1,1089.18
12535,358.175,2,716.35
12536,4200.610000000001,3,12601.830000000002
12538,363.95,1,363.95
12539,1392.0875,4,5568.35
12540,788.2494117647059,17,13400.24
12541,327.06,3,981.1800000000001
12544,372.7,1,372.7
12545,500.195,2,1000.39
12546,580.75,2,1161.5
12547,103.89999999999999,2,207.79999999999998
12548,95.19999999999999,1,95.19999999999999
12550,964.83,1,964.83
12551,168.0,1,168.0
12552,218.91,2,437.82
12553,369.228,10,3692.28
12556,299.78,2,599.56
12557,2398.192,5,11990.96
12558,269.96,1,269.96
12559,280.855,2,561.71
12560,711.3366666666667,3,2134.01
12561,238.85,1,238.85
12562,540.2485714285715,7,3781.7400000000007
12564,456.9,1,456.9
12565,145.92,1,145.92
12566,351.65,1,351.65
12567,940.128,10,9401.28
12569,128.8965625,32,4124.69
12571,259.805,2,519.61
12572,510.21,2,1020.42
12573,160.54000000000002,1,160.54000000000002
12574,218.45,1,218.45
12576,263.166,5,1315.83
12577,208.86666666666667,3,626.6
12578,1397.255,2,2794.51
12579,440.42,1,440.42
12580,415.7,1,415.7
12581,197.71,1,197.71
12582,255.68,2,511.36
12583,485.42533333333336,15,7281.38
12584,259.7944444444445,9,2338.1500000000005
12585,1020.05,2,2040.1
12586,196.94000000000003,1,196.94000000000003
12587,144.0,1,144.0
12588,214.89999999999998,1,214.89999999999998
12589,323.34,2,646.68
12590,4932.13,2,9864.26
12591,452.84999999999997,1,452.84999999999997
12592,218.8,2,437.6
12593,139.36666666666665,3,418.0999999999999
12594,333.822,10,3338.2200000000003
12596,309.135,2,618.27
12597,952.805,4,3811.22
12598,377.885,8,3023.08
12599,147.51142857142855,7,1032.58
12600,259.904,10,2599.04
12601,115.412,5,577.0600000000001
12602,153.12,1,153.12
12603,739.1999999999999,1,739.1999999999999
12604,127.09,2,254.18
12607,1579.51,1,1579.51
12609,375.6166666666666,3,1126.85
12610,419.908,5,2099.54
12611,1193.32,1,1193.32
12612,704.0400000000001,1,704.0400000000001
12613,668.876,5,3344.38
12614,315.6,1,315.6
12615,572.7975,4,2291.19
12616,356.65,2,713.3
12617,352.98,1,352.98
12618,177.31,1,177.31
12619,404.5822222222222,9,3641.24
12620,446.47,3,1339.41
12621,684.4835,20,13689.670000000002
12622,180.1,1,180.1
12623,305.1,1,305.1
12624,320.565,2,641.13
12625,1341.91,2,2683.82
12626,735.6088888888888,9,6620.48
12627,639.79,7,4478.53
12628,262.15333333333336,3,786.46
12630,635.44,2,1270.88
12631,640.5,1,640.5
12633,540.995,4,2163.98
12635,844.59,2,1689.18
12637,750.3625,8,6002.9
12638,671.69,1,671.69
12639,486.1,1,486.1
12640,391.52666666666664,3,1174.58
12641,185.9,1,185.9
12642,337.75333333333333,3,1013.26
12643,557.4399999999999,6,3344.6399999999994
12644,477.91,1,477.91
12645,443.795,4,1775.18
12646,673.485,2,1346.97
12647,310.235,12,3722.82
12648,318.05,1,318.05
12649,207.83666666666667,3,623.51
12650,314.44,1,314.44
12651,114.0,1,114.0
12652,919.98,1,919.98
12653,1104.925,2,2209.85
12654,120.396,5,601.98
12656,810.234,5,4051.17
12657,410.795,4,1643.18
12658,686.05,1,686.05
12659,91.68,1,91.68
12660,245.1,1,245.1
12662,349.98,11,3849.78
12664,542.4311111111111,9,4881.88
12665,63.0,1,63.0
12667,620.13,1,620.13
12668,951.7875,4,3807.15
12669,914.6766666666666,3,2744.0299999999997
12670,599.21,5,2996.05
12672,225.89999999999998,1,225.89999999999998
12673,305.26,2,610.52
12674,492.65,4,1970.6
12676,221.89833333333334,6,1331.39
12678,1469.0383333333332,12,17628.46
12679,278.255,4,1113.02
12680,215.7025,4,862.81
12681,626.7063636363637,22,13787.54
12682,396.1232258064516,31,12279.82
12683,565.1046666666666,15,8476.57
12684,326.23285714285714,7,2283.63
12685,477.18,6,2863.08
12686,89.14,1,89.14
12688,4873.8099999999995,1,4873.8099999999995
12689,623.805,2,1247.61
12690,389.01,1,389.01
12691,172.63333333333333,6,1035.8
12693,213.9775,4,855.91
12694,434.835,2,869.67
12695,145.525,4,582.1
12697,319.19666666666666,3,957.5899999999999
12700,1234.9975,4,4939.99
12701,398.855,2,797.71
12702,219.0,1,219.0
12703,283.55,1,283.55
12704,292.605,8,2340.84
12705,763.1433333333333,9,6868.29
12707,603.42,1,603.42
12708,271.291,10,2712.91
12709,647.1013333333334,15,9706.52
12710,383.00666666666666,3,1149.02
12712,338.1638461538462,13,4396.13
12713,848.55,1,848.55
12714,941.7719999999999,5,4708.86
12715,343.36,1,343.36
12716,526.745,2,1053.49
12717,515.49,2,1030.98
12718,238.25,1,238.25
12719,322.475,2,644.95
12720,231.26919999999998,25,5781.73
12721,442.68833333333333,6,2656.13
12722,249.4075,4,997.63
12723,145.014,5,725.07
12724,257.8525,4,1031.41
12725,427.8,1,427.8
12726,372.7285714285714,7,2609.1
12727,568.6714285714286,7,3980.7
12728,209.0825,4,836.33
12729,453.01,1,453.01
12731,1574.6591666666666,12,18895.91
12732,236.26000000000002,1,236.26000000000002
12733,383.95,1,383.95
12734,110.39999999999999,1,110.39999999999999
12735,389.78499999999997,2,779.5699999999999
12736,234.0,1,234.0
12738,155.35,1,155.35
12739,506.52,2,1013.04
12740,427.6,1,427.6
12743,270.065,2,540.13
12744,3039.8985714285714,7,21279.29
12747,381.4554545454546,11,4196.01
12748,158.14923444976077,209,33053.19
12749,818.176,5,4090.88
12750,275.88,1,275.88
12752,4366.78,1,4366.78
12753,3571.565,6,21429.39
12754,1003.5799999999999,3,3010.74
12755,1905.975,2,3811.95
12756,112.07999999999998,1,112.07999999999998
12757,602.6653846153847,13,7834.6500000000015
12758,1395.795,2,2791.59
12759,510.48,3,1531.44
12762,949.26,2,1898.52
12763,247.04,2,494.08
12764,1693.88,1,1693.88
12766,998.5185714285715,7,6989.63
12769,1143.6,1,1143.6
12770,1351.45,1,1351.45
12772,892.47,1,892.47
12775,277.20799999999997,5,1386.04
12778,137.03833333333333,6,822.23
12779,497.67,8,3981.36
12781,413.37,2,826.74
12782,466.184,5,2330.92
12783,370.98499999999996,6,2225.91
12784,266.40999999999997,2,532.8199999999999
12785,311.95,1,311.95
12787,154.55333333333334,3,463.66
12789,91.85,1,91.85
12790,324.92,1,324.92
12791,192.60000000000002,1,192.60000000000002
12792,400.53999999999996,1,400.53999999999996
12793,272.74,2,545.48
12794,430.205,2,860.41
12795,430.48,1,430.48
12797,254.03,1,254.03
12798,2325.68,3,6977.039999999999
12802,427.58,1,427.58
12808,161.21666666666667,3,483.65
12809,489.31,1,489.31
12811,171.61666666666667,3,514.85
12812,229.64000000000001,1,229.64000000000001
12814,125.92,1,125.92
12815,531.73,2,1063.46
12816,286.1,2,572.2
12817,166.04,1,166.04
12818,1542.08,1,1542.08
12820,235.585,4,942.34
12821,92.72,1,92.72
12822,474.44,2,948.88
12823,351.9,5,1759.5
12824,397.12,1,397.12
12826,210.67428571428573,7,1474.72
12827,143.38333333333335,3,430.1500000000001
12828,169.785,6,1018.71
12829,146.5,2,293.0
12830,1135.7733333333333,6,6814.639999999999
12831,215.05,1,215.05
12832,191.515,2,383.03
12833,417.38,1,417.38
12834,312.38,1,312.38
12836,652.59,4,2610.36
12837,134.1,1,134.1
12838,335.975,2,671.95
12839,399.38714285714286,14,5591.42
12840,681.6925,4,2726.77
12841,159.6632,25,3991.58
12842,559.495,2,1118.99
12843,212.7825,8,1702.26
12844,162.98000000000002,2,325.96000000000004
12845,88.5225,4,354.09
12847,843.64,1,843.64
12849,505.145,2,1010.29
12851,131.81,1,131.81
12852,311.55,1,311.55
12853,326.18333333333334,6,1957.1
12854,438.75,3,1316.25
12855,38.1,1,38.1
12856,361.7966666666667,6,2170.78
12857,553.2,2,1106.4
12863,521.2,1,521.2
12864,147.12,1,147.12
12865,784.115,2,1568.23
12866,559.12,1,559.12
12867,572.7628571428571,7,4009.3399999999997
12868,267.84333333333336,6,1607.0600000000002
12871,190.32,2,380.64
12872,299.985,2,599.97
12873,374.0,1,374.0
12875,171.61500000000004,2,343.2300000000001
12876,1109.01,2,2218.02
12877,127.98083333333334,12,1535.77
12878,427.495,2,854.99
12879,191.07333333333335,3,573.22
12881,298.0,1,298.0
12882,731.52,2,1463.04
12883,175.8675,4,703.47
12884,309.05,1,309.05
12885,391.74,3,1175.22
12886,689.2,2,1378.4
12888,177.06,2,354.12
12890,376.71999999999997,1,376.71999999999997
12891,110.33333333333333,3,331.0
12893,176.55,1,176.55
12895,186.4,2,372.8
12897,108.25,2,216.5
12901,630.5192857142857,28,17654.54
12902,138.68,1,138.68
12904,248.03,2,496.06
12906,583.962,5,2919.81
12908,375.0,2,750.0
12909,435.73400000000004,5,2178.67
12910,384.38,8,3075.04
12912,332.46,5,1662.3
12913,496.726,5,2483.63
12915,181.825,2,363.65
12916,736.2375,4,2944.95
12917,594.0,1,594.0
12919,222.53166666666667,6,1335.19
12920,162.78,1,162.78
12921,448.29972972972973,37,16587.09
12922,405.38,1,405.38
12923,172.82,1,172.82
12924,233.425,4,933.7
12925,347.025,2,694.05
12928,412.5400000000001,5,2062.7000000000003
12929,117.85,1,117.85
12930,207.9,2,415.8
12931,2803.730666666667,15,42055.96
12933,202.51,3,607.53
12935,308.6714285714285,7,2160.7
12936,265.975,4,1063.9
12937,376.0675,4,1504.27
12938,114.14,1,114.14
12939,1447.725,8,11581.8
12940,449.845,2,899.69
12942,225.20000000000002,3,675.6
12944,302.255,2,604.51
12945,462.95,1,462.95
12947,267.33166666666665,6,1603.9899999999998
12948,294.99285714285713,7,2064.95
12949,520.9025,8,4167.22
12950,614.3333333333334,3,1843.0
12951,177.345,6,1064.07
12952,346.9475,4,1387.79
12953,329.85,1,329.85
12955,432.4690909090909,11,4757.16
12956,108.07,1,108.07
12957,502.1925,8,4017.54
12962,133.195,2,266.39
12963,232.07875,8,1856.63
12965,769.8100000000001,1,769.8100000000001
12966,160.18,1,160.18
12967,830.45,2,1660.9
12968,135.95,1,135.95
12970,101.3675,4,405.47
12971,130.11523255813952,86,11189.91
12974,144.8,1,144.8
12976,738.6,1,738.6
12977,39.239999999999995,1,39.239999999999995
12980,819.4333333333334,9,7374.900000000001
12981,186.10999999999999,2,372.21999999999997
12982,390.54,1,390.54
12984,97.5,1,97.5
12985,619.69,2,1239.38
12987,279.35,2,558.7
12988,505.82,1,505.82
12989,461.6073333333334,15,6924.110000000001
12990,136.5,3,409.5
12991,251.88,2,503.76
12993,103.69,4,414.76
12994,324.8066666666667,3,974.4200000000001
12995,211.32,1,211.32
12997,306.7225,4,1226.89
12999,151.96,3,455.88
13000,178.28333333333333,3,534.85
13001,752.7669230769231,13,9785.970000000001
13002,120.94999999999999,1,120.94999999999999
13003,49.68333333333334,3,149.05
13004,314.21722222222223,18,5655.91
13005,256.85,2,513.7
13006,81.57,1,81.57
13008,229.46999999999997,1,229.46999999999997
13011,50.550000000000004,1,50.550000000000004
13012,205.85500000000002,8,1646.8400000000001
13013,370.07230769230773,13,4810.9400000000005
13014,346.628,10,3466.2799999999997
13015,667.928,5,3339.64
13016,263.2966666666667,3,789.8900000000001
13017,204.0,1,204.0
13018,259.91785714285714,28,7277.7
13021,290.7088888888889,9,2616.38
13023,344.95,2,689.9
13026,195.072,5,975.36
13027,1152.0,6,6912.0
13028,330.65999999999997,2,661.3199999999999
13029,415.8333333333333,3,1247.5
13030,376.21999999999997,2,752.4399999999999
13032,505.09,2,1010.18
13033,190.55,1,190.55
13034,321.385,2,642.77
13035,460.94,2,921.88
13037,293.69,3,881.0699999999999
13038,302.82,3,908.46
13040,338.495,2,676.99
13043,516.42,1,516.42
13044,560.47,1,560.47
13045,305.28000000000003,1,305.28000000000003
13046,314.655,2,629.31
13047,323.754,10,3237.54
13048,454.8525,4,1819.41
13049,328.34000000000003,2,656.6800000000001
13050,343.3447058823529,17,5836.86
13052,348.15000000000003,1,348.15000000000003
13055,404.80333333333334,3,1214.41
13058,90.46666666666668,3,271.40000000000003
13059,183.4,1,183.4
13060,307.53,1,307.53
13061,248.61,1,248.61
13062,346.98,1,346.98
13064,276.3975,4,1105.59
13065,205.86,1,205.86
13066,235.4,2,470.8
13067,115.46000000000001,1,115.46000000000001
13068,172.0,2,344.0
13069,184.64333333333332,24,4431.44
13070,228.8,1,228.8
13072,177.15,1,177.15
13075,919.61,1,919.61
13077,182.005,4,728.02
13078,485.69,26,12627.94
13079,44.02,5,220.10000000000002
13080,58.08,1,58.08
13081,2576.1254545454544,11,28337.379999999997
13082,401.51444444444445,9,3613.63
13083,151.875,2,303.75
13085,208.04000000000002,2,416.08000000000004
13089,605.7946391752578,97,58762.08
13090,636.4871428571429,14,8910.82
13091,345.82,1,345.82
13092,95.566,5,477.83000000000004
13093,979.05875,8,7832.47
13094,160.61,12,1927.3200000000002
13095,74.39999999999999,1,74.39999999999999
13097,600.322,10,6003.22
13098,1031.5157142857142,28,28882.44
13099,207.35999999999999,1,207.35999999999999
13101,101.19,1,101.19
13102,267.67041666666665,24,6424.09
13103,243.94,1,243.94
13104,183.08,6,1098.48
13106,76.5,1,76.5
13107,382.90500000000003,4,1531.6200000000001
13108,350.06,1,350.06
13109,393.27,2,786.54
13110,212.66714285714286,7,1488.67
13113,510.2483333333334,24,12245.960000000001
13115,573.695,4,2294.78
13116,501.14,1,501.14
13117,123.11375,8,984.91
13118,239.56199999999998,5,1197.81
13120,30.599999999999998,1,30.599999999999998
13121,283.73,1,283.73
13122,461.195,2,922.39
13124,1252.11,3,3756.33
13126,262.455,8,2099.64
13127,259.17,1,259.17
13130,64.0,1,64.0
13131,357.76666666666665,3,1073.3
13132,77.3,1,77.3
13133,54.9,2,109.8
13134,448.395,4,1793.58
13135,3096.0,1,3096.0
13136,521.522,5,2607.61
13137,450.41125,8,3603.29
13138,160.39833333333334,6,962.3900000000001
13139,723.5628571428571,7,5064.94
13140,140.82333333333335,3,422.47
13141,477.75,5,2388.75
13142,307.09,1,307.09
13144,110.95,1,110.95
13145,154.63,4,618.52
13146,228.91,1,228.91
13147,178.20000000000002,4,712.8000000000001
13148,306.93833333333333,12,3683.26
13149,419.015,4,1676.06
13151,1257.8700000000001,1,1257.8700000000001
13153,486.22,1,486.22
13155,242.94,4,971.76
13157,435.305,4,1741.22
13158,300.265,4,1201.06
13159,357.3375,4,1429.35
13160,91.8,1,91.8
13161,112.75,1,112.75
13162,422.0725,4,1688.29
13165,510.74,2,1021.48
13166,417.2,1,417.2
13167,197.8325,4,791.33
13168,324.8975,4,1299.59
13169,356.44,2,712.88
13170,108.81,1,108.81
13171,156.13666666666668,3,468.4100000000001
13173,176.825,2,353.65
13174,914.2733333333334,3,2742.82
13176,481.49,1,481.49
13177,282.45,1,282.45
13178,520.4972727272727,11,5725.47
13182,121.18,1,121.18
13183,439.75333333333333,9,3957.7799999999997
13184,166.895,10,1668.95
13185,71.4,1,71.4
13186,525.2966666666667,3,1575.8900000000003
13187,236.02,1,236.02
13188,114.60000000000001,1,114.60000000000001
13189,130.34,2,260.68
13192,455.97,2,911.94
13193,112.08,1,112.08
13194,60.7,1,60.7
13196,449.445,4,1797.78
13198,566.8733333333333,6,3401.24
13199,258.34526315789475,38,9817.12
13200,217.5225,4,870.09
13203,217.365,4,869.46
13207,125.13000000000001,2,250.26000000000002
13208,202.9416666666667,6,1217.65
13209,736.45125,8,5891.61
13210,353.48,1,353.48
13211,365.14000000000004,3,1095.42
13212,262.2766666666667,3,786.8300000000002
13213,304.116,5,1520.58
13216,333.74,1,333.74
13217,177.99333333333334,3,533.98
13218,62.63999999999999,1,62.63999999999999
13220,204.82250000000002,4,819.2900000000001
13221,423.705,2,847.41
13223,81.60000000000001,2,163.20000000000002
13224,1077.975,2,2155.95
13225,923.4057142857143,7,6463.84
13226,108.21000000000001,1,108.21000000000001
13227,257.7,1,257.7
13228,358.0,1,358.0
13229,160.95,1,160.95
13230,196.8307142857143,14,2755.63
13232,189.7642857142857,7,1328.35
13233,302.56,2,605.12
13235,1031.07,1,1031.07
13236,372.425,2,744.85
13238,175.1825,4,700.73
13239,329.56,1,329.56
13240,165.9125,4,663.65
13242,90.13333333333334,3,270.40000000000003
13243,585.12,1,585.12
13244,121.74000000000001,1,121.74000000000001
13245,430.5,1,430.5
13246,326.92,6,1961.52
13247,125.28,4,501.12
13248,232.84,2,465.68
13249,237.13666666666666,3,711.41
13253,515.2,2,1030.4
13255,199.755,2,399.51
13258,224.27666666666667,3,672.83
13259,283.18,1,283.18
13260,557.62,1,557.62
13261,472.05,2,944.1
13262,200.29,1,200.29
13263,212.48371428571429,35,7436.93
13265,418.532,5,2092.66
13266,319.52166666666665,12,3834.2599999999998
13267,237.97315789473683,19,4521.49
13268,288.6136363636364,11,3174.75
13269,356.21866666666665,15,5343.28
13270,590.0,1,590.0
13271,211.49,1,211.49
13272,138.28,2,276.56
13273,138.98,1,138.98
13276,295.46500000000003,2,590.9300000000001
13277,64.6,4,258.4
13278,542.73,1,542.73
13279,137.75,1,137.75
13280,266.15333333333336,3,798.46
13282,377.38000000000005,3,1132.14
13283,46.83,2,93.66
13284,201.19,1,201.19
13285,677.28,4,2709.12
13291,361.11,1,361.11
13292,289.46999999999997,2,578.9399999999999
13294,436.87,2,873.74
13295,201.20000000000002,1,201.20000000000002
13296,87.4,1,87.4
13297,522.4625,4,2089.85
13298,360.0,1,360.0
13299,142.5,1,142.5
13300,371.89,1,371.89
13301,154.5225,4,618.09
13302,63.75,1,63.75
13304,300.42,1,300.42
13305,200.08599999999998,10,2000.86
13307,15.0,1,15.0
13308,461.83666666666664,3,1385.51
13309,291.358,5,1456.79
13310,377.3433333333333,3,1132.03
13311,299.285,2,598.57
13313,311.06399999999996,5,1555.3199999999997
13314,258.6466666666667,3,775.94
13316,1433.2325,4,5732.93
13317,378.94666666666666,6,2273.68
13318,213.58666666666667,3,640.76
13319,417.1365384615385,26,10845.550000000001
13320,383.05,4,1532.2
13321,283.68,2,567.36
13322,199.48000000000002,1,199.48000000000002
13323,157.57,5,787.8499999999999
13324,712.1949999999999,10,7121.949999999999
13325,675.3,1,675.3
13327,453.47125,8,3627.77
13328,1308.48,1,1308.48
13329,394.5,2,789.0
13330,380.31,3,1140.93
13332,350.9,1,350.9
13334,1167.44,3,3502.32
13336,795.12,1,795.12
13338,487.02,1,487.02
13339,860.12,1,860.12
13340,1533.782857142857,7,10736.48
13341,775.85,1,775.85
13343,353.43,1,353.43
13344,837.23,3,2511.69
13345,389.5,1,389.5
13347,341.36,1,341.36
13348,233.76,1,233.76
13349,247.32,1,247.32
13350,489.56,2,979.12
13351,373.94,1,373.94
13352,397.97999999999996,1,397.97999999999996
13354,743.53,1,743.53
13355,674.7,1,674.7
13356,768.24,1,768.24
13357,609.4,1,609.4
13358,439.03,1,439.03
13359,439.56,1,439.56
13362,772.6850000000001,4,3090.7400000000002
13363,496.25,2,992.5
13364,134.95999999999998,1,134.95999999999998
13365,1112.685,2,2225.37
13366,56.160000000000004,1,56.160000000000004
13368,311.7,2,623.4
13369,308.28000000000003,1,308.28000000000003
13370,754.87,1,754.87
13372,378.64,1,378.64
13373,1104.0833333333333,3,3312.25
13375,778.65,1,778.65
13376,339.92,3,1019.76
13379,190.85333333333332,3,572.56
13381,606.5516666666666,6,3639.3099999999995
13382,222.99,1,222.99
13384,593.1328571428572,7,4151.93
13385,534.57,1,534.57
13388,338.55,2,677.1
13389,265.9866666666667,3,797.96
13390,544.08,1,544.08
13391,59.8,1,59.8
13394,315.0025,8,2520.02
13395,307.72,1,307.72
13396,680.495,2,1360.99
13397,308.826,5,1544.13
13398,457.34,1,457.34
13402,310.615,2,621.23
13403,75.0,1,75.0
13404,126.245,2,252.49
13405,190.817,3,572.451
13408,453.5006451612903,62,28117.04
13410,200.612,5,1003.06
13411,213.55,1,213.55
13414,463.5,3,1390.5
13416,356.25,2,712.5
13417,320.415,2,640.83
13418,340.4127777777778,18,6127.43
13419,221.06,1,221.06
13420,79.925,2,159.85
13421,916.855,2,1833.71
13422,2626.3,1,2626.3
13425,541.4033333333333,3,1624.21
13426,364.132,10,3641.32
13427,194.20000000000002,3,582.6
13428,201.78,1,201.78
13429,251.7,4,1006.8
13430,339.725,2,679.45
13431,634.55,2,1269.1
13434,267.12,2,534.24
13435,544.2700000000001,7,3809.890000000001
13436,196.89,1,196.89
13437,486.86571428571426,7,3408.06
13439,283.71,1,283.71
13441,296.64,1,296.64
13447,376.38000000000005,3,1129.14
13448,589.115,6,3534.69
13449,291.88,1,291.88
13450,340.61999999999995,6,2043.7199999999998
13451,579.6519999999999,5,2898.2599999999998
13452,295.0,2,590.0
13453,178.48999999999998,2,356.97999999999996
13455,529.17,2,1058.34
13456,294.4533333333333,6,1766.7199999999998
13458,689.0407142857142,14,9646.57
13460,91.72,2,183.44
13461,481.6666666666667,3,1445.0
13462,151.5,1,151.5
13464,674.68,1,674.68
13466,307.9,1,307.9
13467,535.955,2,1071.91
13468,154.1883783783784,37,5704.97
13470,82.5,2,165.0
13471,625.46,4,2501.84
13473,211.32,2,422.64
13474,226.84,1,226.84
13475,357.945,4,1431.78
13476,619.235,2,1238.47
13477,242.42999999999998,6,1454.58
13479,150.475,2,300.95
13481,360.912,5,1804.56
13482,184.64,1,184.64
13483,140.34,1,140.34
13484,313.8,1,313.8
13485,454.24,1,454.24
13486,374.1366666666667,3,1122.41
13487,191.79999999999998,3,575.4
13488,689.87,13,8968.31
13489,112.38,4,449.52
13491,121.582,10,1215.82
13492,423.28,3,1269.84
13493,309.315,2,618.63
13494,316.26000000000005,1,316.26000000000005
13495,408.97400000000005,5,2044.8700000000003
13496,326.665,2,653.33
13497,174.025,2,348.05
13499,231.82199999999997,5,1159.11
13500,388.92333333333335,3,1166.77
13501,1340.32,1,1340.32
13502,97.33333333333333,3,292.0
13503,216.85,1,216.85
13504,295.93,1,295.93
13505,1098.4075,4,4393.63
13506,229.26,2,458.52
13507,619.79,4,2479.16
13508,110.97,1,110.97
13509,139.96,7,979.72
13510,447.89,4,1791.56
13512,251.21,1,251.21
13513,205.1,1,205.1
13514,152.20000000000002,1,152.20000000000002
13515,222.78,4,891.12
13516,463.1366666666667,3,1389.41
13517,709.4733333333334,3,2128.42
13518,627.16,1,627.16
13519,122.75,1,122.75
13520,604.0583333333333,6,3624.3499999999995
13521,357.24333333333334,3,1071.73
13522,125.80000000000001,1,125.80000000000001
13523,792.976,5,3964.88
13524,136.036,5,680.1800000000001
13525,314.39,2,628.78
13527,320.33714285714285,7,2242.36
13529,153.88,2,307.76
13531,241.9,2,483.8
13532,210.31,1,210.31
13533,89.69666666666666,3,269.09
13534,234.8032,25,5870.08
13536,492.05571428571426,7,3444.39
13538,182.97857142857143,7,1280.85
13539,210.4466666666667,3,631.34
13544,138.03,2,276.06
13546,207.03,3,621.09
13548,339.08,2,678.16
13549,131.17142857142858,7,918.2
13551,91.80000000000001,1,91.80000000000001
13552,311.6725,12,3740.07
13555,1024.72,4,4098.88
13557,292.03,2,584.06
13558,148.63,4,594.52
13560,171.42000000000002,1,171.42000000000002
13561,141.85999999999999,1,141.85999999999999
13562,599.7766666666666,3,1799.33
13563,388.765,2,777.53
13564,574.89,3,1724.67
13565,120.11,2,240.22
13566,428.42,2,856.84
13568,187.05,1,187.05
13569,169.31,2,338.62
13570,239.49,1,239.49
13571,174.07833333333335,12,2088.94
13572,1384.25,1,1384.25
13573,145.125,2,290.25
13575,146.414,5,732.0699999999999
13576,373.18555555555554,18,6717.34
13577,421.90000000000003,4,1687.6000000000001
13579,233.52,2,467.04
13581,118.0,1,118.0
13583,781.03,1,781.03
13584,142.4,1,142.4
13587,712.4,1,712.4
13588,275.43888888888887,9,2478.95
13589,189.825,2,379.65
13590,330.32,6,1981.92
13591,372.3766666666667,3,1117.13
13592,61.989999999999995,4,247.95999999999998
13593,402.37600000000003,5,2011.88
13594,396.97,1,396.97
13596,332.055,2,664.11
13598,160.04,1,160.04
13599,245.2342857142857,21,5149.92
13600,219.52,1,219.52
13601,346.66,2,693.32
13602,428.89,1,428.89
13603,164.34,1,164.34
13606,92.25,3,276.75
13607,675.51,1,675.51
13610,154.6185714285714,7,1082.33
13611,384.8,3,1154.4
13614,396.365,4,1585.46
13615,417.69,1,417.69
13617,181.39333333333332,3,544.18
13618,177.34,1,177.34
13621,213.85,1,213.85
13623,145.548,5,727.74
13626,257.23,1,257.23
13627,327.694,5,1638.47
13629,708.3963636363636,11,7792.36
13630,290.2542857142857,7,2031.7799999999997
13631,279.1290909090909,11,3070.42
13632,423.78599999999994,5,2118.93
13634,309.47200000000004,5,1547.3600000000001
13635,1071.03,1,1071.03
13636,189.824,5,949.1200000000001
13637,268.09999999999997,3,804.3
13638,122.64,1,122.64
13639,1033.34,1,1033.34
13642,312.28,1,312.28
13643,173.14666666666668,3,519.44
13644,656.065,4,2624.26
13645,252.1,1,252.1
13647,412.03000000000003,4,1648.1200000000001
13649,173.3,2,346.6
13650,306.0566666666667,6,1836.3400000000001
13651,47.1,2,94.2
13652,365.02666666666664,3,1095.08
13654,451.22166666666664,6,2707.33
13655,466.485,2,932.97
13656,189.825,2,379.65
13657,191.07,2,382.14
13658,527.8340000000001,5,2639.17
13659,781.5,2,1563.0
13662,293.75333333333333,3,881.26
13663,189.47,1,189.47
13666,28.21666666666667,3,84.65
13667,299.05,1,299.05
13668,300.46809523809526,21,6309.830000000001
13669,109.275,2,218.55
13670,349.7,1,349.7
13672,93.19500000000001,2,186.39000000000001
13673,193.72,2,387.44
13675,243.41000000000003,2,486.82000000000005
13678,232.6,1,232.6
13680,929.78,4,3719.12
13681,206.9575,4,827.83
13682,59.5,1,59.5
13684,65.13,1,65.13
13685,445.63428571428574,7,3119.44
13686,72.0,1,72.0
13689,910.0,1,910.0
13690,172.25,1,172.25
13692,496.1066666666666,3,1488.32
13694,1300.7924,50,65039.62
13695,166.942,15,2504.13
13697,151.29999999999998,1,151.29999999999998
13699,308.58000000000004,1,308.58000000000004
13700,224.863,10,2248.63
13703,99.5,1,99.5
13704,256.4511111111111,9,2308.06
13705,237.28666666666666,3,711.86
13706,330.79,1,330.79
13707,403.205,2,806.41
13708,285.33,1,285.33
13709,485.2038461538462,13,6307.650000000001
13710,180.48,1,180.48
13711,126.03,2,252.06
13712,228.84,1,228.84
13715,215.478,5,1077.39
13716,138.28,1,138.28
13717,240.835,6,1445.01
13718,153.275,2,306.55
13719,208.336,5,1041.68
13720,199.975,4,799.9
13721,524.14,1,524.14
13722,791.8033333333333,3,2375.41
13723,199.85000000000002,1,199.85000000000002
13725,247.57,8,1980.56
13726,539.8299999999999,2,1079.6599999999999
13727,166.74,2,333.48
13728,169.35666666666665,6,1016.1399999999999
13730,376.3,2,752.6
13731,305.295,2,610.59
13732,491.86,1,491.86
13735,720.885,4,2883.54
13736,364.9,2,729.8
13737,339.59999999999997,1,339.59999999999997
13739,216.9,1,216.9
13740,350.75,1,350.75
13741,222.81000000000003,3,668.4300000000001
13742,258.9891666666667,12,3107.87
13743,191.65714285714284,7,1341.6
13744,540.26,2,1080.52
13745,300.04,1,300.04
13747,79.6,1,79.6
13748,189.65,5,948.25
13750,329.452,5,1647.26
13751,296.25,1,296.25
13752,195.89666666666668,6,1175.38
13753,741.26,1,741.26
13754,141.29999999999998,2,282.59999999999997
13755,234.2288888888889,9,2108.06
13756,370.68,14,5189.52
13758,455.79285714285714,7,3190.55
13759,329.70500000000004,2,659.4100000000001
13760,143.395,2,286.79
13761,535.325,2,1070.65
13762,306.72,1,306.72
13763,1714.96,1,1714.96
13764,506.47333333333336,3,1519.42
13767,465.41513513513513,37,17220.36
13769,279.651,10,2796.51
13771,658.6125,4,2634.45
13772,374.21000000000004,3,1122.63
13774,345.0,1,345.0
13777,787.1866666666666,33,25977.16
13778,178.7,1,178.7
13780,180.005,2,360.01
13781,127.84,1,127.84
13782,151.47666666666666,6,908.8599999999999
13784,223.89,11,2462.79
13786,230.39999999999998,1,230.39999999999998
13787,154.52,2,309.04
13790,348.8,1,348.8
13791,758.0,2,1516.0
13792,97.775,2,195.55
13798,651.8219298245614,57,37153.85
13799,344.43,2,688.86
13800,558.32,1,558.32
13801,324.8,1,324.8
13802,1533.14,3,4599.42
13803,277.07,1,277.07
13804,369.77,7,2588.39
13805,462.3,2,924.6
13806,256.38,1,256.38
13807,112.6,1,112.6
13808,349.53200000000004,5,1747.6600000000003
13809,155.05,1,155.05
13810,499.67,3,1499.01
13811,271.5,3,814.5
13812,179.66666666666666,3,539.0
13813,341.71500000000003,4,1366.8600000000001
13814,789.56,2,1579.12
13815,1006.84,4,4027.36
13816,285.83500000000004,2,571.6700000000001
13817,191.49,2,382.98
13819,380.1166666666666,3,1140.35
13821,192.82,2,385.64
13822,316.0,2,632.0
13823,478.83,2,957.66
13824,339.788,5,1698.94
13826,189.5,1,189.5
13827,136.6,3,409.79999999999995
13828,209.49,1,209.49
13831,366.4083333333333,6,2198.45
13832,52.199999999999996,1,52.199999999999996
13833,383.85,1,383.85
13835,208.6425,4,834.57
13837,133.29500000000002,2,266.59000000000003
13838,168.705,4,674.82
13841,85.0,1,85.0
13842,376.18,9,3385.62
13844,361.62,1,361.62
13845,312.98,1,312.98
13846,288.35333333333335,3,865.0600000000001
13848,418.3333333333333,3,1255.0
13849,768.975,2,1537.95
13850,1595.48,1,1595.48
13851,883.82,3,2651.46
13853,1090.14,1,1090.14
13854,324.38079999999997,25,8109.5199999999995
13856,129.5,3,388.5
13858,216.17,1,216.17
13859,201.16,1,201.16
13860,249.18,5,1245.9
13862,276.17,8,2209.36
13863,305.78,1,305.78
13865,125.39,4,501.56
13866,145.67000000000002,1,145.67000000000002
13867,335.03000000000003,3,1005.0900000000001
13868,1596.27,2,3192.54
13869,770.9125,4,3083.65
13870,346.3675,8,2770.94
13871,492.5576923076923,13,6403.25
13873,129.86666666666667,3,389.6
13874,540.45,1,540.45
13875,357.358,5,1786.79
13876,122.7,1,122.7
13877,117.24,1,117.24
13878,1271.57,1,1271.57
13880,247.67461538461538,13,3219.77
13881,857.976,20,17159.52
13882,238.22600000000003,5,1191.13
13883,534.896,5,2674.4799999999996
13884,157.52,5,787.6
13885,253.4,2,506.8
13886,243.56,1,243.56
13887,349.55,1,349.55
13888,297.835,2,595.67
13889,416.90000000000003,1,416.90000000000003
13890,188.38100000000003,10,1883.8100000000004
13892,158.2425,4,632.97
13893,821.1,1,821.1
13894,188.20666666666668,3,564.62
13895,648.2675,4,2593.07
13897,311.16,1,311.16
13898,155.93,1,155.93
13899,194.26,2,388.52
13900,246.98333333333335,3,740.95
13901,573.4399999999999,5,2867.2
13904,166.32,2,332.64
13908,592.3875,4,2369.55
13911,286.7677777777778,9,2580.91
13914,313.225,2,626.45
13917,136.02,2,272.04
13918,606.4200000000001,2,1212.8400000000001
13919,192.405,2,384.81
13922,172.25,1,172.25
13923,351.13,1,351.13
13924,306.475,6,1838.8500000000001
13925,169.5625,4,678.25
13926,223.85000000000002,1,223.85000000000002
13927,348.99,1,348.99
13928,116.1425,4,464.57
13929,421.325,2,842.65
13930,168.67,2,337.34
13931,618.765,2,1237.53
13932,307.4,1,307.4
13933,304.39500000000004,2,608.7900000000001
13934,922.1,1,922.1
13936,376.58,1,376.58
13937,158.85,1,158.85
13938,71.66,1,71.66
13939,189.51666666666665,3,568.55
13940,209.785,4,839.14
13941,1022.592,5,5112.96
13946,187.18999999999997,3,561.5699999999999
13947,90.6,1,90.6
13948,102.0,1,102.0
13949,404.55333333333334,6,2427.32
13950,186.265,4,745.06
13951,224.8166666666667,3,674.45
13952,1625.5355,2,3251.071
13953,502.23999999999995,7,3515.68
13954,219.96,2,439.92
13955,161.48,2,322.96
13956,203.85399999999998,5,1019.27
13959,198.01333333333332,3,594.04
13960,115.11,2,230.22
13962,84.775,2,169.55
13963,166.135,4,664.54
13967,80.7,1,80.7
13969,501.34277777777777,18,9024.17
13971,344.7825,8,2758.26
13972,95.125,2,190.25
13973,264.7,1,264.7
13974,413.59000000000003,1,413.59000000000003
13975,410.2066666666667,6,2461.2400000000002
13976,357.98,1,357.98
13978,98.39500000000001,2,196.79000000000002
13979,869.87,1,869.87
13980,200.14,1,200.14
13982,467.9525,4,1871.81
13983,216.9525,12,2603.43
13984,184.102,5,920.51
13985,470.67533333333336,15,7060.13
13986,320.46,1,320.46
13988,691.3266666666667,6,4147.96
13989,633.04,2,1266.08
13990,311.3,1,311.3
13991,142.14666666666668,6,852.8800000000001
13992,76.8,1,76.8
13993,385.1511111111111,9,3466.36
13994,379.0233333333333,6,2274.14
13995,278.738,5,1393.69
13999,325.1508333333333,12,3901.8099999999995
14000,635.66,1,635.66
14001,681.0266666666668,3,2043.0800000000004
14002,264.865,2,529.73
14004,654.6628571428572,7,4582.64
14005,574.944,5,2874.72
14006,320.73,3,962.19
14009,347.805,2,695.61
14012,328.8,1,328.8
14013,157.67333333333332,3,473.02
14014,505.18,1,505.18
14015,917.34,1,917.34
14016,1085.3025,4,4341.21
14019,473.86999999999995,3,1421.61
14020,321.4,2,642.8
14021,210.63333333333333,3,631.9
14022,440.0,1,440.0
14023,292.035,2,584.07
14024,163.85,2,327.7
14027,104.82,1,104.82
14029,233.83,2,467.66
14030,294.855,8,2358.84
14031,909.8347368421053,19,17286.86
14032,270.5081818181818,11,2975.59
14034,216.29666666666665,3,648.89
14035,285.604,5,1428.02
14036,626.65,1,626.65
14037,73.60000000000001,2,147.20000000000002
14038,520.1266666666667,3,1560.38
14039,152.2,1,152.2
14040,296.6933333333333,12,3560.3199999999997
14041,141.41,1,141.41
14044,161.605,4,646.42
14045,414.9375,4,1659.75
14046,154.99,1,154.99
14047,261.72200000000004,5,1308.6100000000001
14048,409.93,1,409.93
14049,1394.68,4,5578.72
14050,373.18,2,746.36
14051,678.7126086956522,23,15610.390000000001
14052,225.36,1,225.36
14053,130.125,2,260.25
14054,92.46,1,92.46
14055,725.6400000000001,1,725.6400000000001
14056,354.46565217391304,23,8152.71
14057,365.39176470588234,17,6211.66
14059,183.6,1,183.6
14060,323.18,19,6140.42
14062,872.0708333333333,12,10464.85
14064,266.868,5,1334.34
14066,152.55,1,152.55
14067,187.35,2,374.7
14068,265.85,1,265.85
14071,179.69625,8,1437.57
14073,151.04,1,151.04
14075,314.08666666666664,3,942.26
14076,118.67,1,118.67
14077,99.88399999999999,5,499.41999999999996
14078,174.89499999999998,6,1049.37
14079,375.1,1,375.1
14080,45.599999999999994,1,45.599999999999994
14081,460.81,2,921.62
14082,182.25,1,182.25
14083,111.43333333333334,9,1002.9000000000001
14085,245.62722222222223,18,4421.29
14087,191.47,1,191.47
14088,3883.9853846153846,13,50491.81
14089,158.75,1,158.75
14090,76.32000000000001,1,76.32000000000001
14092,291.2078571428571,14,4076.9099999999994
14093,433.86,1,433.86
14096,3833.2229411764706,17,65164.79
14098,147.35,1,147.35
14099,282.1972727272727,11,3104.17
14100,191.95000000000002,1,191.95000000000002
14101,996.1316666666667,6,5976.79
14102,221.176,5,1105.8799999999999
14104,108.10499999999999,2,216.20999999999998
14105,1266.23,1,1266.23
14107,386.17571428571426,7,2703.23
14108,298.955,2,597.91
14109,144.2,1,144.2
14110,473.5958333333333,12,5683.15
14111,173.2125,4,692.85
14112,416.45,7,2915.15
14113,460.105,4,1840.42
14114,193.265,2,386.53
14116,276.548,5,1382.74
14117,90.0,1,90.0
14121,695.0375,4,2780.15
14124,419.58000000000004,1,419.58000000000004
14125,906.8766666666667,3,2720.63
14126,235.3766666666667,3,706.1300000000001
14127,236.57000000000002,3,709.71
14128,318.75,2,637.5
14129,224.77200000000002,5,1123.8600000000001
14130,480.91,1,480.91
14132,326.00272727272727,11,3586.0299999999997
14133,201.88,3,605.64
14135,312.68733333333336,15,4690.31
14138,482.94000000000005,2,965.8800000000001
14139,415.82,1,415.82
14140,467.525,2,935.05
14141,228.7825,4,915.13
14142,311.81,1,311.81
14143,115.8,1,115.8
14145,935.55,4,3742.2
14146,838.2,5,4191.0
14147,241.7,2,483.4
14148,157.2,1,157.2
14149,446.62,1,446.62
14150,329.32,2,658.64
14152,310.645,2,621.29
14154,672.81,2,1345.62
14155,118.75,1,118.75
14156,2131.0923636363636,55,117210.08
14157,212.44500000000002,2,424.89000000000004
14158,507.66,1,507.66
14159,420.94090909090914,11,4630.35
14161,365.8733333333334,3,1097.6200000000001
14162,144.68,2,289.36
14163,611.4775,4,2445.91
14164,815.885,2,1631.77
14165,120.44,1,120.44
14167,140.6475,4,562.59
14171,363.79,1,363.79
14173,112.71,4,450.84
14174,134.46,1,134.46
14175,1074.1000000000001,3,3222.3
14176,144.22500000000002,4,576.9000000000001
14177,137.365,4,549.46
14178,228.60857142857142,7,1600.26
14179,350.785,2,701.57
14180,189.94080000000002,25,4748.52
14184,452.89,1,452.89
14185,197.65,1,197.65
14188,342.3933333333334,6,2054.36
14189,310.272,15,4654.08
14191,360.36615384615385,13,4684.76
14193,426.695,2,853.39
14194,540.4533333333334,21,11349.52
14195,506.0,2,1012.0
14196,335.52,1,335.52
14198,175.35,4,701.4
14199,185.39999999999998,1,185.39999999999998
14201,106.77714285714286,7,747.44
14204,150.61,1,150.61
14205,233.35,2,466.7
14206,328.15999999999997,1,328.15999999999997
14208,151.74,1,151.74
14209,345.57166666666666,6,2073.43
14210,317.64000000000004,6,1905.8400000000001
14211,249.0111111111111,9,2241.1
14212,1070.48,1,1070.48
14214,200.876,5,1004.38
14215,298.2866666666667,6,1789.7200000000003
14216,459.825,4,1839.3
14217,117.94,17,2004.98
14218,169.48000000000002,1,169.48000000000002
14219,89.94,1,89.94
14220,316.2,2,632.4
14221,381.4222222222222,9,3432.8
14222,683.17,1,683.17
14223,330.37666666666667,3,991.13
14224,252.4325,4,1009.73
14226,442.95799999999997,5,2214.79
14227,335.096,10,3350.96
14229,515.7333333333333,3,1547.2
14231,308.57,3,925.71
14232,409.61400000000003,5,2048.07
14233,365.68,4,1462.72
14234,188.53,4,754.12
14235,628.972,5,3144.8599999999997
14236,245.43,2,490.86
14237,161.0,1,161.0
14238,146.85,1,146.85
14239,216.4409090909091,11,2380.85
14240,445.17,2,890.34
14241,213.70000000000002,1,213.70000000000002
14242,140.275,2,280.55
14243,258.877,10,2588.77
14245,846.725,2,1693.45
14246,491.3533333333333,3,1474.06
14247,136.76999999999998,1,136.76999999999998
14248,302.58,1,302.58
14250,634.6833333333333,3,1904.0499999999997
14251,575.94,5,2879.7000000000003
14256,484.53000000000003,2,969.0600000000001
14257,619.9440000000001,5,3099.7200000000003
14258,1407.7755555555555,9,12669.98
14259,120.0,1,120.0
14261,581.725,2,1163.45
14262,327.27875,8,2618.23
14264,166.985,2,333.97
14265,265.09,2,530.18
14267,505.41333333333336,3,1516.24
14270,492.65000000000003,1,492.65000000000003
14271,112.32,1,112.32
14272,218.98,2,437.96
14273,139.9925,4,559.97
14276,373.24666666666667,3,1119.74
14277,1396.0,3,4188.0
14280,134.04,1,134.04
14282,246.76266666666666,15,3701.44
14284,297.625,2,595.25
14285,477.5025,4,1910.01
14286,1542.9166666666667,3,4628.75
14287,58.876666666666665,3,176.63
14288,426.6,1,426.6
14289,151.87666666666667,6,911.26
14290,462.93,5,2314.65
14291,353.02272727272725,11,3883.25
14292,541.3255555555556,9,4871.93
14293,261.64,4,1046.56
14295,166.20000000000002,1,166.20000000000002
14297,326.3325,4,1305.33
14298,1171.075,44,51527.3
14299,440.6244444444444,9,3965.62
14300,43.2,1,43.2
14301,640.14,1,640.14
14304,383.45,1,383.45
14305,619.6533333333333,3,1858.96
14306,1046.66,2,2093.32
14307,499.28666666666663,6,2995.72
14309,261.39222222222224,9,2352.53
14311,310.26,1,310.26
14312,268.5983333333333,6,1611.5899999999997
14314,120.0,1,120.0
14315,413.5216666666667,6,2481.13
14317,508.58000000000004,1,508.58000000000004
14320,238.895,2,477.79
14321,306.15,5,1530.75
14323,302.53000000000003,2,605.0600000000001
14326,183.85,1,183.85
14327,311.65,1,311.65
14329,710.7485714285714,7,4975.24
14331,231.32999999999998,2,462.65999999999997
14332,280.07,3,840.21
14333,415.2,1,415.2
14334,319.02625,8,2552.21
14335,227.43,2,454.86
14336,403.7275,4,1614.91
14338,294.11,2,588.22
14339,309.52,1,309.52
14340,134.7,1,134.7
14341,270.8725,8,2166.98
14342,167.14000000000001,4,668.5600000000001
14344,111.24125000000001,8,889.9300000000001
14345,108.97999999999999,1,108.97999999999999
14346,510.79,2,1021.58
14348,409.57,1,409.57
14349,133.5,1,133.5
14350,282.93,1,282.93
14351,51.0,1,51.0
14352,269.74,4,1078.96
14353,90.6,1,90.6
14354,81.81,2,163.62
14355,174.4,1,174.4
14356,350.615,2,701.23
14357,225.12,1,225.12
14359,304.06,3,912.1800000000001
14360,529.5075,4,2118.03
14362,151.5,1,151.5
14364,464.66875,8,3717.35
14367,576.73875,16,9227.82
14368,155.0,1,155.0
14371,100.5,1,100.5
14373,76.55,1,76.55
14375,235.56,1,235.56
14377,308.525,2,617.05
14379,174.05,2,348.1
14381,202.68,1,202.68
14382,615.49,1,615.49
14383,415.8966666666667,3,1247.69
14385,67.37,3,202.11
14386,142.4,1,142.4
14387,575.8666666666667,3,1727.6
14388,401.605,8,3212.84
14389,521.73,2,1043.46
14390,515.8411111111111,9,4642.57
14393,67.95,1,67.95
14395,386.65666666666664,9,3479.91
14396,243.995,2,487.99
14397,137.52421052631578,19,2612.96
14400,574.7,1,574.7
14401,311.6523076923077,13,4051.4800000000005
14403,368.9525,4,1475.81
14404,241.5533333333333,6,1449.32
14406,156.75,1,156.75
14407,359.62166666666667,6,2157.73
14408,371.29,7,2599.03
14409,343.24166666666673,6,2059.4500000000003
14410,122.25222222222222,9,1100.27
14411,1063.0,1,1063.0
14412,385.015,2,770.03
14413,121.05,1,121.05
14414,213.8542857142857,7,1496.98
14415,450.42846153846153,13,5855.57
14416,245.11,2,490.22
14418,645.75,3,1937.25
14419,175.29833333333332,6,1051.79
14420,387.52,1,387.52
14421,406.555,2,813.11
14422,710.6066666666667,6,4263.64
14423,265.2,1,265.2
14424,322.08,1,322.08
14426,448.16700000000003,10,4481.67
14427,181.67000000000002,2,363.34000000000003
14428,244.81199999999998,5,1224.06
14431,470.36,1,470.36
14432,374.75,6,2248.5
14434,228.79999999999998,6,1372.8
14436,89.06,1,89.06
14437,63.0,1,63.0
14438,131.9,1,131.9
14439,2661.24,1,2661.24
14440,471.53600000000006,5,2357.6800000000003
14441,428.2225,4,1712.89
14442,794.91,2,1589.82
14443,355.05,4,1420.2
14446,252.5875,4,1010.35
14447,232.64600000000002,5,1163.23
14448,187.675,2,375.35
14449,221.45,4,885.8
14450,161.08333333333334,3,483.25
14451,321.95,2,643.9
14452,129.525,2,259.05
14453,119.93,1,119.93
14456,335.25333333333333,9,3017.2799999999997
14457,113.64,1,113.64
14459,1837.92,1,1837.92
14460,144.78,3,434.34000000000003
14461,701.02,3,2103.06
14462,180.05181818181816,11,1980.5699999999997
14463,176.54,3,529.62
14465,346.1466666666667,3,1038.44
14466,324.62857142857143,7,2272.4
14467,149.065,4,596.26
14470,230.595,2,461.19
14472,231.58375,8,1852.67
14473,117.17000000000002,2,234.34000000000003
14474,547.66,1,547.66
14475,308.6166666666667,3,925.85
14476,193.0,1,193.0
14477,327.4,4,1309.6
14479,158.125,2,316.25
14480,279.05,1,279.05
14481,318.255,2,636.51
14482,337.135,6,2022.81
14483,137.1,1,137.1
14484,321.92,1,321.92
14485,162.8,1,162.8
14487,194.24666666666667,6,1165.48
14488,1064.28,1,1064.28
14489,463.38,1,463.38
14491,170.465,2,340.93
14493,476.648,5,2383.2400000000002
14494,139.56,1,139.56
14495,61.9,2,123.8
14496,269.40500000000003,2,538.8100000000001
14497,475.37,1,475.37
14498,391.464,5,1957.32
14499,269.48,3,808.44
14500,118.95,3,356.85
14501,125.605,2,251.21
14502,220.89363636363635,11,2429.83
14503,590.5433333333334,6,3543.26
14504,168.315,4,673.26
14505,732.42875,8,5859.43
14506,392.13,5,1960.65
14507,227.98000000000002,6,1367.88
14508,134.025,2,268.05
14511,262.962,5,1314.81
14512,137.64,2,275.28
14513,151.86333333333334,3,455.59000000000003
14514,330.06666666666666,3,990.2
14515,346.1483333333333,6,2076.89
14517,165.225,2,330.45
14518,174.37,1,174.37
14520,135.3,2,270.6
14522,243.635,4,974.54
14523,241.09,1,241.09
14524,204.87,9,1843.83
14525,468.4333333333333,9,4215.9
14527,154.6750909090909,55,8507.13
14528,364.21999999999997,1,364.21999999999997
14529,192.87,3,578.61
14530,477.0183333333334,6,2862.11
14532,233.2125,4,932.85
14533,278.5314285714286,7,1949.7200000000003
14534,244.29444444444445,18,4397.3
14535,951.6133333333333,3,2854.84
14536,170.95,1,170.95
14537,355.56,1,355.56
14538,194.125,2,388.25
14539,268.74,2,537.48
14540,317.55333333333334,3,952.6600000000001
14541,181.66875,8,1453.35
14542,103.25,1,103.25
14543,224.983125,16,3599.73
14544,1002.15,2,2004.3
14546,514.786,5,2573.93
14547,496.84375,8,3974.75
14548,326.4,2,652.8
14549,289.24,1,289.24
14550,378.685,2,757.37
14551,93.115,2,186.23
14552,164.22,1,164.22
14553,171.85399999999998,5,859.27
14554,569.8725000000001,4,2279.4900000000002
14555,156.27,2,312.54
14557,788.38,1,788.38
14560,101.71681818181818,22,2237.77
14561,360.25333333333333,3,1080.76
14562,278.1538888888889,18,5006.77
14565,774.78,4,3099.12
14566,1432.0,1,1432.0
14567,765.1800000000001,2,1530.3600000000001
14569,227.39,1,227.39
14570,109.03,2,218.06
14572,400.6485714285714,7,2804.54
14573,182.20222222222222,9,1639.82
14576,35.400000000000006,1,35.400000000000006
14577,214.9275,4,859.71
14578,168.63,1,168.63
14581,138.6,1,138.6
14582,114.11,1,114.11
14583,197.392,5,986.96
14584,258.265,4,1033.06
14585,157.05,1,157.05
14586,237.36,1,237.36
14587,175.58777777777777,9,1580.29
14589,39.75,1,39.75
14591,330.0525,4,1320.21
14592,185.98000000000002,3,557.94
14593,205.71666666666667,3,617.15
14594,181.665,2,363.33
14595,290.09999999999997,6,1740.6
14597,433.12,2,866.24
14598,221.97,1,221.97
14600,393.33000000000004,1,393.33000000000004
14601,213.96,1,213.96
14603,660.0,1,660.0
14606,129.8510752688172,93,12076.15
14607,1157.8214285714287,14,16209.500000000002
14608,446.2875,4,1785.15
14609,150.39,4,601.56
14616,135.36,3,406.08000000000004
14618,184.48000000000002,3,553.44
14619,394.44,1,394.44
14620,206.39000000000001,2,412.78000000000003
14621,357.672,5,1788.3600000000001
14622,320.58000000000004,1,320.58000000000004
14623,177.34,5,886.7
14624,112.925,2,225.85
14625,449.815,2,899.63
14626,697.8175,4,2791.27
14628,335.98,2,671.96
14629,477.63,2,955.26
14631,335.66,3,1006.98
14632,114.56,1,114.56
14633,344.90000000000003,1,344.90000000000003
14636,304.925,2,609.85
14638,443.6,1,443.6
14639,497.41499999999996,6,2984.49
14640,351.23,6,2107.38
14641,110.46,1,110.46
14642,96.12,1,96.12
14643,346.90500000000003,2,693.8100000000001
14644,415.38,2,830.76
14645,298.545,2,597.09
14646,3838.4386301369864,73,280206.02
14647,236.04000000000002,1,236.04000000000002
14649,350.6475,4,1402.59
14651,326.875,2,653.75
14652,114.18,1,114.18
14653,275.2357142857143,7,1926.6500000000003
14655,483.0575,4,1932.23
14656,145.525,2,291.05
14657,212.055,4,848.22
14658,123.575,2,247.15
14659,281.1033333333333,9,2529.93
14660,142.87,2,285.74
14661,107.95,1,107.95
14662,185.3425,4,741.37
14664,318.12,2,636.24
14665,367.14,5,1835.6999999999998
14666,195.25,1,195.25
14667,367.00160000000005,25,9175.04
14669,419.74666666666667,3,1259.24
14670,196.43,2,392.86
14672,382.775,2,765.55
14673,347.28000000000003,5,1736.4
14675,596.36,1,596.36
14676,424.7066666666667,6,2548.2400000000002
14680,1797.131875,16,28754.11
14681,166.31666666666666,3,498.95
14682,26.0,2,52.0
14684,240.302,5,1201.51
14687,628.38,1,628.38
14688,265.6714285714286,21,5579.1
14689,112.8,1,112.8
14690,177.525,2,355.05
14691,422.866,5,2114.33
14692,147.8875,4,591.55
14693,172.9,1,172.9
14696,296.99285714285713,7,2078.95
14697,94.30499999999999,2,188.60999999999999
14698,243.454,5,1217.27
14699,109.13000000000001,1,109.13000000000001
14700,731.6999999999999,3,2195.1
14701,280.6766666666667,9,2526.09
14702,191.28176470588235,17,3251.79
14703,318.17,1,318.17
14704,165.99555555555557,9,1493.96
14705,179.0,1,179.0
14708,375.45666666666665,3,1126.37
14709,378.54153846153844,13,4921.04
14710,149.87,4,599.48
14711,258.1472727272727,11,2839.62
14712,305.69,3,917.0699999999999
14713,242.0181818181818,11,2662.2
14714,160.19,1,160.19
14715,216.845,4,867.38
14716,153.755,2,307.51
14719,316.368,5,1581.84
14720,221.26999999999998,3,663.81
14722,180.42000000000002,1,180.42000000000002
14723,187.06000000000003,6,1122.3600000000001
14725,655.58,1,655.58
14727,268.58,1,268.58
14729,313.49,1,313.49
14730,237.19625,8,1897.57
14731,126.67333333333333,3,380.02
14732,337.81125000000003,8,2702.4900000000002
14733,798.8258333333333,12,9585.91
14735,189.5528125,32,6065.69
14737,388.18333333333334,3,1164.55
14738,187.77857142857144,7,1314.45
14739,557.4685714285714,7,3902.2799999999997
14740,482.7366666666667,3,1448.21
14741,233.39,6,1400.34
14744,157.14000000000001,7,1099.98
14745,244.052,5,1220.26
14747,328.2,1,328.2
14748,283.15,5,1415.75
14752,389.64,1,389.64
14753,563.15,1,563.15
14754,319.025,2,638.05
14755,455.47999999999996,11,5010.28
14756,738.96,1,738.96
14757,420.5,1,420.5
14758,371.015,4,1484.06
14759,541.99,3,1625.97
14760,89.2,1,89.2
14761,127.95,2,255.9
14762,300.52,1,300.52
14764,278.3,1,278.3
14765,84.70333333333333,3,254.11
14766,412.2283333333333,6,2473.37
14768,96.30000000000001,2,192.60000000000002
14769,1302.1225,8,10416.98
14770,438.21,2,876.42
14772,139.26,1,139.26
14775,337.3,3,1011.9000000000001
14776,230.75454545454548,11,2538.3
14778,365.43,2,730.86
14779,128.71666666666667,3,386.15
14780,223.84,2,447.68
14782,200.10000000000002,1,200.10000000000002
14784,144.995,2,289.99
14785,38.7,2,77.4
14788,339.71999999999997,2,679.4399999999999
14789,197.64,1,197.64
14790,186.265,4,745.06
14792,6.2,1,6.2
14793,228.99,1,228.99
14794,188.55857142857144,7,1319.91
14795,131.45000000000002,1,131.45000000000002
14796,469.1464705882353,17,7975.49
14798,57.913333333333334,3,173.74
14799,157.7,1,157.7
14800,360.9825,12,4331.79
14801,189.34,1,189.34
14803,281.84999999999997,3,845.55
14804,353.27,1,353.27
14805,136.6,4,546.4
14806,193.39000000000001,1,193.39000000000001
14808,339.825,8,2718.6
14810,189.57545454545453,11,2085.33
14813,76.44,2,152.88
14815,389.25,2,778.5
14816,271.85,1,271.85
14817,555.17,2,1110.34
14818,219.26666666666665,3,657.8
14819,136.035,2,272.07
14820,126.8225,4,507.29
14821,48.800000000000004,1,48.800000000000004
14823,107.14333333333333,3,321.43
14824,281.9275,4,1127.71
14825,185.08416666666668,12,2221.01
14828,713.2533333333334,3,2139.76
14829,174.3875,4,697.55
14830,188.88,1,188.88
14834,286.71666666666664,6,1720.2999999999997
14836,34.15,3,102.44999999999999
14837,412.375,4,1649.5
14840,62.85,1,62.85
14841,549.2933333333334,6,3295.76
14842,706.1725,4,2824.69
14844,797.4525,4,3189.81
14847,309.4,1,309.4
14849,317.2216,25,7930.540000000001
14850,325.75,1,325.75
14851,255.675,2,511.35
14852,472.7816666666667,6,2836.69
14853,237.9,2,475.8
14854,391.4328571428572,7,2740.03
14855,322.825,2,645.65
14856,430.1766666666667,3,1290.53
14857,586.56,2,1173.12
14859,338.435,4,1353.74
14860,170.32,1,170.32
14861,125.79,1,125.79
14862,420.59999999999997,2,841.1999999999999
14863,266.76,1,266.76
14865,26.1,2,52.2
14866,1199.1583333333333,12,14389.9
14867,236.76,3,710.28
14868,369.19875,8,2953.59
14869,360.725,2,721.45
14870,327.25,1,327.25
14871,125.32000000000001,4,501.28000000000003
14873,519.68,1,519.68
14875,732.6600000000001,2,1465.3200000000002
14878,164.01,9,1476.09
14880,230.1966666666667,3,690.59
14881,255.4,1,255.4
14882,294.85,2,589.7
14883,126.93166666666667,6,761.59
14885,765.3199999999999,1,765.3199999999999
14886,364.8,1,364.8
14887,1862.0,1,1862.0
14888,369.2,1,369.2
14889,135.9,1,135.9
14890,125.65,1,125.65
14891,277.19,2,554.38
14893,618.9250000000001,2,1237.8500000000001
14894,655.75,1,655.75
14895,556.9355,20,11138.710000000001
14896,234.38500000000002,2,468.77000000000004
14897,341.595,4,1366.38
14898,211.55166666666665,6,1269.31
14901,157.92111111111112,9,1421.29
14902,332.66,1,332.66
14903,559.066,5,2795.33
14904,512.72,2,1025.44
14905,308.075,2,616.15
14907,500.15714285714284,7,3501.1
14908,277.8,1,277.8
14910,108.5875,4,434.35
14911,714.980945273632,201,143711.17
14912,433.925,2,867.85
14913,306.8575,4,1227.43
14915,153.74,2,307.48
14916,317.245,4,1268.98
14918,805.075,2,1610.15
14920,488.885,2,977.77
14921,658.035,2,1316.07
14923,749.1,1,749.1
14924,310.05,1,310.05
14929,223.88,1,223.88
14930,787.6533333333333,3,2362.96
14931,251.536,5,1257.68
14932,363.53,1,363.53
14934,945.47,2,1890.94
14935,1784.71,1,1784.71
14936,1017.1275,8,8137.02
14937,540.6266666666667,3,1621.88
14944,491.6875,12,5900.25
14946,100.9,1,100.9
14947,145.41,2,290.82
14948,183.66166666666666,6,1101.97
14950,371.2,1,371.2
14951,311.69,1,311.69
14952,736.3172727272727,11,8099.49
14953,285.67,1,285.67
14954,294.85,1,294.85
14957,58.49,1,58.49
14958,161.2433333333333,3,483.7299999999999
14959,173.855,4,695.42
14960,110.635,2,221.27
14961,782.7422222222223,9,7044.68
14962,126.7,1,126.7
14963,294.46799999999996,5,1472.3399999999997
14964,206.21,1,206.21
14965,298.045,2,596.09
14966,183.02,1,183.02
14967,463.8,1,463.8
14968,147.59,1,147.59
14970,398.015,4,1592.06
14971,365.99333333333334,3,1097.98
14972,114.77,1,114.77
14973,438.15000000000003,3,1314.45
14974,89.94,1,89.94
14975,279.94,1,279.94
14976,112.98,7,790.86
14978,384.274,5,1921.37
14981,102.12,1,102.12
14984,101.185,2,202.37
14985,146.005,2,292.01
14987,163.2,2,326.4
14988,334.54,1,334.54
14995,115.99000000000001,2,231.98000000000002
14997,182.06666666666663,3,546.1999999999999
14998,207.435,2,414.87
15000,490.52,1,490.52
15002,410.44,4,1641.76
15004,1220.77,1,1220.77
15005,224.83464285714285,28,6295.37
15006,480.38,1,480.38
15007,156.91,1,156.91
15009,419.81,3,1259.43
15010,308.94,1,308.94
15012,202.52,2,405.04
15014,128.835,2,257.67
15016,170.04,1,170.04
15017,125.58,1,125.58
15018,165.40333333333334,3,496.21000000000004
15019,252.81,1,252.81
15021,207.97444444444443,9,1871.77
15022,213.0975,4,852.39
15023,610.9463636363636,11,6720.409999999999
15024,163.643,10,1636.43
15025,361.96,1,361.96
15026,156.33333333333334,3,469.0
15027,266.53749999999997,4,1066.1499999999999
15028,156.7825,4,627.13
15030,259.14,2,518.28
15031,163.2975,4,653.19
15032,1653.0333333333335,3,4959.1
15033,255.718,10,2557.18
15034,534.27,8,4274.16
15035,252.73000000000002,1,252.73000000000002
15036,143.18666666666667,3,429.56
15038,114.29,6,685.74
15039,420.5657446808511,47,19766.59
15041,179.93,1,179.93
15042,135.93,1,135.93
15043,537.0,1,537.0
15044,449.1017647058824,17,7634.7300000000005
15045,367.83,2,735.66
15046,339.36133333333333,15,5090.42
15047,343.62,1,343.62
15048,95.25,4,381.0
15049,121.17000000000002,1,121.17000000000002
15050,579.23,3,1737.69
15051,461.12000000000006,3,1383.3600000000001
15052,207.73000000000002,1,207.73000000000002
15053,231.3166666666667,3,693.95
15054,151.05,2,302.1
15057,744.75,2,1489.5
15058,191.14,11,2102.54
15059,148.63555555555556,9,1337.72
15060,73.5625,4,294.25
15061,1136.1279166666666,48,54534.14
15062,246.965,4,987.86
15063,370.79999999999995,1,370.79999999999995
15065,789.5325,4,3158.13
15066,893.59,1,893.59
15067,581.5866666666667,3,1744.7600000000002
15068,276.68,2,553.36
15069,1109.53,1,1109.53
15070,106.2,1,106.2
15071,491.035,2,982.07
15073,347.80333333333334,3,1043.41
15074,735.67,1,735.67
15075,773.03,1,773.03
15076,880.85,1,880.85
15078,304.4721875,32,9743.11
15079,223.9025,4,895.61
15081,100.96000000000001,5,504.80000000000007
15083,88.2,1,88.2
15087,306.94,1,306.94
15088,580.035,2,1160.07
15089,403.47333333333336,6,2420.84
15090,381.32,1,381.32
15091,480.71,1,480.71
15092,228.905,2,457.81
15093,766.1700000000001,6,4597.02
15095,342.65,4,1370.6
15096,219.39000000000001,1,219.39000000000001
15097,248.08,1,248.08
15098,13305.5,3,39916.5
15099,410.48,1,410.48
15100,292.0,3,876.0
15101,158.765,2,317.53
15103,351.68,2,703.36
15104,496.77,2,993.54
15105,328.4185714285714,7,2298.93
15106,284.504,5,1422.52
15107,53.25,6,319.5
15108,325.0625,4,1300.25
15109,484.95,1,484.95
15110,249.025,4,996.1
15111,522.4933333333333,3,1567.48
15113,1169.81,3,3509.43
15114,276.056,10,2760.56
15115,340.11,1,340.11
15116,338.1875,4,1352.75
15117,310.356,5,1551.78
15118,244.8,1,244.8
15119,266.4,1,266.4
15120,358.82,1,358.82
15121,228.86,2,457.72
15122,544.5933333333334,3,1633.7800000000002
15123,1099.655,2,2199.31
15124,92.095,2,184.19
15125,768.5653333333333,15,11528.48
15127,406.53,1,406.53
15128,367.75,4,1471.0
15129,313.40000000000003,11,3447.4000000000005
15130,330.11,1,330.11
15132,195.586,5,977.9300000000001
15133,327.4733333333333,3,982.4199999999998
15134,173.49875,8,1387.99
15135,139.05,1,139.05
15136,321.675,4,1286.7
15139,89.48,2,178.96
15140,336.32142857142856,7,2354.25
15142,498.74,1,498.74
15143,259.45,1,259.45
15144,387.0847058823529,17,6580.44
15145,298.6825,4,1194.73
15146,663.58,2,1327.16
15147,623.5,1,623.5
15148,301.29,1,301.29
15149,520.8000000000001,1,520.8000000000001
15150,529.133,10,5291.33
15152,365.0530769230769,13,4745.69
15153,329.25,1,329.25
15154,254.28,1,254.28
15156,320.49666666666667,3,961.49
15157,645.3566666666667,3,1936.0700000000002
15158,401.40000000000003,1,401.40000000000003
15159,621.3670000000001,30,18641.010000000002
15160,158.16,1,158.16
15163,152.235,2,304.47
15164,274.86,3,824.58
15165,487.75,1,487.75
15167,158.8,1,158.8
15168,106.56,1,106.56
15171,1289.5,1,1289.5
15172,324.81,5,1624.05
15174,135.75,1,135.75
15175,224.14,1,224.14
15178,40.5,1,40.5
15179,441.39,5,2206.95
15180,87.5,1,87.5
15181,229.82666666666663,3,689.4799999999999
15182,311.425,2,622.85
15184,201.1,2,402.2
15185,310.62,1,310.62
15186,205.705,2,411.41
15187,298.57375,16,4777.18
15189,395.74121951219513,41,16225.39
15192,348.1066666666666,3,1044.32
15193,499.32,1,499.32
15194,507.76866666666666,15,7616.53
15195,3861.0,1,3861.0
15197,359.87000000000006,3,1079.6100000000001
15198,96.82,2,193.64
15199,317.175,4,1268.7
15201,247.308,5,1236.54
15203,304.6333333333333,6,1827.8
15204,316.58,1,316.58
15205,326.62,2,653.24
15206,105.07499999999999,4,420.29999999999995
15208,174.024,5,870.12
15210,331.18,1,331.18
15211,447.20500000000004,2,894.4100000000001
15212,101.8,1,101.8
15213,164.175,2,328.35
15214,207.68,8,1661.44
15215,244.98000000000002,3,734.94
15216,96.6,1,96.6
15218,523.3536363636364,11,5756.89
15219,305.75,1,305.75
15220,296.49333333333334,6,1778.96
15221,403.25,1,403.25
15222,585.0,1,585.0
15223,377.875,2,755.75
15224,161.04,2,322.08
15225,409.40000000000003,1,409.40000000000003
15226,154.41,1,154.41
15227,243.88000000000002,5,1219.4
15228,846.6775,4,3386.71
15230,214.8,2,429.6
15232,306.03,2,612.06
15234,197.0,1,197.0
15235,187.29250000000002,12,2247.51
15236,321.05,1,321.05
15237,353.08,4,1412.32
15238,357.33,3,1071.99
15239,390.295,2,780.59
15240,341.31399999999996,5,1706.5699999999997
15241,219.555,8,1756.44
15243,316.68,1,316.68
15244,315.785,2,631.57
15245,838.6133333333333,3,2515.84
15246,257.075,2,514.15
15247,356.0,1,356.0
15249,514.496923076923,13,6688.46
15251,953.180909090909,11,10484.99
15252,370.39,2,740.78
15253,183.64,5,918.1999999999999
15254,300.36,1,300.36
15255,890.85,1,890.85
15256,98.45,1,98.45
15257,317.15,1,317.15
15258,311.58,2,623.16
15260,258.68142857142857,7,1810.77
15261,254.82,1,254.82
15262,178.95000000000002,1,178.95000000000002
15263,156.51,1,156.51
15264,393.74,1,393.74
15265,753.0600000000001,2,1506.1200000000001
15266,119.3,1,119.3
15267,343.472,5,1717.36
15269,408.8,1,408.8
15270,339.9271428571428,7,2379.49
15271,166.22266666666667,15,2493.34
15272,360.97,2,721.94
15274,358.285,2,716.57
15275,615.14,1,615.14
15276,128.63,1,128.63
15277,255.89999999999998,1,255.89999999999998
15279,290.51,1,290.51
15280,113.12,1,113.12
15281,259.1277777777778,9,2332.15
15286,240.55,1,240.55
15287,243.345,2,486.69
15288,461.304,5,2306.52
15289,313.26,3,939.78
15290,441.29,18,7943.22
15291,311.22,15,4668.3
15292,178.39,1,178.39
15296,612.1433333333333,6,3672.8599999999997
15297,213.98000000000002,3,641.94
15298,399.9916666666666,12,4799.9
15299,643.8585714285715,7,4507.01
15300,496.44,1,496.44
15301,420.82916666666665,12,5049.95
15303,574.02,1,574.02
15304,86.80000000000001,8,694.4000000000001
15306,391.45,3,1174.35
15307,205.3,1,205.3
15308,310.47,1,310.47
15311,666.2939560439561,91,60632.75000000001
15312,231.2125,4,924.85
15313,52.0,1,52.0
15314,327.97,1,327.97
15315,285.25,2,570.5
15316,165.0,1,165.0
15318,312.62,1,312.62
15319,204.5,1,204.5
15320,267.13,1,267.13
15321,916.1033333333334,3,2748.31
15322,679.68,1,679.68
15325,161.74,1,161.74
15326,311.71,1,311.71
15327,208.75,1,208.75
15329,349.90000000000003,3,1049.7
15330,357.48,2,714.96
15332,415.265,4,1661.06
15333,1028.56,1,1028.56
15334,116.94,3,350.82
15335,170.22,1,170.22
15339,287.035,2,574.07
15341,2020.52,1,2020.52
15342,406.09,1,406.09
15343,364.5,1,364.5
15344,187.98000000000002,3,563.94
15345,393.54,1,393.54
15346,252.42000000000002,1,252.42000000000002
15347,201.60000000000002,1,201.60000000000002
15348,158.04,1,158.04
15349,231.95499999999998,2,463.90999999999997
15350,115.65,1,115.65
15351,276.38,7,1934.6599999999999
15353,385.06,2,770.12
15355,138.525,2,277.05
15356,271.803,10,2718.0299999999997
15358,379.41818181818184,22,8347.2
15360,427.93,1,427.93
15361,418.92,1,418.92
15363,326.0,1,326.0
15364,456.595,2,913.19
15365,330.6171428571429,7,2314.32
15366,301.255,2,602.51
15367,469.3975,4,1877.59
15368,446.94000000000005,1,446.94000000000005
15370,340.86428571428576,7,2386.05
15372,2007.3999999999999,1,2007.3999999999999
15373,201.32583333333332,12,2415.91
15374,168.0,1,168.0
15376,407.18666666666667,3,1221.56
15379,529.0414285714286,7,3703.29
15380,338.052,5,1690.2600000000002
15381,298.425,2,596.85
15382,992.6183333333333,6,5955.71
15384,321.205,2,642.41
15385,316.88,1,316.88
15386,394.14,1,394.14
15388,140.54,1,140.54
15389,500.0,1,500.0
15392,383.8825,4,1535.53
15393,115.93,2,231.86
15394,545.885,4,2183.54
15395,107.45,1,107.45
15396,288.18,1,288.18
15397,94.0,1,94.0
15398,672.765,2,1345.53
15399,271.92333333333335,3,815.77
15400,143.24,5,716.2
15402,313.385,2,626.77
15405,349.1,1,349.1
15406,255.35500000000002,2,510.71000000000004
15407,261.685,4,1046.74
15408,267.18,1,267.18
15410,431.355,8,3450.84
15411,337.2325,4,1348.93
15412,190.53,1,190.53
15414,258.3,3,774.9000000000001
15415,559.61,1,559.61
15416,996.08,4,3984.32
15417,508.8,1,508.8
15419,135.86,1,135.86
15421,237.59,4,950.36
15422,48.85,2,97.7
15423,43.5,1,43.5
15424,191.67,2,383.34
15426,280.81399999999996,5,1404.0699999999997
15427,476.84666666666664,3,1430.54
15428,93.78,1,93.78
15429,198.675,2,397.35
15432,171.19,1,171.19
15433,266.65,2,533.3
15434,208.296,5,1041.48
15435,149.29,1,149.29
15436,355.9166666666667,3,1067.75
15437,200.16,1,200.16
15438,156.57999999999998,1,156.57999999999998
15440,127.89333333333333,3,383.68
15442,594.0,1,594.0
15443,459.0842857142857,7,3213.59
15444,705.605,2,1411.21
15445,113.5,1,113.5
15447,155.17,1,155.17
15448,494.64,1,494.64
15449,324.84,3,974.52
15450,429.84,1,429.84
15452,176.16,3,528.48
15453,195.96714285714285,7,1371.77
15454,179.1,1,179.1
15456,144.86333333333334,3,434.59000000000003
15457,237.07,1,237.07
15458,161.64,1,161.64
15460,214.26,1,214.26
15462,78.2,3,234.60000000000002
15463,126.14,1,126.14
15464,1044.65,1,1044.65
15465,408.59,18,7354.62
15466,334.53,1,334.53
15467,174.96,3,524.88
15468,233.755,2,467.51
15469,269.275,2,538.55
15471,454.48,1,454.48
15472,371.56,1,371.56
15473,253.02857142857144,7,1771.2
15475,454.10999999999996,1,454.10999999999996
15478,699.96,2,1399.92
15480,905.5,1,905.5
15482,906.6466666666666,12,10879.76
15483,56.315,4,225.26
15484,897.6025,4,3590.41
15485,854.8333333333334,3,2564.5
15488,91.32000000000001,1,91.32000000000001
15489,378.0933333333333,3,1134.28
15491,516.6816666666667,6,3100.09
15492,329.72999999999996,2,659.4599999999999
15493,390.682,5,1953.41
15494,640.29,2,1280.58
15497,631.1,2,1262.2
15498,493.2,27,13316.4
15500,282.89,4,1131.56
15502,865.4108333333334,12,10384.93
15503,141.04,1,141.04
15504,52.83,1,52.83
15505,722.192,5,3610.96
15506,324.0266666666667,3,972.0800000000002
15507,475.86,1,475.86
15508,166.71166666666667,6,1000.27
15510,250.0,1,250.0
15511,180.106,5,900.53
15512,60.5,2,121.0
15513,776.7484210526317,19,14758.220000000001
15514,365.7927272727273,11,4023.7200000000003
15516,20.81,3,62.42999999999999
15517,267.03,1,267.03
15518,240.19375,8,1921.55
15520,343.5,1,343.5
15521,375.025,8,3000.2
15522,198.995,2,397.99
15523,412.01000000000005,1,412.01000000000005
15524,440.0,1,440.0
15525,244.79,3,734.37
15526,74.22,2,148.44
15527,303.56625,8,2428.53
15528,229.33,1,229.33
15529,360.23636363636365,11,3962.6000000000004
15530,374.3275,4,1497.31
15531,986.195,2,1972.39
15532,391.1825,4,1564.73
15533,269.19,3,807.5699999999999
15535,125.725,4,502.9
15537,110.92,1,110.92
15539,538.46,1,538.46
15540,213.3,1,213.3
15541,85.13000000000001,1,85.13000000000001
15543,127.86,1,127.86
15544,394.0788888888889,9,3546.71
15545,144.48499999999999,2,288.96999999999997
15547,350.75714285714287,14,4910.6
15549,560.4866666666667,3,1681.46
15550,143.9075,4,575.63
15551,436.06,1,436.06
15552,90.12,1,90.12
15553,428.93,1,428.93
15554,217.2,1,217.2
15555,299.67875,16,4794.86
15556,279.77,1,279.77
15557,468.91,1,468.91
15561,200.1475,4,800.59
15562,134.55,1,134.55
15563,350.11,4,1400.44
15565,86.58,2,173.16
15567,186.01,1,186.01
15568,252.76333333333332,3,758.29
15569,275.142,5,1375.71
15570,345.73499999999996,12,4148.82
15571,162.60750000000002,4,650.4300000000001
15572,361.9171428571429,7,2533.42
15573,295.59499999999997,2,591.1899999999999
15574,168.91,4,675.64
15576,921.37,1,921.37
15577,86.29333333333334,3,258.88
15578,127.1,1,127.1
15579,163.8,2,327.6
15581,282.7515384615385,13,3675.77
15582,227.63666666666668,3,682.9100000000001
15584,180.215,4,720.86
15585,455.3,1,455.3
15587,228.42000000000002,4,913.6800000000001
15589,159.51000000000002,3,478.5300000000001
15592,388.58,1,388.58
15593,199.8,1,199.8
15594,354.356,5,1771.78
15596,281.318,5,1406.59
15597,324.57,1,324.57
15598,240.68,1,240.68
15599,380.87,2,761.74
15601,484.04,14,6776.56
15602,144.20777777777778,9,1297.87
15603,48.480000000000004,1,48.480000000000004
15604,216.39,1,216.39
15605,239.64600000000002,5,1198.23
15606,324.4622222222222,9,2920.16
15607,104.76,1,104.76
15608,273.42,4,1093.68
15609,298.48,1,298.48
15610,112.46000000000001,1,112.46000000000001
15611,122.41923076923078,13,1591.45
15612,97.575,2,195.15
15615,452.1626086956522,23,10399.74
15618,194.21275,4,776.851
15619,336.40000000000003,1,336.40000000000003
15620,517.7266666666667,3,1553.18
15621,323.2575,4,1293.03
15622,412.17333333333335,9,3709.56
15623,301.03,1,301.03
15624,147.0325,4,588.13
15625,383.565,4,1534.26
15626,337.9,2,675.8
15628,318.91555555555556,9,2870.24
15630,593.175,2,1186.35
15632,410.66375,8,3285.31
15634,243.55,1,243.55
15636,362.38,2,724.76
15637,223.36,1,223.36
15639,425.32,1,425.32
15640,827.7406666666667,15,12416.11
15641,471.8,4,1887.2
15643,221.33333333333334,3,664.0
15644,200.885,4,803.54
15645,612.01,1,612.01
15646,149.21333333333334,3,447.64
15648,319.75,2,639.5
15649,408.0,2,816.0
15651,215.4333333333333,3,646.3
15652,337.74,1,337.74
15653,438.71999999999997,2,877.4399999999999
15654,461.265,2,922.53
15655,560.67,1,560.67
15656,187.125,4,748.5
15657,30.0,1,30.0
15658,204.82000000000002,5,1024.1000000000001
15659,306.45,1,306.45
15660,177.87333333333333,9,1600.8600000000001
15661,154.9,2,309.8
15663,138.14,1,138.14
15664,386.43,1,386.43
15665,1111.105,2,2222.21
15667,301.32,1,301.32
15668,76.32000000000001,1,76.32000000000001
15669,171.085,4,684.34
15670,173.05,1,173.05
15671,379.59000000000003,7,2657.13
15673,681.5575,4,2726.23
15674,489.32,5,2446.6
15675,107.89666666666666,3,323.69
15676,1145.2533333333333,3,3435.76
15677,657.23,1,657.23
15678,352.7,1,352.7
15679,195.32,4,781.28
15680,444.56,3,1333.68
15681,285.232,5,1426.16
15683,193.75,1,193.75
15687,332.56666666666666,9,2993.1
15689,127.05,2,254.1
15690,119.88,2,239.76
15691,136.8,1,136.8
15692,191.04,1,191.04
15694,462.8142857142857,14,6479.4
15695,204.99,2,409.98
15696,338.88875,8,2711.11
15699,309.65,1,309.65
15700,348.34,2,696.68
15701,382.25,4,1529.0
15703,211.5,1,211.5
15704,573.405,4,2293.62
15705,143.1,1,143.1
15706,265.14,4,1060.56
15707,229.245,4,916.98
15708,462.17857142857144,7,3235.25
15709,133.25,1,133.25
15712,214.47200000000004,5,1072.3600000000001
15713,178.35,2,356.7
15714,165.01500000000001,2,330.03000000000003
15716,275.27750000000003,4,1101.1100000000001
15717,150.3,1,150.3
15719,386.92846153846153,13,5030.07
15720,598.73,1,598.73
15721,471.40000000000003,1,471.40000000000003
15722,442.242,5,2211.21
15723,190.7,1,190.7
15724,109.125,2,218.25
15725,415.25,1,415.25
15727,737.0085714285715,7,5159.06
15729,85.0,1,85.0
15730,373.6266666666667,3,1120.88
15732,147.06,2,294.12
15733,162.3,1,162.3
15734,669.725,2,1339.45
15737,148.51500000000001,8,1188.1200000000001
15738,300.77625,16,4812.42
15739,449.12,1,449.12
15740,154.88,1,154.88
15743,193.99,4,775.96
15744,34.8,1,34.8
15745,273.6475,4,1094.59
15746,196.88,1,196.88
15747,315.5466666666667,3,946.6400000000001
15748,144.36,1,144.36
15749,14844.766666666668,3,44534.3
15750,307.88125,8,2463.05
15752,375.2285714285714,7,2626.6
15753,79.2,1,79.2
15754,152.85666666666665,3,458.56999999999994
15755,394.0416666666667,6,2364.25
15756,132.0025,4,528.01
15757,357.21,2,714.42
15758,205.25,1,205.25
15759,84.34666666666666,3,253.04
15762,291.875,2,583.75
15763,543.46,2,1086.92
15764,546.6616666666666,6,3279.97
15766,315.06,1,315.06
15768,207.27666666666664,3,621.8299999999999
15769,2163.566153846154,26,56252.72000000001
15773,635.6800000000001,1,635.6800000000001
15774,270.8,1,270.8
15775,104.9,1,104.9
15776,241.62,1,241.62
15777,261.7775,4,1047.11
15780,158.42666666666668,3,475.28000000000003
15781,115.15333333333332,3,345.46
15782,871.58,3,2614.7400000000002
15783,246.3,1,246.3
15785,465.79400000000004,5,2328.9700000000003
15786,1639.6666666666667,3,4919.0
15787,311.08666666666664,3,933.26
15789,351.3,1,351.3
15790,218.75,1,218.75
15791,806.345,2,1612.69
15793,321.87,3,965.61
15795,610.01,1,610.01
15796,338.57625,8,2708.61
15797,551.85,4,2207.4
15799,294.7133333333333,3,884.1399999999999
15800,348.445,2,696.89
15801,354.65000000000003,3,1063.95
15802,451.42,1,451.42
15803,415.82000000000005,1,415.82000000000005
15804,323.5684615384616,13,4206.39
15805,322.83411764705886,17,5488.18
15806,261.5266666666667,3,784.5800000000002
15807,301.3,3,903.9000000000001
15808,912.8175,4,3651.27
15809,103.154,5,515.77
15810,347.995,4,1391.98
15811,369.77,6,2218.62
15812,360.228,5,1801.14
15813,651.9549999999999,2,1303.9099999999999
15814,486.3325,4,1945.33
15815,420.12,5,2100.6
15819,476.3625,4,1905.45
15820,206.98,1,206.98
15821,285.48,2,570.96
15822,442.735,2,885.47
15823,15.0,1,15.0
15825,532.94,1,532.94
15826,551.4366666666666,3,1654.31
15827,131.14928571428572,14,1836.0900000000001
15829,318.07,2,636.14
15830,576.0,1,576.0
15831,264.88,3,794.64
15832,836.79,1,836.79
15834,556.2875,4,2225.15
15835,238.5225,4,954.09
15836,137.37,1,137.37
15837,391.98,1,391.98
15838,1770.6884210526316,19,33643.08
15839,349.49666666666667,3,1048.49
15840,177.78,2,355.56
15841,306.015,4,1224.06
15843,118.95000000000002,1,118.95000000000002
15844,130.73999999999998,1,130.73999999999998
15845,463.97125,8,3711.77
15847,194.635,2,389.27
15850,117.44,2,234.88
15852,80.355,2,160.71
15853,110.8,1,110.8
15854,247.42666666666665,12,2969.12
15855,142.448,5,712.24
15856,597.9125925925925,27,16143.64
15857,297.0,1,297.0
15858,285.514,5,1427.5700000000002
15860,120.645,8,965.16
15861,393.365,8,3146.92
15862,208.22,4,832.88
15863,34.42,2,68.84
15864,322.72,6,1936.3200000000002
15865,298.37666666666667,3,895.13
15866,211.89,1,211.89
15867,254.00933333333333,15,3810.14
15869,74.82,2,149.64
15870,351.44,1,351.44
15872,158.125,2,316.25
15874,629.4114285714286,7,4405.88
15877,245.165,2,490.33
15880,329.03000000000003,1,329.03000000000003
15881,100.278,5,501.39000000000004
15882,129.09,4,516.36
15883,198.24,2,396.48
15885,126.45,3,379.35
15886,181.09,1,181.09
15888,168.31,1,168.31
15889,210.035,2,420.07
15891,511.68,1,511.68
15894,129.125,2,258.25
15895,179.17,1,179.17
15897,104.295,2,208.59
15898,276.76599999999996,5,1383.83
15899,56.25,1,56.25
15900,337.28,1,337.28
15901,117.24333333333334,3,351.73
15903,732.3942857142857,7,5126.76
15904,164.68,1,164.68
15906,223.9557142857143,7,1567.69
15907,294.24,3,882.72
15909,191.94,1,191.94
15910,153.61,8,1228.88
15912,132.31,2,264.62
15916,187.85750000000002,8,1502.8600000000001
15917,123.1,1,123.1
15918,167.115,2,334.23
15919,262.845,2,525.69
15920,41.875,4,167.5
15921,323.03000000000003,1,323.03000000000003
15922,369.5,1,369.5
15923,127.08,1,127.08
15925,207.15,1,207.15
15930,426.63,1,426.63
15932,311.98375,8,2495.87
15933,369.15333333333336,3,1107.46
15935,208.43,2,416.86
15937,145.35,1,145.35
15938,80.916,5,404.58
15939,407.6673333333334,15,6115.01
15940,35.8,1,35.8
15942,337.44,1,337.44
15944,325.1,1,325.1
15945,181.0,1,181.0
15947,1708.24,1,1708.24
15948,477.62,2,955.24
15949,182.36,2,364.72
15950,436.1775,4,1744.71
15951,354.11,2,708.22
15952,195.4775,4,781.91
15953,207.16,8,1657.28
15955,315.44714285714286,14,4416.26
15957,428.89,1,428.89
15958,104.35,1,104.35
15963,235.38,2,470.76
15965,202.2175,4,808.87
15967,198.84,2,397.68
15969,222.03333333333333,3,666.1
15970,314.1,1,314.1
15971,349.9875,12,4199.85
15973,307.82000000000005,1,307.82000000000005
15974,491.7357142857143,7,3442.15
15975,371.01,1,371.01
15976,213.82,2,427.64
15977,527.365,2,1054.73
15978,1098.78,1,1098.78
15980,799.62,3,2398.86
15981,426.06,8,3408.48
15983,366.28,4,1465.12
15984,278.063,10,2780.63
15985,571.21,2,1142.42
15986,168.12,1,168.12
15987,204.68142857142857,7,1432.77
15988,156.78,1,156.78
15990,396.055,2,792.11
15992,41.989999999999995,1,41.989999999999995
15993,396.81,7,2777.67
15994,414.27,1,414.27
15996,172.09666666666666,6,1032.58
15998,616.044,5,3080.22
16000,4131.233333333334,3,12393.7
16003,547.074,5,2735.37
16005,144.6775,4,578.71
16006,101.4,1,101.4
16007,423.4525,4,1693.81
16008,159.59333333333333,3,478.78
16009,243.0275,4,972.11
16010,130.79999999999998,3,392.4
16011,209.56,16,3352.96
16012,471.7633333333333,3,1415.29
16013,790.0127659574467,47,37130.6
16014,215.61,3,646.83
16015,234.85,3,704.55
16016,183.18875,8,1465.51
16017,211.88,1,211.88
16018,204.45000000000002,2,408.90000000000003
16019,420.6933333333334,9,3786.2400000000007
16020,283.67,3,851.01
16022,602.63,1,602.63
16023,239.93666666666664,3,719.81
16024,251.03,1,251.03
16025,439.65999999999997,1,439.65999999999997
16026,236.09,1,236.09
16027,155.77,6,934.6200000000001
16029,1283.3466666666666,63,80850.84
16030,331.24,1,331.24
16031,273.95,2,547.9
16033,438.941,20,8778.82
16034,145.9,3,437.70000000000005
16036,379.46,2,758.92
16037,285.00666666666666,3,855.02
16038,157.26000000000002,3,471.7800000000001
16040,437.84999999999997,3,1313.55
16041,1055.4666666666667,3,3166.4
16042,235.494,5,1177.47
16043,193.4975,4,773.99
16045,335.175,4,1340.7
16048,128.22,2,256.44
16049,358.27,3,1074.81
16050,137.9,1,137.9
16052,362.06,1,362.06
16053,755.975,2,1511.95
16054,783.9,1,783.9
16055,134.8,1,134.8
16056,650.75,1,650.75
16057,323.30285714285714,7,2263.12
16059,242.19333333333336,6,1453.16
16062,288.405,4,1153.62
16063,335.32,1,335.32
16065,367.14,1,367.14
16066,304.20799999999997,5,1521.04
16070,426.075,2,852.15
16071,326.24,1,326.24
16072,584.3199999999999,1,584.3199999999999
16073,122.39999999999999,1,122.39999999999999
16076,223.473,10,2234.73
16078,79.2,1,79.2
16079,450.6666666666667,3,1352.0
16080,108.58,2,217.16
16081,559.884,5,2799.42
16083,658.81,2,1317.62
16084,436.18,1,436.18
16085,196.302,5,981.51
16086,224.27800000000002,5,1121.39
16091,157.53,2,315.06
16092,272.62,3,817.86
16093,17.0,1,17.0
16094,269.5575,4,1078.23
16096,320.62,1,320.62
16097,185.04999999999998,1,185.04999999999998
16098,286.5185714285714,7,2005.6299999999999
16099,243.96666666666667,3,731.9
16101,1290.7,1,1290.7
16102,614.0466666666667,3,1842.1400000000003
16103,238.27333333333334,6,1429.64
16104,298.21,1,298.21
16105,336.96,1,336.96
16106,108.38,1,108.38
16107,457.7371428571429,7,3204.1600000000003
16108,842.5,1,842.5
16109,305.94,2,611.88
16110,440.31666666666666,3,1320.95
16112,48.934999999999995,4,195.73999999999998
16113,161.38,1,161.38
16114,135.75000000000003,1,135.75000000000003
16115,207.60999999999999,8,1660.8799999999999
16116,612.78,1,612.78
16117,232.21,1,232.21
16119,211.68,2,423.36
16120,327.285,4,1309.14
16121,427.33,2,854.66
16122,171.10500000000002,4,684.4200000000001
16123,307.78,1,307.78
16124,249.0,1,249.0
16125,289.35,1,289.35
16126,1571.9425,4,6287.77
16127,656.25,1,656.25
16128,376.044,5,1880.2199999999998
16131,584.4233333333333,6,3506.54
16133,442.09212121212124,33,14589.04
16134,309.045,2,618.09
16135,517.55,1,517.55
16136,236.46,3,709.38
16139,211.8033333333333,3,635.41
16140,362.59,2,725.18
16141,620.4,1,620.4
16142,535.34,1,535.34
16143,404.1566666666667,6,2424.94
16144,175.2,1,175.2
16145,345.40818181818184,11,3799.4900000000002
16146,244.71,3,734.13
16147,375.0,1,375.0
16148,76.32000000000001,1,76.32000000000001
16149,140.26,2,280.52
16150,410.604,5,2053.02
16152,1829.04,1,1829.04
16153,364.846,5,1824.23
16156,343.56,9,3092.04
16157,218.89666666666668,3,656.69
16159,348.2,1,348.2
16160,512.72,2,1025.44
16161,291.2457894736842,19,5533.67
16162,37.4,1,37.4
16163,428.3,2,856.6
16164,274.16,3,822.48
16168,140.28148148148148,27,3787.6
16169,455.7425,4,1822.97
16170,314.175,6,1885.0500000000002
16171,73.2,1,73.2
16172,228.042,5,1140.21
16173,236.38666666666666,6,1418.32
16174,336.5166666666667,3,1009.5500000000002
16175,259.3975,4,1037.59
16177,331.95,1,331.95
16178,197.9,1,197.9
16179,215.83,1,215.83
16180,1281.7725,8,10254.18
16181,305.54,1,305.54
16182,1654.4125,4,6617.65
16183,338.71000000000004,1,338.71000000000004
16184,193.13166666666666,6,1158.79
16185,264.705,2,529.41
16186,333.9116666666667,12,4006.9400000000005
16187,460.7626666666667,15,6911.4400000000005
16188,245.465,4,981.86
16189,107.74,2,215.48
16190,215.08,1,215.08
16191,398.5015384615385,13,5180.52
16193,314.45,1,314.45
16198,400.68100000000004,1,400.68100000000004
16200,534.4350000000001,2,1068.8700000000001
16201,465.8675,4,1863.47
16202,365.27,1,365.27
16203,148.225,4,592.9
16204,384.18,1,384.18
16205,189.4075,4,757.63
16206,134.26500000000001,4,537.0600000000001
16207,394.38,1,394.38
16208,332.13,2,664.26
16209,452.524,5,2262.62
16210,1171.461111111111,18,21086.3
16211,547.02,1,547.02
16212,345.17,2,690.34
16213,159.0,1,159.0
16214,354.25,3,1062.75
16215,242.35,1,242.35
16216,914.9300000000001,1,914.9300000000001
16217,152.125,2,304.25
16218,440.6685714285714,7,3084.68
16221,286.9533333333333,3,860.8599999999999
16222,773.5500000000001,1,773.5500000000001
16224,323.825,4,1295.3
16225,219.26399999999998,5,1096.32
16226,85.04,3,255.12
16227,314.22,1,314.22
16229,505.3,2,1010.6
16230,271.015,2,542.03
16232,247.72,4,990.88
16233,178.89333333333335,3,536.6800000000001
16235,173.462,5,867.31
16236,432.2,1,432.2
16239,207.1,2,414.2
16240,1859.4,2,3718.8
16241,199.2546153846154,13,2590.31
16242,511.40857142857146,7,3579.86
16243,204.55,2,409.1
16244,761.375,2,1522.75
16245,471.22,3,1413.66
16247,114.56,1,114.56
16248,152.94,1,152.94
16249,360.014,5,1800.0700000000002
16250,194.72,2,389.44
16253,1841.93,2,3683.86
16255,327.48875,8,2619.91
16256,752.4300000000001,1,752.4300000000001
16257,46.95,1,46.95
16258,1040.702,5,5203.51
16260,1035.45,1,1035.45
16261,182.135,4,728.54
16265,605.2222222222222,9,5447.0
16266,123.12714285714286,7,861.89
16268,333.825,2,667.65
16270,1141.24,1,1141.24
16271,280.928,5,1404.6399999999999
16272,411.7,1,411.7
16274,351.75,1,351.75
16275,559.87,1,559.87
16276,810.6000000000001,1,810.6000000000001
16278,566.38,1,566.38
16279,500.9266666666667,3,1502.78
16281,2062.06,1,2062.06
16282,168.3,1,168.3
16283,314.162,5,1570.81
16284,406.34,2,812.68
16287,142.5,1,142.5
16292,302.25,1,302.25
16293,224.89900000000003,10,2248.9900000000002
16295,332.1375,4,1328.55
16297,301.9,1,301.9
16298,199.4,3,598.2
16302,233.22,1,233.22
16303,1786.8766666666668,3,5360.63
16305,361.21999999999997,1,361.21999999999997
16306,105.37833333333333,6,632.27
16308,640.0,4,2560.0
16309,353.285,2,706.57
16311,308.13,2,616.26
16313,137.07500000000002,2,274.15000000000003
16315,226.37,1,226.37
16316,367.36375,8,2938.91
16317,447.2166666666667,3,1341.65
16318,328.15,1,328.15
16319,404.40000000000003,1,404.40000000000003
16320,519.23,2,1038.46
16321,74.73,5,373.65000000000003
16322,163.375,2,326.75
16323,207.50000000000003,1,207.50000000000003
16324,136.1966666666667,3,408.59000000000003
16325,198.08,3,594.24
16326,217.08714285714288,14,3039.2200000000003
16327,636.7116666666667,6,3820.2700000000004
16330,83.97,3,251.91
16332,226.1142857142857,7,1582.8
16333,1210.3090909090909,22,26626.8
16337,151.05,1,151.05
16338,214.79999999999998,1,214.79999999999998
16339,94.05,1,94.05
16340,534.31,1,534.31
16341,492.9675,4,1971.87
16342,80.6025,4,322.41
16343,164.29,2,328.58
16344,101.10000000000001,1,101.10000000000001
16345,565.46,1,565.46
16347,423.725,2,847.45
16348,202.2357142857143,7,1415.65
16349,53.5,1,53.5
16350,279.1175,4,1116.47
16351,153.9,1,153.9
16352,247.22,2,494.44
16353,290.24826086956523,23,6675.71
16354,197.9,2,395.8
16356,70.59,3,211.77
16357,219.62666666666667,3,658.88
16358,506.875,4,2027.5
16359,194.54666666666668,9,1750.92
16360,575.0683333333333,6,3450.41
16361,222.8025,4,891.21
16362,141.998,5,709.99
16363,109.36000000000001,1,109.36000000000001
16364,352.895,2,705.79
16365,171.1577777777778,9,1540.42
16366,327.3,1,327.3
16367,400.335,2,800.67
16368,239.955,2,479.91
16369,515.1366666666667,3,1545.4099999999999
16370,325.4775,4,1301.91
16372,177.865,2,355.73
16374,233.365,2,466.73
16376,487.48,2,974.96
16377,676.2,1,676.2
16378,120.98333333333333,3,362.95
16379,539.35,4,2157.4
16380,1743.1499999999999,1,1743.1499999999999
16383,321.88,2,643.76
16384,292.25,2,584.5
16385,184.95333333333335,3,554.86
16386,151.285,2,302.57
16387,94.36,1,94.36
16389,345.5175,4,1382.07
16392,217.89,1,217.89
16393,233.92000000000002,13,3040.96
16394,311.068,5,1555.34
16395,296.412,5,1482.06
16398,852.9,2,1705.8
16399,204.01,2,408.02
16400,303.93,1,303.93
16401,341.52666666666664,12,4098.32
16402,146.725,2,293.45
16403,177.5,1,177.5
16404,443.05,1,443.05
16405,83.625,2,167.25
16406,154.35,1,154.35
16407,207.968,10,2079.68
16409,404.596,5,2022.98
16411,105.85,2,211.7
16412,135.99,1,135.99
16413,262.2,1,262.2
16414,63.125,2,126.25
16415,200.27,1,200.27
16416,350.4666666666667,3,1051.4
16418,210.37333333333333,3,631.12
16419,159.785,6,958.71
16422,680.086274509804,51,34684.4
16423,346.12,1,346.12
16424,133.56,1,133.56
16425,302.7,1,302.7
16426,186.376,10,1863.76
16427,120.53,2,241.06
16429,284.55,1,284.55
16430,300.85,1,300.85
16431,207.76,3,623.28
16432,287.4,1,287.4
16433,184.26,1,184.26
16434,215.97142857142856,7,1511.8
16438,159.67000000000002,5,798.3500000000001
16440,728.134,5,3640.67
16441,190.6,2,381.2
16442,203.1,3,609.3
16444,163.6675,4,654.67
16445,230.51,1,230.51
16446,84236.25,2,168472.5
16447,255.91,1,255.91
16448,182.99,1,182.99
16449,353.845,2,707.69
16450,311.92,1,311.92
16451,266.97,1,266.97
16454,3.45,2,6.9
16455,263.0257142857143,7,1841.18
16456,431.63599999999997,5,2158.18
16457,208.36,1,208.36
16458,193.48555555555558,18,3482.7400000000002
16460,270.41,3,811.23
16461,142.92,1,142.92
16462,45.333333333333336,3,136.0
16463,355.6,4,1422.4
16464,432.8866666666667,3,1298.66
16466,227.99428571428572,7,1595.96
16468,74.9,1,74.9
16469,156.355,4,625.42
16470,188.1925,4,752.77
16471,223.95000000000002,1,223.95000000000002
16473,105.37,3,316.11
16474,258.6642857142857,7,1810.65
16475,136.075,4,544.3
16477,356.3514285714286,7,2494.46
16478,110.33333333333333,3,331.0
16479,150.415,2,300.83
16480,769.29,1,769.29
16482,220.62,1,220.62
16483,139.35,1,139.35
16484,202.15,2,404.3
16485,363.65,1,363.65
16488,166.26666666666668,3,498.80000000000007
16491,731.5,1,731.5
16493,337.9075,4,1351.63
16494,826.53,1,826.53
16495,216.08666666666667,3,648.26
16496,533.1733333333333,3,1599.52
16497,494.2816666666667,6,2965.69
16498,50.485,2,100.97
16499,182.725,2,365.45
16500,66.81,6,400.86
16503,357.9825,4,1431.93
16504,465.88,1,465.88
16505,777.6,1,777.6
16506,45.150000000000006,2,90.30000000000001
16509,363.7,1,363.7
16510,248.1,1,248.1
16511,306.11,3,918.33
16513,218.6475,4,874.59
16515,324.82800000000003,5,1624.14
16516,101.69999999999999,1,101.69999999999999
16517,162.7,1,162.7
16518,242.16,2,484.32
16519,107.53999999999999,2,215.07999999999998
16520,348.8566666666666,3,1046.57
16523,448.4985714285715,21,9418.470000000001
16525,501.0557692307693,26,13027.45
16526,290.36,1,290.36
16527,228.06,1,228.06
16528,244.41,1,244.41
16529,455.25,1,455.25
16531,177.79857142857142,7,1244.59
16532,2249.6,3,6748.799999999999
16533,360.93666666666667,3,1082.81
16535,593.75,1,593.75
16536,548.12,1,548.12
16539,347.2025,4,1388.81
16542,119.62,1,119.62
16545,339.3,1,339.3
16546,393.575,2,787.15
16549,403.49,10,4034.9
16550,459.794,5,2298.97
16551,307.37333333333333,3,922.12
16552,189.865,2,379.73
16553,476.65166666666664,12,5719.82
16554,279.03333333333336,3,837.1000000000001
16555,142.945,2,285.89
16556,473.3985714285714,7,3313.79
16557,140.925,2,281.85
16558,416.92449999999997,20,8338.49
16560,420.705,2,841.41
16561,255.56,2,511.12
16563,1077.74,1,1077.74
16565,173.7,1,173.7
16566,122.93199999999999,5,614.66
16567,432.8,2,865.6
16569,124.2,1,124.2
16570,373.84000000000003,10,3738.4000000000005
16571,473.8966666666667,3,1421.69
16572,336.53333333333336,3,1009.6000000000001
16573,331.805,2,663.61
16574,451.44,1,451.44
16581,105.84,1,105.84
16582,313.62,1,313.62
16583,233.45,1,233.45
16584,468.04,2,936.08
16586,463.95,1,463.95
16587,225.15,1,225.15
16589,153.08,3,459.24
16591,213.5,1,213.5
16592,257.105,16,4113.68
16593,110.00999999999999,3,330.03
16594,181.09,1,181.09
16595,360.16,1,360.16
16596,125.075,2,250.15
16597,90.04,1,90.04
16598,145.04999999999998,1,145.04999999999998
16600,135.58666666666667,6,813.52
16601,242.7,1,242.7
16602,528.08,1,528.08
16603,241.235,2,482.47
16607,239.12214285714285,14,3347.71
16609,784.78,7,5493.46
16610,75.66,1,75.66
16611,129.49,1,129.49
16612,296.915,4,1187.66
16613,618.59,1,618.59
16614,506.19,1,506.19
16616,250.21,2,500.42
16617,151.85,1,151.85
16618,529.518,5,2647.59
16619,226.21,1,226.21
16620,89.48,2,178.96
16621,203.37,4,813.48
16623,129.45,1,129.45
16624,405.28499999999997,2,810.5699999999999
16625,333.08,1,333.08
16626,259.59411764705885,17,4413.1
16627,322.8,1,322.8
16628,437.61,5,2188.05
16629,204.315,2,408.63
16633,480.51666666666665,6,2883.1
16634,108.95,2,217.9
16637,288.6175,4,1154.47
16638,168.072,10,1680.72
16639,419.17,3,1257.51
16641,231.10000000000002,1,231.10000000000002
16642,344.165,2,688.33
16643,487.51,1,487.51
16644,416.89,2,833.78
16647,107.03,2,214.06
16648,290.65999999999997,1,290.65999999999997
16650,518.42,1,518.42
16652,967.71,7,6773.97
16653,606.33,2,1212.66
16654,150.3175,4,601.27
16655,631.5866666666667,6,3789.5200000000004
16656,575.0533333333333,15,8625.8
16657,218.6075,4,874.43
16658,123.24,1,123.24
16659,39.12,1,39.12
16660,316.91249999999997,4,1267.6499999999999
16665,135.39999999999998,1,135.39999999999998
16666,118.98,1,118.98
16667,283.59000000000003,2,567.1800000000001
16668,51.12,6,306.71999999999997
16669,449.6266666666667,3,1348.88
16670,372.3545454545455,11,4095.9
16671,564.09,3,1692.27
16672,406.747,20,8134.9400000000005
16674,152.12,2,304.24
16676,398.03000000000003,4,1592.1200000000001
16678,259.1658333333333,12,3109.99
16679,129.75,1,129.75
16680,183.7,1,183.7
16681,295.0566666666667,6,1770.3400000000001
16682,205.6,5,1028.0
16684,2380.4842857142858,28,66653.56
16685,162.12,2,324.24
16686,422.84000000000003,7,2959.88
16688,315.215,4,1260.86
16689,211.29999999999998,2,422.59999999999997
16690,112.78999999999999,2,225.57999999999998
16692,638.0,2,1276.0
16693,238.93,2,477.86
16696,164.47500000000002,4,657.9000000000001
16697,112.75,1,112.75
16698,999.0,2,1998.0
16700,390.50384615384615,13,5076.55
16701,415.25384615384615,13,5398.3
16705,701.7495,20,14034.99
16706,177.11666666666667,3,531.35
16708,656.63,1,656.63
16709,605.9739999999999,5,3029.87
16710,246.79899999999998,10,2467.99
16711,330.206,5,1651.0300000000002
16712,328.3009090909091,11,3611.31
16713,460.71866666666665,15,6910.78
16714,376.3533333333333,3,1129.06
16715,301.71999999999997,1,301.71999999999997
16716,450.6,2,901.2
16717,640.5133333333333,6,3843.08
16718,606.0500000000001,1,606.0500000000001
16719,252.88857142857142,7,1770.22
16720,152.95,1,152.95
16721,292.47,1,292.47
16722,363.90846153846155,13,4730.81
16723,288.2,2,576.4
16725,108.32428571428571,7,758.27
16726,271.748,5,1358.74
16727,256.32,1,256.32
16728,262.07,4,1048.28
16729,343.11095238095237,21,7205.33
16730,247.70333333333335,3,743.11
16732,603.75,1,603.75
16734,215.58666666666667,3,646.76
16735,449.48199999999997,5,2247.41
16737,417.59999999999997,1,417.59999999999997
16738,3.75,1,3.75
16739,323.0,1,323.0
16742,464.9,1,464.9
16743,316.1614285714286,7,2213.13
16744,184.55857142857144,7,1291.91
16745,422.3941176470588,17,7180.7
16746,371.1172222222222,18,6680.11
16747,418.03,2,836.06
16748,303.18,5,1515.9
16750,124.78599999999999,5,623.93
16751,1764.72,1,1764.72
16752,207.5,1,207.5
16753,223.92000000000002,1,223.92000000000002
16754,2002.4,1,2002.4
16755,491.81,3,1475.43
16756,239.4,1,239.4
16757,106.83000000000001,1,106.83000000000001
16758,369.34000000000003,1,369.34000000000003
16759,263.2633333333333,3,789.79
16761,316.62,1,316.62
16762,402.41333333333336,3,1207.24
16763,611.85,1,611.85
16764,214.68846153846155,13,2790.9500000000003
16765,34.0,1,34.0
16766,572.8,2,1145.6
16767,506.86909090909097,11,5575.56
16768,159.36333333333334,3,478.09000000000003
16769,361.54,1,361.54
16770,151.42000000000002,5,757.1000000000001
16771,448.52200000000005,5,2242.61
16773,171.59,1,171.59
16774,165.38,4,661.52
16775,153.77363636363637,11,1691.51
16776,371.54,1,371.54
16777,111.31,2,222.62
16778,122.97,2,245.94
16779,482.35090909090917,22,10611.720000000001
16780,211.12,2,422.24
16781,311.25,1,311.25
16782,174.45769230769233,13,2267.9500000000003
16784,107.6,1,107.6
16788,297.195,2,594.39
16789,80.8,1,80.8
16790,257.60333333333335,6,1545.6200000000001
16791,243.68285714285713,7,1705.78
16792,55.190000000000005,2,110.38000000000001
16793,243.84,1,243.84
16794,119.65,10,1196.5
16795,414.88,1,414.88
16796,305.62,1,305.62
16800,1162.65,1,1162.65
16801,398.5575,4,1594.23
16803,332.3,1,332.3
16804,178.99666666666667,3,536.99
16805,230.295,2,460.59
16806,190.54,4,762.16
16807,373.8633333333333,3,1121.59
16808,144.21,2,288.42
16809,182.93800000000002,5,914.69
16810,309.54,1,309.54
16811,273.535,2,547.07
16812,479.35,1,479.35
16813,165.21800000000002,10,1652.1800000000003
16814,305.5571428571428,21,6416.699999999999
16816,104.265,4,417.06
16817,178.30555555555554,9,1604.75
16818,304.50636363636363,11,3349.5699999999997
16820,497.61,1,497.61
16823,358.38,1,358.38
16824,230.32,2,460.64
16825,387.59000000000003,2,775.1800000000001
16826,341.7,1,341.7
16828,64.25,2,128.5
16829,197.22,1,197.22
16830,325.91,1,325.91
16832,66.38333333333334,3,199.15000000000003
16833,276.6325,4,1106.53
16834,413.46,1,413.46
16835,90.425,2,180.85
16836,125.935,2,251.87
16837,288.2709090909091,11,3170.9799999999996
16838,294.425,2,588.85
16839,488.06911764705876,34,16594.35
16841,311.63666666666666,6,1869.82
16842,421.3966666666667,3,1264.19
16843,637.285625,16,10196.57
16846,214.32,1,214.32
16847,193.44,1,193.44
16848,281.42,1,281.42
16849,124.57,1,124.57
16850,332.41,1,332.41
16851,114.14999999999999,3,342.45
16852,72.45500000000001,2,144.91000000000003
16855,164.2,2,328.4
16856,35.400000000000006,1,35.400000000000006
16858,375.69000000000005,1,375.69000000000005
16859,373.905,2,747.81
16861,86.88,2,173.76
16863,251.4,2,502.8
16866,69.24666666666666,3,207.73999999999995
16869,204.28,4,817.12
16871,468.72333333333336,6,2812.34
16872,226.67333333333332,3,680.02
16873,1187.27,6,7123.62
16875,419.10600000000005,5,2095.53
16877,141.10333333333332,6,846.6199999999999
16878,13.3,1,13.3
16880,213.0614285714286,7,1491.43
16881,432.0,1,432.0
16882,235.04,3,705.12
16883,136.24,2,272.48
16884,214.92000000000002,2,429.84000000000003
16885,150.13666666666668,3,450.4100000000001
16887,192.32999999999998,1,192.32999999999998
16889,526.2233333333334,3,1578.67
16891,148.486,5,742.43
16892,103.638,5,518.19
16893,145.93,1,145.93
16895,202.27,1,202.27
16897,144.89,2,289.78
16898,167.01,3,501.03
16899,211.84333333333333,6,1271.06
16900,295.7033333333333,3,887.1099999999999
16902,1706.88,1,1706.88
16903,363.2,1,363.2
16904,228.359375,16,3653.75
16905,433.9428571428571,7,3037.6
16906,139.8975,4,559.59
16907,185.752,5,928.76
16909,379.14,1,379.14
16910,188.62,8,1508.96
16912,232.32545454545453,11,2555.58
16913,113.44,1,113.44
16914,183.76,1,183.76
16915,103.61333333333334,6,621.6800000000001
16916,281.205,2,562.41
16917,391.52,1,391.52
16918,178.13666666666666,6,1068.82
16919,235.6590909090909,11,2592.25
16921,154.18,1,154.18
16923,372.0568421052632,19,7069.08
16924,276.63,3,829.89
16926,230.25,1,230.25
16927,181.01666666666665,3,543.05
16928,165.5705882352941,17,2814.7
16929,185.0557142857143,7,1295.39
16930,126.29666666666667,3,378.89
16931,216.89857142857142,21,4554.87
16932,150.23000000000002,1,150.23000000000002
16933,281.615,2,563.23
16934,465.515,2,931.03
16936,261.9,1,261.9
16938,677.9200000000001,4,2711.6800000000003
16940,1016.6266666666667,3,3049.88
16942,211.66555555555556,9,1904.99
16943,272.24333333333334,3,816.73
16945,228.71052631578948,19,4345.5
16947,406.48,1,406.48
16948,145.00666666666666,3,435.02
16949,214.37833333333333,6,1286.27
16950,392.8533333333333,3,1178.56
16951,425.9166666666667,3,1277.75
16952,83.805,2,167.61
16953,20.8,1,20.8
16954,231.67555555555555,9,2085.08
16955,129.6675,4,518.67
16956,308.74,1,308.74
16957,208.32,2,416.64
16959,117.35000000000001,1,117.35000000000001
16960,169.01666666666668,3,507.05000000000007
16961,234.17,1,234.17
16963,110.55000000000001,1,110.55000000000001
16965,201.19,1,201.19
16966,307.8528571428571,7,2154.97
16967,319.02,1,319.02
16968,219.715,2,439.43
16969,216.8033333333333,3,650.41
16971,357.21,1,357.21
16976,251.51999999999998,1,251.51999999999998
16978,344.33,1,344.33
16979,308.6666666666667,6,1852.0
16980,514.23,2,1028.46
16982,384.06,1,384.06
16983,272.26714285714286,7,1905.87
16984,2229.76,2,4459.52
16985,546.412,10,5464.120000000001
16986,936.6,2,1873.2
16987,230.97142857142856,7,1616.8
16988,126.12,1,126.12
16989,188.875,6,1133.25
16990,179.0,1,179.0
16992,322.86199999999997,5,1614.31
16996,242.82666666666668,6,1456.96
16997,234.0,3,702.0
16998,73.75,4,295.0
16999,242.41,2,484.82
17001,362.6881818181818,11,3989.57
17002,497.91,3,1493.73
17004,656.0699999999999,2,1312.1399999999999
17006,195.445,4,781.78
17007,148.3216666666667,6,889.9300000000001
17010,195.36,1,195.36
17011,270.9,1,270.9
17014,194.4766666666667,3,583.4300000000001
17015,612.87,3,1838.6100000000001
17017,434.713,20,8694.26
17018,460.05,2,920.1
17019,314.52,4,1258.08
17022,71.0,1,71.0
17024,31.95,3,95.85
17025,119.25666666666666,3,357.77
17026,77.41499999999999,2,154.82999999999998
17027,146.26000000000002,6,877.5600000000002
17029,358.0,2,716.0
17030,146.87,1,146.87
17031,190.175,2,380.35
17033,343.38000000000005,3,1030.14
17034,248.50666666666666,3,745.52
17035,216.76500000000001,2,433.53000000000003
17037,1267.32,1,1267.32
17038,112.4,1,112.4
17040,449.73,1,449.73
17041,357.16333333333336,3,1071.49
17042,207.31599999999997,5,1036.58
17043,433.795,4,1735.18
17044,948.48,1,948.48
17045,113.14666666666666,3,339.44
17046,642.02,1,642.02
17047,366.9666666666667,3,1100.9
17048,308.45,3,925.3499999999999
17049,628.3366666666666,9,5655.029999999999
17050,530.9399999999999,6,3185.6399999999994
17051,240.89000000000001,1,240.89000000000001
17052,399.09,1,399.09
17053,498.48,1,498.48
17054,271.26599999999996,5,1356.33
17058,393.2966666666667,3,1179.89
17059,616.078,5,3080.39
17060,234.24,1,234.24
17061,475.65727272727275,11,5232.2300000000005
17062,133.3325,4,533.33
17063,208.73428571428573,7,1461.14
17064,285.15000000000003,3,855.45
17068,216.76857142857145,21,4552.14
17069,301.0777777777778,9,2709.7
17070,304.24,1,304.24
17071,269.89222222222224,9,2429.03
17073,361.5225,4,1446.09
17075,208.53,4,834.12
17076,280.35999999999996,3,841.0799999999999
17078,189.1,2,378.2
17079,118.80000000000001,1,118.80000000000001
17080,143.81,2,287.62
17081,144.455,2,288.91
17082,1001.925,2,2003.85
17083,468.5933333333333,3,1405.78
17084,1373.9950000000001,2,2747.9900000000002
17085,312.48,5,1562.4
17086,341.68,6,2050.08
17088,497.7525,4,1991.01
17090,282.09285714285716,7,1974.65
17091,425.3066666666667,9,3827.76
17092,443.5075,4,1774.03
17094,302.0,1,302.0
17095,441.3866666666667,3,1324.16
17096,255.5325,4,1022.13
17097,119.3025,8,954.42
17100,485.87,2,971.74
17101,405.4325,4,1621.73
17102,25.5,1,25.5
17105,332.89,2,665.78
17107,1799.58,6,10797.48
17109,146.88166666666666,6,881.29
17110,163.29999999999998,1,163.29999999999998
17111,231.61,1,231.61
17114,100.14,8,801.12
17115,279.1666666666667,3,837.5
17117,116.19999999999999,1,116.19999999999999
17118,157.02,1,157.02
17119,303.455,2,606.91
17120,307.46,1,307.46
17122,138.32,1,138.32
17123,345.29999999999995,1,345.29999999999995
17124,294.24,1,294.24
17125,230.5,1,230.5
17126,197.89000000000001,5,989.45
17128,157.09,1,157.09
17131,492.634,5,2463.17
17133,698.8914285714287,7,4892.240000000001
17134,206.6,2,413.2
17135,162.81857142857143,7,1139.73
17138,380.5,1,380.5
17139,887.5641666666667,12,10650.77
17140,454.12,1,454.12
17142,579.0,1,579.0
17144,492.285,2,984.57
17146,249.92666666666665,3,749.78
17147,428.6475,4,1714.59
17148,124.88,1,124.88
17152,563.1666666666666,3,1689.5
17153,213.78,1,213.78
17154,329.34,1,329.34
17155,125.85000000000001,2,251.70000000000002
17157,159.5,2,319.0
17158,422.3233333333333,3,1266.97
17159,512.96,3,1538.88
17160,586.3383333333334,6,3518.03
17162,171.546,10,1715.46
17163,146.55,2,293.1
17164,352.4785714285714,7,2467.35
17165,158.68,1,158.68
17166,103.17,2,206.34
17169,417.89,2,835.78
17171,224.91,1,224.91
17172,317.76,1,317.76
17173,470.825,8,3766.6
17174,59.9,1,59.9
17175,360.9225,4,1443.69
17176,306.13,1,306.13
17179,237.26333333333332,3,711.79
17180,195.9925,4,783.97
17181,119.96000000000001,2,239.92000000000002
17183,557.885,6,3347.31
17186,72.0,2,144.0
17187,203.95,1,203.95
17188,353.4614285714286,7,2474.23
17189,191.875,2,383.75
17190,222.37,2,444.74
17191,299.09714285714284,7,2093.68
17193,242.7571428571429,7,1699.3000000000002
17194,131.31,2,262.62
17197,1013.01,1,1013.01
17198,230.74,3,692.22
17201,289.78,1,289.78
17203,593.3466666666667,6,3560.08
17204,391.14,4,1564.56
17205,384.08,1,384.08
17206,204.24,1,204.24
17211,289.65250000000003,8,2317.2200000000003
17212,226.85,1,226.85
17213,397.31857142857143,7,2781.23
17214,176.52,6,1059.1200000000001
17217,113.5,1,113.5
17218,195.197,10,1951.97
17219,114.23,1,114.23
17220,227.68214285714288,14,3187.55
17221,167.24,2,334.48
17222,328.65,1,328.65
17223,208.445,2,416.89
17226,393.49,1,393.49
17227,156.55333333333334,6,939.32
17228,238.26125,8,1906.09
17229,159.38,2,318.76
17230,454.80125,8,3638.41
17231,312.472,10,3124.72
17232,208.885,2,417.77
17233,190.88,1,190.88
17234,149.89000000000001,1,149.89000000000001
17235,275.03,2,550.06
17236,152.68833333333333,6,916.13
17237,157.345,2,314.69
17238,218.7705882352941,17,3719.0999999999995
17239,382.5,1,382.5
17242,567.52,2,1135.04
17243,328.4634615384615,26,8540.05
17244,954.9,1,954.9
17245,171.45,1,171.45
17247,280.09000000000003,1,280.09000000000003
17248,318.65,1,318.65
17250,190.985,2,381.97
17251,269.83,1,269.83
17252,174.455,2,348.91
17253,178.26,1,178.26
17254,135.595,2,271.19
17255,145.74,2,291.48
17256,120.0,2,240.0
17259,290.615,2,581.23
17262,250.67200000000003,5,1253.3600000000001
17263,63.440000000000005,1,63.440000000000005
17265,275.005,2,550.01
17266,98.86,3,296.58
17267,158.6,2,317.2
17268,190.91,4,763.64
17272,537.1575,4,2148.63
17274,107.82,1,107.82
17277,532.6750000000001,2,1065.3500000000001
17278,246.04,1,246.04
17279,187.82999999999998,1,187.82999999999998
17282,561.82,3,1685.46
17284,274.58,6,1647.48
17286,151.37,1,151.37
17287,149.8657142857143,7,1049.06
17288,202.51857142857145,7,1417.63
17289,310.34,3,931.02
17290,256.505,2,513.01
17291,550.8000000000001,1,550.8000000000001
17293,206.00666666666666,9,1854.06
17295,182.33333333333334,3,547.0
17297,128.18,1,128.18
17298,249.21,2,498.42
17299,164.1525,4,656.61
17301,163.24,1,163.24
17302,227.12600000000003,5,1135.63
17303,250.04,1,250.04
17306,454.2794736842105,19,8631.31
17309,82.75,1,82.75
17311,692.425,2,1384.85
17312,214.76666666666665,3,644.3
17313,2328.84,1,2328.84
17314,315.99,8,2527.92
17315,165.29552631578946,38,6281.23
17317,866.7800000000001,3,2600.34
17320,400.2066666666667,3,1200.6200000000001
17321,328.58,2,657.16
17323,129.50285714285715,7,906.5200000000001
17324,246.62,4,986.48
17325,96.8,1,96.8
17329,261.555,2,523.11
17330,181.95,2,363.9
17331,175.2,1,175.2
17333,494.25,1,494.25
17334,153.51,2,307.02
17337,495.265,4,1981.06
17338,811.6925,8,6493.54
17339,121.68,2,243.36
17340,1123.0263636363636,11,12353.289999999999
17341,227.42999999999998,3,682.29
17343,193.64,1,193.64
17344,157.62,1,157.62
17345,129.92249999999999,4,519.6899999999999
17346,174.85866666666666,15,2622.88
17347,228.96,1,228.96
17348,231.32,5,1156.6
17349,98.25,1,98.25
17350,320.33,4,1281.32
17351,195.71666666666667,3,587.15
17353,870.0,2,1740.0
17354,1393.06,1,1393.06
17356,178.22,1,178.22
17357,192.195,2,384.39
17358,180.405,2,360.81
17359,127.86,1,127.86
17360,189.41333333333333,3,568.24
17361,162.73333333333332,3,488.19999999999993
17362,156.115,2,312.23
17364,405.69818181818187,11,4462.68
17365,595.92,8,4767.36
17367,167.55,1,167.55
17368,234.85875,8,1878.87
17370,111.545,4,446.18
17371,139.46666666666667,3,418.4
17372,167.1475,8,1337.18
17373,161.73,4,646.92
17374,247.885,2,495.77
17375,133.36666666666667,3,400.1
17376,101.6,2,203.2
17377,202.916,20,4058.3199999999997
17379,389.71999999999997,1,389.71999999999997
17381,699.1589655172414,29,20275.61
17382,65.4,1,65.4
17383,193.39000000000001,1,193.39000000000001
17384,168.2,2,336.4
17385,256.11,1,256.11
17386,447.7366666666667,6,2686.42
17387,373.405,2,746.81
17388,314.89,4,1259.56
17389,936.2847058823529,34,31833.68
17391,254.4,2,508.8
17392,208.635,2,417.27
17394,203.86999999999998,1,203.86999999999998
17396,916.35,8,7330.8
17397,340.705,2,681.41
17398,217.79333333333332,3,653.38
17400,419.56800000000004,5,2097.84
17402,202.60384615384615,13,2633.85
17403,263.92,1,263.92
17404,2127.1213333333335,15,31906.820000000003
17405,343.80333333333334,3,1031.41
17406,728.14,3,2184.42
17408,32.65,1,32.65
17409,385.925,2,771.85
17410,242.94400000000002,5,1214.72
17411,259.6466666666667,3,778.94
17412,179.72285714285712,7,1258.06
17414,389.0,2,778.0
17415,507.84,1,507.84
17416,984.7742857142857,7,6893.42
17418,231.73000000000002,2,463.46000000000004
17419,352.21416666666664,12,4226.57
17420,199.61,3,598.83
17422,329.895,6,1979.37
17423,349.205,2,698.41
17425,379.585,2,759.17
17426,839.5433333333334,6,5037.26
17427,100.8,1,100.8
17428,616.3160714285714,28,17256.85
17429,174.97333333333336,3,524.9200000000001
17430,132.88,2,265.76
17431,403.3,1,403.3
17432,182.88,2,365.76
17433,303.15999999999997,1,303.15999999999997
17434,339.1171428571429,7,2373.82
17436,108.14999999999999,2,216.29999999999998
17438,388.45000000000005,1,388.45000000000005
17440,62.14000000000001,3,186.42000000000002
17442,374.76,6,2248.56
17443,534.24,1,534.24
17444,980.0133333333333,3,2940.04
17446,60.45,2,120.9
17447,270.765,2,541.53
17449,359.88714285714286,7,2519.21
17450,4225.886739130435,46,194390.79
17451,245.91428571428574,7,1721.4
17453,243.35999999999999,2,486.71999999999997
17454,129.3825,4,517.53
17455,131.7,1,131.7
17456,249.86,1,249.86
17457,347.54,5,1737.7
17458,316.5,1,316.5
17459,328.65,2,657.3
17460,103.73833333333334,6,622.4300000000001
17461,245.27333333333334,3,735.82
17462,337.845,2,675.69
17463,375.17199999999997,5,1875.86
17464,289.96000000000004,1,289.96000000000004
17466,381.64,2,763.28
17468,68.5,2,137.0
17469,374.194,5,1870.97
17470,225.01399999999998,5,1125.07
17472,232.51333333333332,3,697.54
17475,194.37,1,194.37
17480,511.82,1,511.82
17481,313.8975,4,1255.59
17483,138.01333333333335,3,414.0400000000001
17486,396.87,1,396.87
17489,188.32,2,376.64
17490,298.90285714285716,7,2092.32
17491,355.887,10,3558.87
17492,374.57,1,374.57
17495,248.78,2,497.56
17496,271.05,1,271.05
17498,272.22,1,272.22
17499,622.88,1,622.88
17500,379.3333333333333,3,1138.0
17501,144.3,2,288.6
17502,172.275,4,689.1
17503,279.48,2,558.96
17504,333.00333333333333,9,2997.0299999999997
17505,572.92,2,1145.84
17506,302.2,1,302.2
17507,302.79,2,605.58
17508,387.31,1,387.31
17509,760.455,8,6083.64
17510,308.48,1,308.48
17511,2937.496129032258,31,91062.38
17512,292.499,10,2924.9900000000002
17513,513.2,1,513.2
17514,208.65,1,208.65
17515,159.755,4,639.02
17516,152.976,5,764.88
17517,153.94,1,153.94
17519,307.33666666666664,6,1844.02
17520,546.81,1,546.81
17521,241.06999999999996,3,723.2099999999999
17522,214.142,5,1070.71
17523,163.185,4,652.74
17524,145.0,1,145.0
17525,422.70000000000005,1,422.70000000000005
17526,298.97499999999997,4,1195.8999999999999
17527,234.8425,4,939.37
17528,453.5625,8,3628.5
17530,236.712,10,2367.12
17531,296.7,1,296.7
17534,223.36,1,223.36
17535,164.4,1,164.4
17536,76.5,1,76.5
17537,443.835,2,887.67
17538,98.42,1,98.42
17540,289.45,2,578.9
17542,170.75,1,170.75
17545,214.10666666666668,3,642.32
17548,103.3,1,103.3
17549,74.43,2,148.86
17550,89.05333333333334,3,267.16
17551,290.34,1,290.34
17552,232.6025,4,930.41
17553,1487.6,1,1487.6
17554,390.49,5,1952.45
17555,240.155,2,480.31
17556,157.9,1,157.9
17557,180.48666666666668,3,541.46
17560,213.7375,4,854.95
17561,165.12,1,165.12
17562,160.34,7,1122.38
17564,151.33666666666667,3,454.01
17566,434.885,2,869.77
17567,541.435,8,4331.48
17569,344.14,1,344.14
17571,356.4175,4,1425.67
17572,56.68750000000001,4,226.75000000000003
17573,126.86666666666667,3,380.6
17574,185.65,1,185.65
17576,187.62263157894736,19,3564.83
17578,143.45999999999998,1,143.45999999999998
17579,149.63333333333335,3,448.9000000000001
17580,71.90666666666667,3,215.72
17581,441.0096,25,11025.24
17582,175.27,1,175.27
17584,621.15,2,1242.3
17585,279.17,4,1116.68
17588,413.40000000000003,3,1240.2
17589,601.0425,4,2404.17
17590,489.34,3,1468.02
17591,314.81,7,2203.67
17593,784.772,5,3923.86
17594,496.59,2,993.18
17595,193.345,2,386.69
17596,400.9557142857143,7,2806.69
17597,2044.3700000000001,1,2044.3700000000001
17600,161.67000000000002,1,161.67000000000002
17601,116.00999999999999,1,116.00999999999999
17602,842.4033333333333,6,5054.42
17603,394.72,1,394.72
17604,154.68,2,309.36
17608,95.995,2,191.99
17609,221.156,5,1105.78
17611,264.07466666666664,15,3961.12
17612,341.4083333333333,6,2048.45
17613,324.6107142857143,14,4544.55
17614,386.32,1,386.32
17615,109.86666666666667,3,329.6
17616,190.39999999999998,3,571.1999999999999
17618,310.0933333333333,3,930.28
17619,214.37,1,214.37
17620,81.44,1,81.44
17621,459.9666666666667,3,1379.9
17623,527.0500000000001,1,527.0500000000001
17624,421.74,2,843.48
17625,505.1,4,2020.4
17628,75.75,1,75.75
17629,226.765,8,1814.12
17630,251.79999999999998,2,503.59999999999997
17631,176.11,3,528.33
17633,331.21,4,1324.84
17634,262.0655555555556,9,2358.59
17636,285.56,1,285.56
17637,273.53000000000003,2,547.0600000000001
17639,108.5,1,108.5
17640,621.66,1,621.66
17642,356.145,2,712.29
17643,101.55,1,101.55
17644,263.24,11,2895.6400000000003
17646,336.13,3,1008.39
17647,133.06,1,133.06
17648,449.375,4,1797.5
17649,868.49,1,868.49
17650,166.08,1,166.08
17651,394.5,10,3945.0
17652,405.6433333333334,12,4867.72
17653,301.89,4,1207.56
17654,117.55,1,117.55
17655,376.99142857142857,7,2638.94
17656,334.938,5,1674.69
17658,297.71,2,595.42
17659,249.955,12,2999.46
17660,178.75,1,178.75
17663,257.55857142857144,7,1802.91
17664,302.32,2,604.64
17666,364.08,2,728.16
17667,411.10200000000003,5,2055.51
17668,173.875,2,347.75
17669,486.67428571428576,7,3406.7200000000003
17670,205.7,1,205.7
17671,393.1775,4,1572.71
17672,1589.085,2,3178.17
17673,265.8283333333333,6,1594.9699999999998
17674,275.52,2,551.04
17675,657.2348387096774,31,20374.28
17676,228.53,6,1371.18
17677,544.846,30,16345.380000000001
17678,298.11,1,298.11
17679,996.0550000000001,2,1992.1100000000001
17680,184.4,1,184.4
17682,412.3883333333333,6,2474.33
17684,239.41,1,239.41
17685,450.8328571428571,7,3155.83
17686,819.9228571428572,7,5739.46
17690,315.12,15,4726.8
17691,145.20000000000002,2,290.40000000000003
17692,185.23499999999999,4,740.9399999999999
17693,200.47,1,200.47
17694,283.12,1,283.12
17695,382.67,2,765.34
17696,285.71375,8,2285.71
17697,338.95,1,338.95
17698,154.95,1,154.95
17700,633.66,4,2534.64
17701,417.95,1,417.95
17702,456.0925,4,1824.37
17703,266.24666666666667,3,798.74
17704,442.595,2,885.19
17705,202.61333333333334,9,1823.52
17706,617.9111764705882,17,10504.49
17707,76.2,2,152.4
17708,131.665,2,263.33
17709,137.45,1,137.45
17711,192.55,2,385.1
17712,522.91,1,522.91
17714,153.0,1,153.0
17715,326.4,1,326.4
17716,514.180909090909,11,5655.99
17718,139.35,1,139.35
17719,359.736,15,5396.04
17720,298.985,4,1195.94
17722,606.01,4,2424.04
17723,546.0666666666667,6,3276.4000000000005
17724,344.3333333333333,3,1033.0
17725,312.64363636363635,11,3439.08
17727,1060.25,1,1060.25
17728,958.6700000000001,3,2876.01
17730,407.5753846153847,13,5298.4800000000005
17731,310.0275,4,1240.11
17732,303.97,1,303.97
17733,346.095,2,692.19
17734,233.54333333333332,3,700.63
17735,690.001052631579,19,13110.02
17736,125.81333333333333,3,377.44
17737,84.12,2,168.24
17738,469.7625,4,1879.05
17739,398.7642857142857,7,2791.35
17742,177.555,2,355.11
17744,387.06666666666666,6,2322.4
17746,110.25,1,110.25
17747,71.4,1,71.4
17749,337.26,2,674.52
17750,190.05,9,1710.45
17752,80.64,1,80.64
17754,332.93,5,1664.65
17757,186.44633333333334,30,5593.39
17758,426.02500000000003,8,3408.2000000000003
17759,273.32,3,819.96
17760,143.795,2,287.59
17761,712.78,1,712.78
17763,15.0,1,15.0
17764,386.275,2,772.55
17765,122.54333333333334,3,367.63
17767,271.2,1,271.2
17768,693.9666666666667,3,2081.9
17769,395.743,10,3957.43
17770,228.654,5,1143.27
17771,122.905,2,245.81
17772,86.725,2,173.45
17774,303.4325,4,1213.73
17775,56.4,1,56.4
17777,215.85333333333332,3,647.56
17779,216.77333333333334,3,650.32
17781,94.01,2,188.02
17783,141.735,2,283.47
17785,131.94,1,131.94
17786,133.425,2,266.85
17787,454.385,4,1817.54
17788,558.95,2,1117.9
17789,225.9,1,225.9
17790,140.30714285714285,14,1964.3
17791,106.1,1,106.1
17793,300.34,1,300.34
17795,171.415,2,342.83
17796,172.5,4,690.0
17797,260.1433333333333,3,780.43
17799,303.91700000000003,10,3039.17
17800,131.91222222222223,9,1187.21
17802,428.34666666666664,3,1285.04
17805,512.31,1,512.31
17806,546.04,1,546.04
17809,450.9925,12,5411.91
17811,199.02102564102563,39,7761.82
17812,174.9525,4,699.81
17813,339.614,5,1698.07
17816,9.14,4,36.56
17817,129.22666666666666,3,387.67999999999995
17819,529.2671428571429,7,3704.87
17824,298.4,1,298.4
17827,397.466,5,1987.33
17828,455.0225,4,1820.09
17829,889.24,1,889.24
17830,132.9,3,398.70000000000005
17831,35.400000000000006,1,35.400000000000006
17832,155.37,1,155.37
17835,114.08,3,342.24
17836,110.21000000000001,1,110.21000000000001
17837,192.65375,8,1541.23
17838,544.1600000000001,5,2720.8
17839,318.15,1,318.15
17841,326.77290322580643,124,40519.84
17843,205.48,1,205.48
17844,51.559999999999995,1,51.559999999999995
17846,2033.1,1,2033.1
17848,100.13333333333333,9,901.1999999999999
17849,151.45000000000002,4,605.8000000000001
17850,158.565,34,5391.21
17852,57.17,2,114.34
17854,155.63,2,311.26
17855,208.97,1,208.97
17856,354.5075,4,1418.03
17857,1168.6539130434783,23,26879.04
17858,428.3883333333333,12,5140.66
17859,141.92000000000002,1,141.92000000000002
17860,226.45000000000002,1,226.45000000000002
17861,262.235,8,2097.88
17862,330.9,1,330.9
17863,526.6666666666666,6,3160.0
17864,184.95000000000002,3,554.85
17865,526.316,20,10526.32
17866,329.65,1,329.65
17867,192.97833333333335,6,1157.8700000000001
17869,85.636,5,428.17999999999995
17870,155.49083333333334,12,1865.89
17871,155.9,1,155.9
17873,369.79200000000003,5,1848.96
17874,113.91000000000001,6,683.46
17877,237.61,1,237.61
17878,379.45,1,379.45
17879,178.51999999999998,1,178.51999999999998
17880,458.92,1,458.92
17881,133.35000000000002,1,133.35000000000002
17883,166.085,4,664.34
17884,173.76749999999998,4,695.0699999999999
17885,156.34,1,156.34
17886,289.76,3,869.28
17887,111.35,1,111.35
17888,89.5,8,716.0
17889,100.685,2,201.37
17890,293.445,2,586.89
17891,203.85999999999999,1,203.85999999999999
17892,81.36666666666666,3,244.09999999999997
17893,107.21,1,107.21
17894,139.87,8,1118.96
17895,95.45,1,95.45
17896,256.32,1,256.32
17897,180.60333333333335,3,541.8100000000001
17898,76.03,2,152.06
17899,154.55,1,154.55
17900,56.099999999999994,2,112.19999999999999
17901,110.38,1,110.38
17904,181.07,1,181.07
17905,199.7475,4,798.99
17906,72.9,1,72.9
17908,232.03,1,232.03
17911,366.23,1,366.23
17912,62.012,5,310.06
17913,204.325,2,408.65
17914,329.36,1,329.36
17917,111.67666666666666,3,335.03
17919,1304.04,1,1304.04
17920,242.3235294117647,17,4119.5
17921,205.0575,4,820.23
17923,207.50000000000003,1,207.50000000000003
17924,423.2142857142857,7,2962.5
17925,244.08,1,244.08
17926,198.645,2,397.29
17928,106.27,2,212.54
17929,210.75,4,843.0
17930,348.096,5,1740.48
17931,204.18,2,408.36
17932,443.8566666666666,3,1331.57
17934,352.125,2,704.25
17935,72.895,2,145.79
17936,380.13,1,380.13
17937,614.46,7,4301.22
17939,99.14,1,99.14
17940,402.004,10,4020.04
17941,304.56,1,304.56
17942,77.50000000000001,1,77.50000000000001
17946,74.78999999999999,2,149.57999999999998
17947,176.68,1,176.68
17948,358.56000000000006,1,358.56000000000006
17949,1300.232888888889,45,58510.48
17950,160.73333333333332,3,482.19999999999993
17951,336.18,3,1008.54
17954,192.84416666666667,12,2314.13
17955,139.325,4,557.3
17956,12.75,1,12.75
17957,111.68,1,111.68
17958,508.4599999999999,1,508.4599999999999
17960,73.78,1,73.78
17961,33.242051282051285,39,1296.44
17962,102.41,1,102.41
17964,231.605,2,463.21
17965,185.65642857142856,14,2599.19
17966,219.686,5,1098.43
17967,112.27,1,112.27
17968,265.1,1,265.1
17969,114.1,2,228.2
17970,562.79,1,562.79
17972,135.19,1,135.19
17973,337.04,1,337.04
17974,234.66333333333333,3,703.99
17975,344.86615384615385,13,4483.26
17976,321.79,1,321.79
17977,288.14,1,288.14
17978,300.91999999999996,1,300.91999999999996
17979,183.1025,4,732.41
17980,270.48333333333335,3,811.45
17984,152.68,1,152.68
17985,631.35,1,631.35
17986,20.8,1,20.8
17987,198.57,1,198.57
17988,28.731428571428573,7,201.12
17990,210.28,3,630.84
17991,46.675,2,93.35
17994,168.7225,4,674.89
17995,76.1,1,76.1
17997,245.3075,8,1962.46
17999,190.195,2,380.39
18001,207.565,2,415.13
18004,157.92,1,157.92
18005,113.235,2,226.47
18006,444.68,1,444.68
18008,235.13222222222223,9,2116.19
18009,247.39,1,247.39
18010,174.8,1,174.8
18011,102.78999999999999,1,102.78999999999999
18013,93.645,2,187.29
18014,162.22,1,162.22
18015,120.03,1,120.03
18016,295.53200000000004,5,1477.6600000000003
18017,174.33333333333334,3,523.0
18018,61.07,2,122.14
18019,38.45,1,38.45
18022,612.72,1,612.72
18024,194.89,2,389.78
18027,115.31,1,115.31
18030,115.32499999999999,2,230.64999999999998
18032,73.5,1,73.5
18033,93.82000000000001,1,93.82000000000001
18034,209.34,2,418.68
18035,237.96333333333334,3,713.89
18036,134.37333333333333,3,403.12
18037,11.67,6,70.02
18040,178.60000000000002,2,357.20000000000005
18041,195.11285714285714,21,4097.37
18042,165.04999999999998,1,165.04999999999998
18043,176.42999999999998,3,529.29
18044,208.85999999999999,10,2088.6
18045,178.34,1,178.34
18048,86.14500000000001,2,172.29000000000002
18050,74.4,1,74.4
18053,300.02,1,300.02
18055,676.134,10,6761.34
18056,363.65,1,363.65
18058,170.16,1,170.16
18059,102.15333333333332,3,306.46
18061,211.94099999999997,10,2119.41
18062,240.17333333333332,3,720.52
18064,407.0,2,814.0
18065,170.91642857142855,14,2392.83
18066,318.0,1,318.0
18067,396.33,1,396.33
18068,101.69999999999999,1,101.69999999999999
18069,401.848,5,2009.24
18071,226.5,2,453.0
18072,247.44,1,247.44
18073,321.6516666666667,12,3859.8200000000006
18074,489.6,1,489.6
18075,261.175,10,2611.75
18077,234.94636363636363,11,2584.41
18078,168.065,2,336.13
18079,903.2875,4,3613.15
18080,615.75,2,1231.5
18081,114.48333333333333,3,343.45
18082,680.84,1,680.84
18084,90.47999999999999,1,90.47999999999999
18085,344.975,2,689.95
18086,101.34,1,101.34
18087,2027.8599999999997,2,4055.7199999999993
18088,166.03,1,166.03
18092,824.3872727272727,11,9068.26
18093,526.63,4,2106.52
18094,431.04285714285714,7,3017.3
18095,290.02500000000003,2,580.0500000000001
18096,283.02,3,849.06
18097,443.73333333333335,6,2662.4
18099,168.31,1,168.31
18101,111.2,2,222.4
18102,4327.621666666667,60,259657.30000000002
18104,754.64,1,754.64
18105,113.48000000000002,1,113.48000000000002
18106,421.9,1,421.9
18108,271.0,1,271.0
18109,307.88153846153847,26,8004.92
18110,198.8,1,198.8
18112,176.345,2,352.69
18113,76.32000000000001,1,76.32000000000001
18114,220.1,1,220.1
18116,175.38875000000002,8,1403.1100000000001
18117,315.65,1,315.65
18118,216.34923076923076,26,5625.08
18119,180.7,1,180.7
18120,111.15,1,111.15
18121,326.65,2,653.3
18122,298.8433333333333,6,1793.06
18123,287.21999999999997,2,574.4399999999999
18125,282.9375,4,1131.75
18126,200.92000000000002,1,200.92000000000002
18127,115.69333333333333,3,347.08
18129,112.55000000000001,1,112.55000000000001
18130,353.13000000000005,3,1059.39
18133,931.4999999999999,1,931.4999999999999
18135,136.382,5,681.9100000000001
18136,261.4433333333333,3,784.3299999999999
18138,152.65,1,152.65
18139,1406.39,6,8438.34
18142,509.76,2,1019.52
18143,500.08,2,1000.16
18144,240.72916666666666,12,2888.75
18145,715.3875,4,2861.55
18146,80.17500000000001,2,160.35000000000002
18147,89.66999999999999,2,179.33999999999997
18149,204.02666666666664,3,612.0799999999999
18150,188.86,3,566.58
18151,326.675,2,653.35
18154,199.595,2,399.19
18155,123.87333333333333,3,371.62
18156,337.82,2,675.64
18158,226.7,2,453.4
18159,530.15,1,530.15
18160,319.03000000000003,2,638.0600000000001
18161,323.738,5,1618.69
18164,399.65000000000003,1,399.65000000000003
18165,302.46000000000004,1,302.46000000000004
18167,461.62000000000006,3,1384.8600000000001
18168,193.34,6,1160.04
18169,202.65,1,202.65
18170,326.77,3,980.31
18171,246.262,5,1231.31
18172,378.084,20,7561.68
18173,526.71,4,2106.84
18174,104.0,1,104.0
18176,476.35,1,476.35
18177,223.47833333333335,6,1340.8700000000001
18178,397.7025,4,1590.81
18179,298.8616666666667,6,1793.17
18180,307.2916666666667,6,1843.75
18181,366.85,1,366.85
18183,316.035,2,632.07
18184,49.8,1,49.8
18185,304.25,1,304.25
18188,667.0133333333333,3,2001.04
18189,545.12,2,1090.24
18190,142.23000000000002,2,284.46000000000004
18191,207.79999999999998,1,207.79999999999998
18192,957.97,1,957.97
18193,243.76,1,243.76
18194,973.8399999999999,1,973.8399999999999
18196,343.315,2,686.63
18198,319.15058823529415,17,5425.56
18200,150.35,1,150.35
18202,465.66333333333336,3,1396.99
18203,160.42000000000002,1,160.42000000000002
18204,658.4499999999999,3,1975.35
18205,258.68,2,517.36
18209,139.10000000000002,1,139.10000000000002
18210,436.8966666666667,6,2621.38
18211,120.01400000000001,5,600.07
18212,216.07,1,216.07
18213,232.48000000000002,1,232.48000000000002
18215,299.34000000000003,1,299.34000000000003
18216,481.75,1,481.75
18217,310.875,2,621.75
18218,320.96,2,641.92
18219,206.977,10,2069.77
18220,305.28000000000003,1,305.28000000000003
18221,208.32199999999997,5,1041.61
18222,443.0,1,443.0
18223,463.18142857142857,14,6484.54
18224,158.95000000000002,1,158.95000000000002
18225,458.74666666666667,12,5504.96
18226,475.27727272727276,11,5228.05
18227,93.75,1,93.75
18228,389.95,2,779.9
18229,363.845,20,7276.900000000001
18230,401.4571428571429,7,2810.2000000000003
18231,414.354,5,2071.77
18232,148.2425,4,592.97
18233,440.0,1,440.0
18235,598.8266666666667,3,1796.48
18236,147.04,6,882.24
18237,197.42000000000002,5,987.1000000000001
18239,312.322,5,1561.6100000000001
18240,422.58,1,422.58
18241,121.9464705882353,17,2073.09
18242,558.1225000000001,4,2232.4900000000002
18245,366.72285714285715,7,2567.06
18246,298.05,2,596.1
18248,402.01,2,804.02
18249,95.34,1,95.34
18250,349.27,1,349.27
18251,4314.72,1,4314.72
18252,259.135,2,518.27
18255,103.3,1,103.3
18257,292.20375,8,2337.63
18259,779.5333333333334,3,2338.6000000000004
18260,438.05833333333334,6,2628.35
18261,162.12,2,324.24
18262,149.48,1,149.48
18263,404.3866666666666,3,1213.1599999999999
18265,400.755,2,801.51
18268,25.5,1,25.5
18269,168.6,1,168.6
18270,141.575,2,283.15
18272,513.0966666666667,6,3078.58
18273,68.0,3,204.0
18274,175.92,1,175.92
18276,335.86,1,335.86
18277,110.38,1,110.38
18278,173.9,1,173.9
18280,180.60000000000002,1,180.60000000000002
18281,80.82,1,80.82
18282,89.025,2,178.05
18283,127.845625,16,2045.53
18287,612.4266666666666,3,1837.2799999999997
